2025-08-28T19:42:47.518454+0800 - INFO - VNC键盘弹起：right
2025-08-28T19:42:47.570250+0800 - INFO - VNC键盘按下：right
2025-08-28T19:42:47.621815+0800 - INFO - VNC键盘按下：up
2025-08-28T19:42:47.662303+0800 - INFO - VNC键盘弹起：up
2025-08-28T19:42:47.673402+0800 - INFO - VNC键盘弹起：right
2025-08-28T19:42:47.673402+0800 - INFO - VNC键盘点击：right
2025-08-28T19:42:47.744601+0800 - INFO - 结束向怪物移动
2025-08-28T19:42:47.744601+0800 - INFO - 当前怪物是Boss,释放打Boss的技能
2025-08-28T19:42:47.745429+0800 - INFO - 检查Boss技能: ctrl
2025-08-28T19:42:47.746261+0800 - INFO - 特殊技能 ctrl 可用 (职业: 女鬼剑士-契魔者)
2025-08-28T19:42:47.747321+0800 - INFO - 使用技能：ctrl
2025-08-28T19:42:47.747829+0800 - INFO - VNC键盘点击：ctrl
2025-08-28T19:42:47.910348+0800 - INFO - VNC截图
2025-08-28T19:42:47.954878+0800 - INFO - 检查技能位置：v
2025-08-28T19:42:48.156745+0800 - INFO - VNC截图
2025-08-28T19:42:48.244292+0800 - INFO - 打怪中···
2025-08-28T19:42:48.245967+0800 - INFO - 进入 get_yolo_res
2025-08-28T19:42:48.285640+0800 - INFO - 成功发送 消息头长度
2025-08-28T19:42:48.286472+0800 - INFO - 成功发送 消息头内容
2025-08-28T19:42:48.287301+0800 - INFO - 成功发送 图片数据(195356字节)
2025-08-28T19:42:48.346597+0800 - INFO - data:['boss_sy', 517.0947875976562, 190.7133331298828, 671.0704345703125, 335.5563049316406, 0.960753321647644]
2025-08-28T19:42:48.346597+0800 - INFO - ['boss_sy', 517.0947875976562, 190.7133331298828, 671.0704345703125, 335.5563049316406, 0.960753321647644]
2025-08-28T19:42:48.346597+0800 - INFO - yolo处理 最少房间要求为：2
2025-08-28T19:42:48.347428+0800 - INFO - 0的数量:
2025-08-28T19:42:48.347428+0800 - INFO - 当前过门次数self.to_door_count：3
2025-08-28T19:42:48.348257+0800 - INFO - data:['player', 413.6236572265625, 273.6175842285156, 504.0455017089844, 298.23992919921875, 0.9301645159721375]
2025-08-28T19:42:48.348257+0800 - INFO - 退出 get_yolo_res
2025-08-28T19:42:48.349260+0800 - INFO - 进入 ocr
2025-08-28T19:42:48.350123+0800 - INFO - 成功发送 消息头长度
2025-08-28T19:42:48.350123+0800 - INFO - 成功发送 消息头内容
2025-08-28T19:42:48.350123+0800 - INFO - 成功发送 图片数据(944字节)
2025-08-28T19:42:48.383075+0800 - INFO - ocr 已获取识别数据: 100%
2025-08-28T19:42:48.383075+0800 - INFO - 退出 ocr
2025-08-28T19:42:48.383075+0800 - INFO - 当前血量为：100.0
2025-08-28T19:42:48.383953+0800 - INFO - 开始向怪物移动
2025-08-28T19:42:48.383953+0800 - INFO - 目标方向： left 记录方向：right
2025-08-28T19:42:48.384784+0800 - INFO - VNC键盘弹起所有键
2025-08-28T19:42:48.418276+0800 - INFO - VNC截图
2025-08-28T19:42:48.436768+0800 - INFO - VNC键盘按下：left
2025-08-28T19:42:48.594940+0800 - INFO - VNC键盘弹起：left
2025-08-28T19:42:48.647618+0800 - INFO - VNC键盘按下：left
2025-08-28T19:42:48.699828+0800 - INFO - VNC键盘按下：up
2025-08-28T19:42:48.714711+0800 - INFO - VNC键盘弹起：up
2025-08-28T19:42:48.766587+0800 - INFO - VNC键盘弹起：left
2025-08-28T19:42:48.767405+0800 - INFO - VNC键盘点击：right
2025-08-28T19:42:48.846740+0800 - INFO - 结束向怪物移动
2025-08-28T19:42:48.847568+0800 - INFO - 当前怪物是Boss,释放打Boss的技能
2025-08-28T19:42:48.847568+0800 - INFO - 检查Boss技能: ctrl
2025-08-28T19:42:48.848400+0800 - INFO - 检查Boss技能: q
2025-08-28T19:42:48.849230+0800 - INFO - 找到可用技能: q
2025-08-28T19:42:48.849230+0800 - INFO - 使用技能：q
2025-08-28T19:42:48.850737+0800 - INFO - VNC键盘点击：q
2025-08-28T19:42:49.009274+0800 - INFO - VNC截图
2025-08-28T19:42:49.052349+0800 - INFO - 检查技能位置：v
2025-08-28T19:42:49.254195+0800 - INFO - VNC截图
2025-08-28T19:42:49.549614+0800 - INFO - VNC截图
2025-08-28T19:42:49.554178+0800 - INFO - 打怪中···
2025-08-28T19:42:49.554178+0800 - INFO - 进入 get_yolo_res
2025-08-28T19:42:49.575007+0800 - INFO - 成功发送 消息头长度
2025-08-28T19:42:49.575843+0800 - INFO - 成功发送 消息头内容
2025-08-28T19:42:49.576672+0800 - INFO - 成功发送 图片数据(206694字节)
2025-08-28T19:42:49.635075+0800 - INFO - data:['boss_sy', 471.3826904296875, 167.7843780517578, 698.1647338867188, 380.5214538574219, 0.9497076272964478]
2025-08-28T19:42:49.635075+0800 - INFO - ['boss_sy', 471.3826904296875, 167.7843780517578, 698.1647338867188, 380.5214538574219, 0.9497076272964478]
2025-08-28T19:42:49.635903+0800 - INFO - yolo处理 最少房间要求为：2
2025-08-28T19:42:49.636732+0800 - INFO - 0的数量:
2025-08-28T19:42:49.636732+0800 - INFO - 当前过门次数self.to_door_count：3
2025-08-28T19:42:49.637562+0800 - INFO - data:['player', 337.25836181640625, 274.0006408691406, 427.2192687988281, 298.29046630859375, 0.9320826530456543]
2025-08-28T19:42:49.637562+0800 - INFO - 退出 get_yolo_res
2025-08-28T19:42:49.639919+0800 - INFO - 进入 ocr
2025-08-28T19:42:49.640924+0800 - INFO - 成功发送 消息头长度
2025-08-28T19:42:49.641780+0800 - INFO - 成功发送 消息头内容
2025-08-28T19:42:49.641780+0800 - INFO - 成功发送 图片数据(943字节)
2025-08-28T19:42:49.664996+0800 - INFO - ocr 已获取识别数据: 100%
2025-08-28T19:42:49.665830+0800 - INFO - 退出 ocr
2025-08-28T19:42:49.665830+0800 - INFO - 当前血量为：100.0
2025-08-28T19:42:49.666660+0800 - INFO - 开始向怪物移动
2025-08-28T19:42:49.667489+0800 - INFO - 目标方向： right 记录方向：left
2025-08-28T19:42:49.667489+0800 - INFO - VNC键盘弹起所有键
2025-08-28T19:42:50.088930+0800 - INFO - VNC键盘按下：right
2025-08-28T19:42:50.141552+0800 - INFO - VNC键盘弹起：right
2025-08-28T19:42:50.193901+0800 - INFO - VNC键盘按下：right
2025-08-28T19:42:50.245858+0800 - INFO - VNC键盘按下：down
2025-08-28T19:42:50.297418+0800 - INFO - VNC键盘弹起：right
2025-08-28T19:42:50.426050+0800 - INFO - VNC键盘弹起：down
2025-08-28T19:42:50.477726+0800 - INFO - VNC键盘点击：right
2025-08-28T19:42:50.559414+0800 - INFO - 结束向怪物移动
2025-08-28T19:42:50.559414+0800 - INFO - 当前怪物是Boss,释放打Boss的技能
2025-08-28T19:42:50.560931+0800 - INFO - 检查Boss技能: ctrl
2025-08-28T19:42:50.561792+0800 - INFO - 检查Boss技能: q
2025-08-28T19:42:50.561792+0800 - INFO - 检查Boss技能: w
2025-08-28T19:42:50.563297+0800 - INFO - 检查Boss技能: e
2025-08-28T19:42:50.564155+0800 - INFO - 找到可用技能: e
2025-08-28T19:42:50.564985+0800 - INFO - 使用技能：e
2025-08-28T19:42:50.564985+0800 - INFO - VNC键盘点击：e
2025-08-28T19:42:50.722372+0800 - INFO - VNC截图
2025-08-28T19:42:50.754859+0800 - INFO - 检查技能位置：v
2025-08-28T19:42:50.956308+0800 - INFO - VNC截图
2025-08-28T19:42:51.041719+0800 - INFO - VNC截图
2025-08-28T19:42:51.273563+0800 - INFO - 打怪中···
2025-08-28T19:42:51.274433+0800 - INFO - 进入 get_yolo_res
2025-08-28T19:42:51.304913+0800 - INFO - 成功发送 消息头长度
2025-08-28T19:42:51.304913+0800 - INFO - 成功发送 消息头内容
2025-08-28T19:42:51.305918+0800 - INFO - 成功发送 图片数据(204501字节)
2025-08-28T19:42:51.368706+0800 - INFO - data:['continue', 898.293701171875, 42.54882049560547, 983.66259765625, 70.8766098022461, 0.9650153517723083]
2025-08-28T19:42:51.369583+0800 - INFO - ['continue', 898.293701171875, 42.54882049560547, 983.66259765625, 70.8766098022461, 0.9650153517723083]
2025-08-28T19:42:51.369583+0800 - INFO - data:['player', 349.2618408203125, 284.0536193847656, 440.3436584472656, 308.66497802734375, 0.9168552756309509]
2025-08-28T19:42:51.370415+0800 - INFO - data:['goods', 583.7285766601562, 218.53778076171875, 701.1402587890625, 239.64932250976562, 0.8285234570503235]
2025-08-28T19:42:51.370415+0800 - INFO - data:['goods', 547.0137329101562, 175.53579711914062, 652.6524047851562, 196.3119354248047, 0.7568001747131348]
2025-08-28T19:42:51.370415+0800 - INFO - data:['goods', 418.8334655761719, 199.98851013183594, 521.7448120117188, 219.73263549804688, 0.6535174250602722]
2025-08-28T19:42:51.371234+0800 - INFO - data:['goods', 499.20611572265625, 200.41004943847656, 568.9541015625, 219.6461944580078, 0.6515257358551025]
2025-08-28T19:42:51.371234+0800 - INFO - data:['goods', 476.93914794921875, 216.74795532226562, 529.719482421875, 234.12612915039062, 0.6499208807945251]
2025-08-28T19:42:51.371234+0800 - INFO - data:['goods', 615.0121459960938, 186.55679321289062, 670.4158325195312, 204.4243621826172, 0.4256378710269928]
2025-08-28T19:42:51.372075+0800 - INFO - 进入 ocr
2025-08-28T19:42:51.372075+0800 - INFO - 成功发送 消息头长度
2025-08-28T19:42:51.373083+0800 - INFO - 成功发送 消息头内容
2025-08-28T19:42:51.373083+0800 - INFO - 成功发送 图片数据(2310字节)
2025-08-28T19:42:51.399510+0800 - INFO - ocr 已获取识别数据: 起迷雾工商协会银市
2025-08-28T19:42:51.399510+0800 - INFO - 退出 ocr
2025-08-28T19:42:51.399510+0800 - INFO - 识别物品：起迷雾工商协会银市
2025-08-28T19:42:51.400531+0800 - INFO - 进入 ocr
2025-08-28T19:42:51.401397+0800 - INFO - 成功发送 消息头长度
2025-08-28T19:42:51.402227+0800 - INFO - 成功发送 消息头内容
2025-08-28T19:42:51.402227+0800 - INFO - 成功发送 图片数据(2221字节)
2025-08-28T19:42:51.425492+0800 - INFO - ocr 已获取识别数据: 灵界灵灵界之石
2025-08-28T19:42:51.425492+0800 - INFO - 退出 ocr
2025-08-28T19:42:51.425492+0800 - INFO - 识别物品：灵界灵灵界之石
2025-08-28T19:42:51.427572+0800 - INFO - 进入 ocr
2025-08-28T19:42:51.428430+0800 - INFO - 成功发送 消息头长度
2025-08-28T19:42:51.429262+0800 - INFO - 成功发送 消息头内容
2025-08-28T19:42:51.429262+0800 - INFO - 成功发送 图片数据(2020字节)
2025-08-28T19:42:51.458847+0800 - INFO - ocr 已获取识别数据: 灾厄深渊入场：终
2025-08-28T19:42:51.459710+0800 - INFO - 退出 ocr
2025-08-28T19:42:51.459710+0800 - INFO - 识别物品：灾厄深渊入场：终
2025-08-28T19:42:51.461545+0800 - INFO - 进入 ocr
2025-08-28T19:42:51.462401+0800 - INFO - 成功发送 消息头长度
2025-08-28T19:42:51.462401+0800 - INFO - 成功发送 消息头内容
2025-08-28T19:42:51.463407+0800 - INFO - 成功发送 图片数据(1492字节)
2025-08-28T19:42:51.492004+0800 - INFO - ocr 已获取识别数据: 终末之启示
2025-08-28T19:42:51.492004+0800 - INFO - 退出 ocr
2025-08-28T19:42:51.493526+0800 - INFO - 识别物品：终末之启示
2025-08-28T19:42:51.494410+0800 - INFO - 进入 ocr
2025-08-28T19:42:51.496058+0800 - INFO - 成功发送 消息头长度
2025-08-28T19:42:51.496058+0800 - INFO - 成功发送 消息头内容
2025-08-28T19:42:51.496058+0800 - INFO - 成功发送 图片数据(1234字节)
2025-08-28T19:42:51.523043+0800 - INFO - ocr 已获取识别数据: 业
2025-08-28T19:42:51.523570+0800 - INFO - 退出 ocr
2025-08-28T19:42:51.523570+0800 - INFO - 识别物品：业
2025-08-28T19:42:51.523570+0800 - INFO - self.goods:[(642, 259, '起迷雾工商协会银市'), (599, 216, '灵界灵灵界之石'), (469, 239, '灾厄深渊入场终'), (533, 239, '终末之启示'), (502, 254, '业')]
2025-08-28T19:42:51.525143+0800 - INFO - 退出 get_yolo_res
2025-08-28T19:42:51.525143+0800 - INFO - 结束攻击怪物
2025-08-28T19:42:51.526998+0800 - INFO - 进入 get_yolo_res
2025-08-28T19:42:51.526998+0800 - INFO - 开始截图
2025-08-28T19:42:51.526998+0800 - INFO - VNC截图
2025-08-28T19:42:52.014982+0800 - INFO - 截图完毕
2025-08-28T19:42:52.051059+0800 - INFO - 成功发送 消息头长度
2025-08-28T19:42:52.051946+0800 - INFO - 成功发送 消息头内容
2025-08-28T19:42:52.051946+0800 - INFO - 成功发送 图片数据(198375字节)
2025-08-28T19:42:52.102327+0800 - INFO - data:['continue', 897.8146362304688, 42.32819747924805, 983.3361206054688, 71.04034423828125, 0.9733363389968872]
2025-08-28T19:42:52.102327+0800 - INFO - ['continue', 897.8146362304688, 42.32819747924805, 983.3361206054688, 71.04034423828125, 0.9733363389968872]
2025-08-28T19:42:52.102327+0800 - INFO - data:['goods', 661.3375244140625, 390.3695373535156, 714.3046264648438, 407.53533935546875, 0.9020910859107971]
2025-08-28T19:42:52.103354+0800 - INFO - data:['goods', 640.9595947265625, 430.57147216796875, 743.4922485351562, 449.7220458984375, 0.8861166834831238]
2025-08-28T19:42:52.103354+0800 - INFO - data:['player', 348.76763916015625, 282.7130126953125, 439.392822265625, 308.20013427734375, 0.8672459125518799]
2025-08-28T19:42:52.103354+0800 - INFO - data:['goods', 363.80078125, 411.68438720703125, 427.0166320800781, 432.2207946777344, 0.8448764085769653]
2025-08-28T19:42:52.104237+0800 - INFO - 进入 ocr
2025-08-28T19:42:52.105068+0800 - INFO - 成功发送 消息头长度
2025-08-28T19:42:52.105068+0800 - INFO - 成功发送 消息头内容
2025-08-28T19:42:52.105901+0800 - INFO - 成功发送 图片数据(1278字节)
2025-08-28T19:42:52.133149+0800 - INFO - ocr 已获取识别数据: 1526金币
2025-08-28T19:42:52.133991+0800 - INFO - 退出 ocr
2025-08-28T19:42:52.133991+0800 - INFO - 识别物品：1526金币
2025-08-28T19:42:52.134824+0800 - INFO - 进入 ocr
2025-08-28T19:42:52.135653+0800 - INFO - 成功发送 消息头长度
2025-08-28T19:42:52.135653+0800 - INFO - 成功发送 消息头内容
2025-08-28T19:42:52.136499+0800 - INFO - 成功发送 图片数据(2076字节)
2025-08-28T19:42:52.166718+0800 - INFO - ocr 已获取识别数据: 迷雾工商协会银币
2025-08-28T19:42:52.166718+0800 - INFO - 退出 ocr
2025-08-28T19:42:52.167546+0800 - INFO - 识别物品：迷雾工商协会银币
2025-08-28T19:42:52.168390+0800 - INFO - 进入 ocr
2025-08-28T19:42:52.169219+0800 - INFO - 成功发送 消息头长度
2025-08-28T19:42:52.169219+0800 - INFO - 成功发送 消息头内容
2025-08-28T19:42:52.170037+0800 - INFO - 成功发送 图片数据(1513字节)
2025-08-28T19:42:52.194776+0800 - INFO - ocr 已获取识别数据: 灵界之石
2025-08-28T19:42:52.195606+0800 - INFO - 退出 ocr
2025-08-28T19:42:52.195606+0800 - INFO - 识别物品：灵界之石
2025-08-28T19:42:52.196439+0800 - INFO - self.goods:[(687, 427, '金币'), (691, 469, '迷雾工商协会银币'), (395, 452, '灵界之石')]
2025-08-28T19:42:52.196439+0800 - INFO - 退出 get_yolo_res
2025-08-28T19:42:52.196439+0800 - INFO - VNC截图
2025-08-28T19:42:52.261893+0800 - INFO - vnc_mm截图成功
2025-08-28T19:42:52.765508+0800 - INFO - VNC截图
2025-08-28T19:42:53.213520+0800 - INFO - boss房聚物拾取
2025-08-28T19:42:53.213520+0800 - INFO - VNC键盘弹起所有键
2025-08-28T19:42:53.268435+0800 - INFO - VNC键盘按下：up
2025-08-28T19:42:53.670512+0800 - INFO - VNC键盘弹起：up
2025-08-28T19:42:53.723587+0800 - INFO - VNC键盘点击：tab
2025-08-28T19:42:53.800513+0800 - INFO - VNC截图
2025-08-28T19:42:53.830160+0800 - INFO - VNC键盘点击：tab
2025-08-28T19:42:53.956763+0800 - INFO - VNC键盘点击：tab
2025-08-28T19:42:54.849075+0800 - INFO - VNC截图
2025-08-28T19:42:55.307120+0800 - INFO - VNC键盘按下：x
2025-08-28T19:42:55.372198+0800 - INFO - VNC键盘弹起：x
2025-08-28T19:42:55.444933+0800 - INFO - 进入 get_yolo_res
2025-08-28T19:42:55.444933+0800 - INFO - 开始截图
2025-08-28T19:42:55.445784+0800 - INFO - VNC截图
2025-08-28T19:42:55.491893+0800 - INFO - 截图完毕
2025-08-28T19:42:55.513642+0800 - INFO - 成功发送 消息头长度
2025-08-28T19:42:55.514180+0800 - INFO - 成功发送 消息头内容
2025-08-28T19:42:55.515043+0800 - INFO - 成功发送 图片数据(203162字节)
2025-08-28T19:42:55.591985+0800 - INFO - data:['continue', 897.17333984375, 42.61819076538086, 982.5361328125, 69.47762298583984, 0.9409077167510986]
2025-08-28T19:42:55.591985+0800 - INFO - ['continue', 897.17333984375, 42.61819076538086, 982.5361328125, 69.47762298583984, 0.9409077167510986]
2025-08-28T19:42:55.591985+0800 - INFO - data:['player', 349.4704284667969, 210.2493896484375, 439.51971435546875, 234.78443908691406, 0.9408911466598511]
2025-08-28T19:42:55.591985+0800 - INFO - data:['forward', 827.6450805664062, 311.67303466796875, 903.1150512695312, 346.2100830078125, 0.9353802800178528]
2025-08-28T19:42:55.593557+0800 - INFO - self.goods:[]
2025-08-28T19:42:55.593557+0800 - INFO - 退出 get_yolo_res
2025-08-28T19:42:55.594396+0800 - INFO - 进入 get_yolo_res
2025-08-28T19:42:55.594396+0800 - INFO - 开始截图
2025-08-28T19:42:55.594396+0800 - INFO - VNC截图
2025-08-28T19:42:55.897810+0800 - INFO - 截图完毕
2025-08-28T19:42:55.898812+0800 - INFO - VNC截图
2025-08-28T19:42:55.927344+0800 - INFO - 成功发送 消息头长度
2025-08-28T19:42:55.927344+0800 - INFO - 成功发送 消息头内容
2025-08-28T19:42:55.928172+0800 - INFO - 成功发送 图片数据(200948字节)
2025-08-28T19:42:55.991322+0800 - INFO - data:['player', 349.3548889160156, 210.2347412109375, 439.4147644042969, 234.97946166992188, 0.9498994946479797]
2025-08-28T19:42:55.992201+0800 - INFO - data:['continue', 897.2246704101562, 42.643795013427734, 982.3067626953125, 69.56914520263672, 0.9410552382469177]
2025-08-28T19:42:55.992201+0800 - INFO - ['continue', 897.2246704101562, 42.643795013427734, 982.3067626953125, 69.56914520263672, 0.9410552382469177]
2025-08-28T19:42:55.992201+0800 - INFO - data:['forward', 827.58154296875, 311.5022888183594, 902.3013305664062, 346.5330505371094, 0.9270491003990173]
2025-08-28T19:42:55.993709+0800 - INFO - self.goods:[]
2025-08-28T19:42:55.994248+0800 - INFO - 退出 get_yolo_res
2025-08-28T19:42:56.045839+0800 - INFO - VNC截图
2025-08-28T19:42:56.411990+0800 - INFO - vnc_mm截图成功
2025-08-28T19:42:56.416055+0800 - INFO - move_to:窗口左上角x = 0	窗口左上角y = 0	x=870	y=593
2025-08-28T19:42:56.416871+0800 - INFO - VNC鼠标移动：(870, 593)
2025-08-28T19:42:56.720078+0800 - INFO - 进入 ocr
2025-08-28T19:42:56.720078+0800 - INFO - VNC截图
2025-08-28T19:42:56.764597+0800 - INFO - 成功发送 消息头长度
2025-08-28T19:42:56.764597+0800 - INFO - 成功发送 消息头内容
2025-08-28T19:42:56.766102+0800 - INFO - 成功发送 图片数据(3436字节)
2025-08-28T19:42:56.785130+0800 - INFO - ocr 已获取识别数据: 疲劳值：132/156
2025-08-28T19:42:56.786635+0800 - INFO - 退出 ocr
2025-08-28T19:42:56.786635+0800 - INFO - 当前疲劳值：132
2025-08-28T19:42:56.788177+0800 - INFO - move_to:窗口左上角x = 0	窗口左上角y = 0	x=521	y=30
2025-08-28T19:42:56.789054+0800 - INFO - VNC鼠标移动：(521, 30)
2025-08-28T19:42:57.092160+0800 - INFO - VNC截图
2025-08-28T19:42:57.126782+0800 - INFO - mm-is_colored:40.161133603238866
2025-08-28T19:42:57.126782+0800 - INFO - VNC截图
2025-08-28T19:42:57.151447+0800 - INFO - VNC截图
2025-08-28T19:42:57.328655+0800 - INFO - vnc_mm截图成功
2025-08-28T19:42:57.331157+0800 - INFO - VNC截图
2025-08-28T19:42:57.824260+0800 - INFO - vnc_mm截图成功
2025-08-28T19:42:57.826135+0800 - INFO - VNC截图
2025-08-28T19:42:58.046540+0800 - INFO - VNC键盘点击：f10
2025-08-28T19:42:58.111068+0800 - INFO - 进入 get_yolo_res
2025-08-28T19:42:58.134623+0800 - INFO - 成功发送 消息头长度
2025-08-28T19:42:58.135486+0800 - INFO - 成功发送 消息头内容
2025-08-28T19:42:58.136315+0800 - INFO - 成功发送 图片数据(202433字节)
2025-08-28T19:42:58.190268+0800 - INFO - data:['continue', 897.4043579101562, 42.59968566894531, 982.322021484375, 69.46959686279297, 0.9419260621070862]
2025-08-28T19:42:58.191276+0800 - INFO - ['continue', 897.4043579101562, 42.59968566894531, 982.322021484375, 69.46959686279297, 0.9419260621070862]
2025-08-28T19:42:58.191276+0800 - INFO - data:['forward', 827.4337768554688, 311.4444274902344, 902.5618286132812, 346.5325927734375, 0.933961033821106]
2025-08-28T19:42:58.192137+0800 - INFO - data:['player', 349.0051574707031, 209.4556884765625, 439.5560607910156, 234.35472106933594, 0.930633008480072]
2025-08-28T19:42:58.192137+0800 - INFO - self.goods:[]
2025-08-28T19:42:58.192137+0800 - INFO - 退出 get_yolo_res
2025-08-28T19:42:58.192137+0800 - INFO - VNC截图
2025-08-28T19:42:58.259094+0800 - INFO - vnc_mm截图成功
2025-08-28T19:42:58.260971+0800 - INFO - VNC截图
2025-08-28T19:42:58.455399+0800 - INFO - vnc_mm截图成功
2025-08-28T19:42:58.457088+0800 - INFO - VNC截图
2025-08-28T19:42:58.583896+0800 - INFO - VNC截图
2025-08-28T19:42:58.671538+0800 - INFO - VNC键盘点击：f10
2025-08-28T19:42:58.910327+0800 - INFO - 进入 get_yolo_res
2025-08-28T19:42:58.948442+0800 - INFO - 成功发送 消息头长度
2025-08-28T19:42:58.949273+0800 - INFO - 成功发送 消息头内容
2025-08-28T19:42:58.949273+0800 - INFO - 成功发送 图片数据(202083字节)
2025-08-28T19:42:59.002798+0800 - INFO - data:['player', 349.4148864746094, 210.21937561035156, 439.3137512207031, 234.27037048339844, 0.9386799335479736]
2025-08-28T19:42:59.003806+0800 - INFO - data:['continue', 897.1246948242188, 42.57850646972656, 982.9374389648438, 69.47279357910156, 0.9357003569602966]
2025-08-28T19:42:59.003806+0800 - INFO - ['continue', 897.1246948242188, 42.57850646972656, 982.9374389648438, 69.47279357910156, 0.9357003569602966]
2025-08-28T19:42:59.004666+0800 - INFO - data:['forward', 827.3839721679688, 311.958984375, 901.587158203125, 345.8660888671875, 0.9318267107009888]
2025-08-28T19:42:59.004666+0800 - INFO - self.goods:[]
2025-08-28T19:42:59.004666+0800 - INFO - 退出 get_yolo_res
2025-08-28T19:42:59.004666+0800 - INFO - VNC截图
2025-08-28T19:42:59.030992+0800 - INFO - vnc_mm截图成功
2025-08-28T19:42:59.032652+0800 - INFO - VNC截图
2025-08-28T19:42:59.176179+0800 - INFO - vnc_mm截图成功
2025-08-28T19:42:59.178295+0800 - INFO - VNC截图
2025-08-28T19:42:59.306841+0800 - INFO - VNC键盘点击：f10
2025-08-28T19:42:59.388330+0800 - INFO - 进入 get_yolo_res
2025-08-28T19:42:59.411413+0800 - INFO - 成功发送 消息头长度
2025-08-28T19:42:59.412418+0800 - INFO - 成功发送 消息头内容
2025-08-28T19:42:59.412418+0800 - INFO - 成功发送 图片数据(191353字节)
2025-08-28T19:42:59.470587+0800 - INFO - data:['player', 349.428466796875, 209.62144470214844, 439.8197937011719, 234.44456481933594, 0.920813798904419]
2025-08-28T19:42:59.470587+0800 - INFO - data:['forward', 983.1786499023438, 309.782958984375, 1062.938232421875, 346.6542663574219, 0.9159966707229614]
2025-08-28T19:42:59.471463+0800 - INFO - self.goods:[]
2025-08-28T19:42:59.471463+0800 - INFO - 退出 get_yolo_res
2025-08-28T19:42:59.472291+0800 - INFO - 进入 get_yolo_res
2025-08-28T19:42:59.472291+0800 - INFO - 开始截图
2025-08-28T19:42:59.472291+0800 - INFO - VNC截图
2025-08-28T19:42:59.506411+0800 - INFO - 截图完毕
2025-08-28T19:42:59.527082+0800 - INFO - 成功发送 消息头长度
2025-08-28T19:42:59.528587+0800 - INFO - 成功发送 消息头内容
2025-08-28T19:42:59.528587+0800 - INFO - 成功发送 图片数据(192839字节)
2025-08-28T19:42:59.576322+0800 - INFO - data:['player', 349.276123046875, 209.97227478027344, 439.5416564941406, 234.27175903320312, 0.9389216899871826]
2025-08-28T19:42:59.576322+0800 - INFO - data:['forward', 982.7457275390625, 310.0068054199219, 1061.689697265625, 346.5077819824219, 0.9168087244033813]
2025-08-28T19:42:59.576322+0800 - INFO - self.goods:[]
2025-08-28T19:42:59.577327+0800 - INFO - 退出 get_yolo_res
2025-08-28T19:42:59.578182+0800 - INFO - 初始化地图:
2025-08-28T19:42:59.578182+0800 - INFO - [1, 1, 1, 1, 1, 1, 1]
2025-08-28T19:42:59.578182+0800 - INFO - [1, 1, 1, 1, 1, 1, 1]
2025-08-28T19:42:59.579013+0800 - INFO - [1, 1, 1, 1, 1, 1, 1]
2025-08-28T19:42:59.579013+0800 - INFO - 地图名称:
2025-08-28T19:42:59.579013+0800 - INFO - 初始化地图
2025-08-28T19:42:59.579013+0800 - INFO - [1, 1, 1, 1, 1, 1, 1]
2025-08-28T19:42:59.579842+0800 - INFO - [1, 1, 1, 1, 1, 1, 1]
2025-08-28T19:42:59.579842+0800 - INFO - [1, 1, 1, 1, 1, 1, 1]
2025-08-28T19:42:59.579842+0800 - INFO - 职业：女鬼剑士-契魔者
2025-08-28T19:42:59.581351+0800 - INFO - BOSS房处理结束
2025-08-28T19:42:59.581351+0800 - INFO - 进入 get_yolo_res
2025-08-28T19:42:59.582225+0800 - INFO - 开始截图
2025-08-28T19:42:59.582225+0800 - INFO - VNC截图
2025-08-28T19:42:59.678773+0800 - INFO - 截图完毕
2025-08-28T19:42:59.701736+0800 - INFO - 成功发送 消息头长度
2025-08-28T19:42:59.702460+0800 - INFO - 成功发送 消息头内容
2025-08-28T19:42:59.702460+0800 - INFO - 成功发送 图片数据(195195字节)
2025-08-28T19:42:59.753644+0800 - INFO - data:['player', 349.137939453125, 210.14456176757812, 439.51824951171875, 234.37973022460938, 0.9427226185798645]
2025-08-28T19:42:59.753644+0800 - INFO - data:['forward', 982.742919921875, 309.8818664550781, 1061.7877197265625, 346.6325378417969, 0.9087144732475281]
2025-08-28T19:42:59.753644+0800 - INFO - self.goods:[]
2025-08-28T19:42:59.753644+0800 - INFO - 退出 get_yolo_res
2025-08-28T19:42:59.755172+0800 - INFO - 开始找门
2025-08-28T19:42:59.756052+0800 - INFO - 进入 get_yolo_res
2025-08-28T19:42:59.756052+0800 - INFO - 开始截图
2025-08-28T19:42:59.756052+0800 - INFO - VNC截图
2025-08-28T19:42:59.846161+0800 - INFO - 截图完毕
2025-08-28T19:42:59.849870+0800 - INFO - VNC截图
2025-08-28T19:42:59.866072+0800 - INFO - 成功发送 消息头长度
2025-08-28T19:42:59.866902+0800 - INFO - 成功发送 消息头内容
2025-08-28T19:42:59.867732+0800 - INFO - 成功发送 图片数据(195730字节)
2025-08-28T19:42:59.926700+0800 - INFO - data:['player', 349.353515625, 210.0069122314453, 439.5469970703125, 234.13467407226562, 0.9270967841148376]
2025-08-28T19:42:59.927530+0800 - INFO - data:['forward', 982.3656005859375, 309.3168029785156, 1064.9251708984375, 347.0733337402344, 0.9032953977584839]
2025-08-28T19:42:59.927530+0800 - INFO - self.goods:[]
2025-08-28T19:42:59.928358+0800 - INFO - 退出 get_yolo_res
2025-08-28T19:42:59.929188+0800 - INFO - 确定门检查怪物数量：0	金币数量：0	是否有奖励：False	是否有继续：False
2025-08-28T19:42:59.929188+0800 - INFO - 进入 get_min_map_yolo_res
2025-08-28T19:42:59.929188+0800 - INFO - 开始截小地图
2025-08-28T19:42:59.930017+0800 - INFO - VNC截图
2025-08-28T19:43:00.158407+0800 - INFO - 小地图截图完毕
2025-08-28T19:43:00.159416+0800 - INFO - get_min_map_yolo_res
2025-08-28T19:43:00.160277+0800 - INFO - 成功发送 消息头长度
2025-08-28T19:43:00.160277+0800 - INFO - 成功发送 消息头内容
2025-08-28T19:43:00.160277+0800 - INFO - 成功发送 图片数据(1767字节)
2025-08-28T19:43:00.199126+0800 - INFO - get_min_map_yolo_res 已获取识别数据: []
2025-08-28T19:43:00.200134+0800 - INFO - 退出 get_min_map_yolo_res
2025-08-28T19:43:00.200134+0800 - INFO - self.player.map_name:深渊：终末崇拜者
2025-08-28T19:43:00.200134+0800 - INFO - door_pos:<class 'core.common.Point'>
2025-08-28T19:43:00.200134+0800 - INFO - <core.common.Point object at 0x00000213D54685E0>
2025-08-28T19:43:00.200134+0800 - INFO - door_pos:1424, 446
2025-08-28T19:43:00.201660+0800 - INFO - 目标方向： right 记录方向：right
2025-08-28T19:43:00.201660+0800 - INFO - VNC键盘弹起所有键
2025-08-28T19:43:00.254370+0800 - INFO - VNC键盘按下：right
2025-08-28T19:43:00.306086+0800 - INFO - VNC键盘弹起：right
2025-08-28T19:43:00.357331+0800 - INFO - VNC键盘按下：right
2025-08-28T19:43:00.408704+0800 - INFO - VNC键盘按下：down
2025-08-28T19:43:00.756349+0800 - INFO - VNC键盘弹起：down
2025-08-28T19:43:01.009828+0800 - INFO - VNC截图
2025-08-28T19:43:02.047038+0800 - INFO - VNC截图
2025-08-28T19:43:02.166885+0800 - INFO - VNC键盘弹起：right
2025-08-28T19:43:02.167892+0800 - INFO - 朝门移动耗时：1.9662320613861084秒
2025-08-28T19:43:02.268464+0800 - INFO - VNC截图
2025-08-28T19:43:02.464183+0800 - INFO - vnc_mm截图成功
2025-08-28T19:43:02.509087+0800 - INFO - VNC键盘弹起所有键
2025-08-28T19:43:02.511784+0800 - INFO - 结束找门
2025-08-28T19:43:02.512613+0800 - INFO - 进入 get_yolo_res
2025-08-28T19:43:02.512613+0800 - INFO - 开始截图
2025-08-28T19:43:02.512613+0800 - INFO - VNC截图
2025-08-28T19:43:02.851591+0800 - INFO - 截图完毕
2025-08-28T19:43:02.873389+0800 - INFO - 成功发送 消息头长度
2025-08-28T19:43:02.873927+0800 - INFO - 成功发送 消息头内容
2025-08-28T19:43:02.874823+0800 - INFO - 成功发送 图片数据(209935字节)
2025-08-28T19:43:02.929951+0800 - INFO - data:['player', 240.65890502929688, 290.565673828125, 331.3533935546875, 315.2303161621094, 0.9524140954017639]
2025-08-28T19:43:02.929951+0800 - INFO - data:['monster', 680.3622436523438, 268.78155517578125, 739.7898559570312, 288.15069580078125, 0.9385684728622437]
2025-08-28T19:43:02.931471+0800 - INFO - ['monster', 680.3622436523438, 268.78155517578125, 739.7898559570312, 288.15069580078125, 0.9385684728622437]
2025-08-28T19:43:02.931471+0800 - INFO - data:['monster', 528.949462890625, 293.1006774902344, 586.907958984375, 311.6948547363281, 0.9245554208755493]
2025-08-28T19:43:02.931471+0800 - INFO - ['monster', 528.949462890625, 293.1006774902344, 586.907958984375, 311.6948547363281, 0.9245554208755493]
2025-08-28T19:43:02.932328+0800 - INFO - data:['monster', 352.4324645996094, 296.5665283203125, 411.38134765625, 316.3186340332031, 0.9211198687553406]
2025-08-28T19:43:02.932328+0800 - INFO - ['monster', 352.4324645996094, 296.5665283203125, 411.38134765625, 316.3186340332031, 0.9211198687553406]
2025-08-28T19:43:02.932328+0800 - INFO - data:['monster', 604.7540283203125, 286.9830627441406, 663.0962524414062, 305.6890563964844, 0.9108536839485168]
2025-08-28T19:43:02.932328+0800 - INFO - ['monster', 604.7540283203125, 286.9830627441406, 663.0962524414062, 305.6890563964844, 0.9108536839485168]
2025-08-28T19:43:02.932328+0800 - INFO - data:['monster', 658.9990844726562, 388.3868408203125, 716.165771484375, 405.8467712402344, 0.9070351719856262]
2025-08-28T19:43:02.932328+0800 - INFO - ['monster', 658.9990844726562, 388.3868408203125, 716.165771484375, 405.8467712402344, 0.9070351719856262]
2025-08-28T19:43:02.933833+0800 - INFO - data:['monster', 520.5916137695312, 345.5734558105469, 578.751220703125, 363.3820495605469, 0.8826711177825928]
2025-08-28T19:43:02.933833+0800 - INFO - ['monster', 520.5916137695312, 345.5734558105469, 578.751220703125, 363.3820495605469, 0.8826711177825928]
2025-08-28T19:43:02.934372+0800 - INFO - data:['monster', 409.20025634765625, 326.5188293457031, 471.409423828125, 345.67315673828125, 0.8205879330635071]
2025-08-28T19:43:02.934372+0800 - INFO - ['monster', 409.20025634765625, 326.5188293457031, 471.409423828125, 345.67315673828125, 0.8205879330635071]
2025-08-28T19:43:02.935414+0800 - INFO - data:['monster', 446.16241455078125, 337.8665771484375, 483.2076721191406, 354.2613525390625, 0.7244110703468323]
2025-08-28T19:43:02.935414+0800 - INFO - ['monster', 446.16241455078125, 337.8665771484375, 483.2076721191406, 354.2613525390625, 0.7244110703468323]
2025-08-28T19:43:02.936285+0800 - INFO - 退出 get_yolo_res
2025-08-28T19:43:02.937135+0800 - INFO - 确定门检查怪物数量：8	金币数量：0	是否有奖励：False	是否有继续：False
2025-08-28T19:43:02.937135+0800 - INFO - 进入 get_yolo_res
2025-08-28T19:43:02.937960+0800 - INFO - 开始截图
2025-08-28T19:43:02.937960+0800 - INFO - VNC截图
2025-08-28T19:43:03.089890+0800 - INFO - 截图完毕
2025-08-28T19:43:03.097743+0800 - INFO - VNC截图
2025-08-28T19:43:03.113085+0800 - INFO - 成功发送 消息头长度
2025-08-28T19:43:03.113085+0800 - INFO - 成功发送 消息头内容
2025-08-28T19:43:03.114633+0800 - INFO - 成功发送 图片数据(209569字节)
2025-08-28T19:43:03.177641+0800 - INFO - data:['player', 240.59332275390625, 290.530029296875, 331.45123291015625, 315.2028503417969, 0.9522047638893127]
2025-08-28T19:43:03.178470+0800 - INFO - data:['monster', 350.99713134765625, 299.003662109375, 410.09295654296875, 318.057373046875, 0.9314912557601929]
2025-08-28T19:43:03.178470+0800 - INFO - ['monster', 350.99713134765625, 299.003662109375, 410.09295654296875, 318.057373046875, 0.9314912557601929]
2025-08-28T19:43:03.179475+0800 - INFO - data:['monster', 529.0055541992188, 293.15325927734375, 586.841796875, 311.7669677734375, 0.9242545962333679]
2025-08-28T19:43:03.179475+0800 - INFO - ['monster', 529.0055541992188, 293.15325927734375, 586.841796875, 311.7669677734375, 0.9242545962333679]
2025-08-28T19:43:03.180338+0800 - INFO - data:['monster', 646.5006713867188, 378.9672546386719, 703.9595947265625, 396.2679748535156, 0.9158263206481934]
2025-08-28T19:43:03.181168+0800 - INFO - ['monster', 646.5006713867188, 378.9672546386719, 703.9595947265625, 396.2679748535156, 0.9158263206481934]
2025-08-28T19:43:03.181168+0800 - INFO - data:['monster', 604.978515625, 286.6250305175781, 663.6135864257812, 305.5042724609375, 0.9152880907058716]
2025-08-28T19:43:03.181999+0800 - INFO - ['monster', 604.978515625, 286.6250305175781, 663.6135864257812, 305.5042724609375, 0.9152880907058716]
2025-08-28T19:43:03.181999+0800 - INFO - data:['monster', 448.0173645019531, 338.5692138671875, 506.1950988769531, 356.9072570800781, 0.9063524007797241]
2025-08-28T19:43:03.182829+0800 - INFO - ['monster', 448.0173645019531, 338.5692138671875, 506.1950988769531, 356.9072570800781, 0.9063524007797241]
2025-08-28T19:43:03.182829+0800 - INFO - data:['monster', 669.3317260742188, 268.9665222167969, 727.8780517578125, 288.38348388671875, 0.8851704597473145]
2025-08-28T19:43:03.183833+0800 - INFO - ['monster', 669.3317260742188, 268.9665222167969, 727.8780517578125, 288.38348388671875, 0.8851704597473145]
2025-08-28T19:43:03.184708+0800 - INFO - data:['monster', 519.5298461914062, 346.0261535644531, 578.5530395507812, 364.47857666015625, 0.8752697706222534]
2025-08-28T19:43:03.184708+0800 - INFO - ['monster', 519.5298461914062, 346.0261535644531, 578.5530395507812, 364.47857666015625, 0.8752697706222534]
2025-08-28T19:43:03.185539+0800 - INFO - data:['monster', 409.7359313964844, 326.5037536621094, 468.8620910644531, 345.3147888183594, 0.8243930339813232]
2025-08-28T19:43:03.185539+0800 - INFO - ['monster', 409.7359313964844, 326.5037536621094, 468.8620910644531, 345.3147888183594, 0.8243930339813232]
2025-08-28T19:43:03.186372+0800 - INFO - 退出 get_yolo_res
2025-08-28T19:43:03.188033+0800 - INFO - 开始攻击怪物
2025-08-28T19:43:03.188033+0800 - INFO - VNC截图
2025-08-28T19:43:03.516502+0800 - INFO - 打怪中···
2025-08-28T19:43:03.517347+0800 - INFO - 进入 get_yolo_res
2025-08-28T19:43:03.537789+0800 - INFO - 成功发送 消息头长度
2025-08-28T19:43:03.537789+0800 - INFO - 成功发送 消息头内容
2025-08-28T19:43:03.538794+0800 - INFO - 成功发送 图片数据(201346字节)
2025-08-28T19:43:03.609374+0800 - INFO - data:['player', 241.3758087158203, 290.31097412109375, 331.4496154785156, 315.2462158203125, 0.9462877511978149]
2025-08-28T19:43:03.610190+0800 - INFO - data:['monster', 475.1808776855469, 310.54046630859375, 534.8479614257812, 329.8446044921875, 0.9302033185958862]
2025-08-28T19:43:03.610190+0800 - INFO - ['monster', 475.1808776855469, 310.54046630859375, 534.8479614257812, 329.8446044921875, 0.9302033185958862]
2025-08-28T19:43:03.610190+0800 - INFO - data:['monster', 409.2648620605469, 338.5834045410156, 465.16937255859375, 357.6650695800781, 0.9097681045532227]
2025-08-28T19:43:03.610190+0800 - INFO - ['monster', 409.2648620605469, 338.5834045410156, 465.16937255859375, 357.6650695800781, 0.9097681045532227]
2025-08-28T19:43:03.611020+0800 - INFO - data:['monster', 608.77099609375, 269.381591796875, 667.9984741210938, 288.7049255371094, 0.8986542224884033]
2025-08-28T19:43:03.611020+0800 - INFO - ['monster', 608.77099609375, 269.381591796875, 667.9984741210938, 288.7049255371094, 0.8986542224884033]
2025-08-28T19:43:03.611850+0800 - INFO - data:['monster', 564.029541015625, 293.42596435546875, 607.3719482421875, 309.41412353515625, 0.8875311613082886]
2025-08-28T19:43:03.611850+0800 - INFO - ['monster', 564.029541015625, 293.42596435546875, 607.3719482421875, 309.41412353515625, 0.8875311613082886]
2025-08-28T19:43:03.611850+0800 - INFO - data:['monster', 370.66754150390625, 327.43743896484375, 429.41864013671875, 346.79986572265625, 0.885176956653595]
2025-08-28T19:43:03.612682+0800 - INFO - ['monster', 370.66754150390625, 327.43743896484375, 429.41864013671875, 346.79986572265625, 0.885176956653595]
2025-08-28T19:43:03.612682+0800 - INFO - data:['monster', 590.3118896484375, 338.53125, 647.3230590820312, 356.5537414550781, 0.8850284814834595]
2025-08-28T19:43:03.612682+0800 - INFO - ['monster', 590.3118896484375, 338.53125, 647.3230590820312, 356.5537414550781, 0.8850284814834595]
2025-08-28T19:43:03.612682+0800 - INFO - data:['monster', 546.0986328125, 335.2789306640625, 595.111328125, 351.7827453613281, 0.8061346411705017]
2025-08-28T19:43:03.613714+0800 - INFO - ['monster', 546.0986328125, 335.2789306640625, 595.111328125, 351.7827453613281, 0.8061346411705017]
2025-08-28T19:43:03.613714+0800 - INFO - data:['monster', 302.2416687011719, 346.22900390625, 350.73675537109375, 363.3470458984375, 0.7795329093933105]
2025-08-28T19:43:03.613714+0800 - INFO - ['monster', 302.2416687011719, 346.22900390625, 350.73675537109375, 363.3470458984375, 0.7795329093933105]
2025-08-28T19:43:03.614598+0800 - INFO - 退出 get_yolo_res
2025-08-28T19:43:03.615427+0800 - INFO - 进入 ocr
2025-08-28T19:43:03.616256+0800 - INFO - 成功发送 消息头长度
2025-08-28T19:43:03.616256+0800 - INFO - 成功发送 消息头内容
2025-08-28T19:43:03.617261+0800 - INFO - 成功发送 图片数据(951字节)
2025-08-28T19:43:03.639491+0800 - INFO - ocr 已获取识别数据: 100%
2025-08-28T19:43:03.640336+0800 - INFO - 退出 ocr
2025-08-28T19:43:03.640336+0800 - INFO - 当前血量为：100.0
2025-08-28T19:43:03.641166+0800 - INFO - 开始向怪物移动
2025-08-28T19:43:03.641166+0800 - INFO - 目标方向： left 记录方向：right
2025-08-28T19:43:03.642671+0800 - INFO - VNC键盘弹起所有键
2025-08-28T19:43:03.696355+0800 - INFO - VNC键盘按下：left
2025-08-28T19:43:03.748664+0800 - INFO - VNC键盘弹起：left
2025-08-28T19:43:03.800985+0800 - INFO - VNC键盘按下：left
2025-08-28T19:43:03.852587+0800 - INFO - VNC键盘按下：down
2025-08-28T19:43:03.990749+0800 - INFO - VNC键盘弹起：down
2025-08-28T19:43:04.042917+0800 - INFO - VNC键盘弹起：left
2025-08-28T19:43:04.043923+0800 - INFO - VNC键盘点击：right
2025-08-28T19:43:04.124956+0800 - INFO - 结束向怪物移动
2025-08-28T19:43:04.124956+0800 - INFO - 当前怪物是普通怪物,释放打普通怪物的技能
2025-08-28T19:43:04.126461+0800 - INFO - 已释放技能列表: ['q', 'w', 'e']
2025-08-28T19:43:04.127497+0800 - INFO - 第一排技能 - 检查技能: q
2025-08-28T19:43:04.128024+0800 - INFO - 找到可用技能: q
2025-08-28T19:43:04.128883+0800 - INFO - 使用技能：q
2025-08-28T19:43:04.129713+0800 - INFO - VNC键盘点击：q
2025-08-28T19:43:04.284955+0800 - INFO - VNC截图
2025-08-28T19:43:04.318837+0800 - INFO - VNC截图
2025-08-28T19:43:04.320505+0800 - INFO - 检查技能位置：v
2025-08-28T19:43:04.522339+0800 - INFO - VNC截图
2025-08-28T19:43:04.853902+0800 - INFO - 检查技能位置：v
2025-08-28T19:43:05.056728+0800 - INFO - VNC截图
2025-08-28T19:43:05.102601+0800 - INFO - 检查技能位置：v
2025-08-28T19:43:05.304348+0800 - INFO - VNC截图
2025-08-28T19:43:05.339391+0800 - INFO - 检查技能位置：v
2025-08-28T19:43:05.541839+0800 - INFO - VNC截图
2025-08-28T19:43:05.585651+0800 - INFO - 打怪中···
2025-08-28T19:43:05.585651+0800 - INFO - 进入 get_yolo_res
2025-08-28T19:43:05.602384+0800 - INFO - VNC截图
2025-08-28T19:43:05.606439+0800 - INFO - 成功发送 消息头长度
2025-08-28T19:43:05.606439+0800 - INFO - 成功发送 消息头内容
2025-08-28T19:43:05.607946+0800 - INFO - 成功发送 图片数据(187588字节)
2025-08-28T19:43:05.660643+0800 - INFO - data:['player', 144.9740753173828, 312.2584533691406, 234.3980712890625, 337.25677490234375, 0.920050859451294]
2025-08-28T19:43:05.661473+0800 - INFO - data:['forward', 970.4630737304688, 309.9191589355469, 1049.0054931640625, 345.91082763671875, 0.904503345489502]
2025-08-28T19:43:05.661473+0800 - INFO - self.goods:[]
2025-08-28T19:43:05.661473+0800 - INFO - 退出 get_yolo_res
2025-08-28T19:43:05.662303+0800 - INFO - 结束攻击怪物
2025-08-28T19:43:05.663133+0800 - INFO - 进入 get_yolo_res
2025-08-28T19:43:05.663133+0800 - INFO - 开始截图
2025-08-28T19:43:05.664138+0800 - INFO - VNC截图
2025-08-28T19:43:05.967947+0800 - INFO - 截图完毕
2025-08-28T19:43:05.991814+0800 - INFO - 成功发送 消息头长度
2025-08-28T19:43:05.992819+0800 - INFO - 成功发送 消息头内容
2025-08-28T19:43:05.993846+0800 - INFO - 成功发送 图片数据(184576字节)
2025-08-28T19:43:06.066576+0800 - INFO - data:['player', 144.06813049316406, 311.7600402832031, 235.05511474609375, 337.2929992675781, 0.9294920563697815]
2025-08-28T19:43:06.067409+0800 - INFO - data:['forward', 970.0637817382812, 310.13177490234375, 1047.2957763671875, 345.5091247558594, 0.9224117398262024]
2025-08-28T19:43:06.067409+0800 - INFO - self.goods:[]
2025-08-28T19:43:06.068239+0800 - INFO - 退出 get_yolo_res
2025-08-28T19:43:06.069067+0800 - INFO - 开始找门
2025-08-28T19:43:06.069067+0800 - INFO - 进入 get_yolo_res
2025-08-28T19:43:06.070587+0800 - INFO - 开始截图
2025-08-28T19:43:06.070587+0800 - INFO - VNC截图
2025-08-28T19:43:06.156719+0800 - INFO - 截图完毕
2025-08-28T19:43:06.179776+0800 - INFO - 成功发送 消息头长度
2025-08-28T19:43:06.180607+0800 - INFO - 成功发送 消息头内容
2025-08-28T19:43:06.181437+0800 - INFO - 成功发送 图片数据(185271字节)
2025-08-28T19:43:06.250732+0800 - INFO - data:['player', 143.50445556640625, 312.1821594238281, 234.48843383789062, 337.2634582519531, 0.9366681575775146]
2025-08-28T19:43:06.251565+0800 - INFO - data:['forward', 970.2296142578125, 310.0714416503906, 1048.5784912109375, 345.8138122558594, 0.9136475920677185]
2025-08-28T19:43:06.251565+0800 - INFO - self.goods:[]
2025-08-28T19:43:06.252397+0800 - INFO - 退出 get_yolo_res
2025-08-28T19:43:06.252397+0800 - INFO - 确定门检查怪物数量：0	金币数量：0	是否有奖励：False	是否有继续：False
2025-08-28T19:43:06.253232+0800 - INFO - 进入 get_min_map_yolo_res
2025-08-28T19:43:06.253232+0800 - INFO - 开始截小地图
2025-08-28T19:43:06.253232+0800 - INFO - VNC截图
2025-08-28T19:43:06.308365+0800 - INFO - 小地图截图完毕
2025-08-28T19:43:06.309213+0800 - INFO - get_min_map_yolo_res
2025-08-28T19:43:06.310048+0800 - INFO - 成功发送 消息头长度
2025-08-28T19:43:06.311553+0800 - INFO - 成功发送 消息头内容
2025-08-28T19:43:06.311553+0800 - INFO - 成功发送 图片数据(2063字节)
2025-08-28T19:43:06.354762+0800 - INFO - get_min_map_yolo_res 已获取识别数据: []
2025-08-28T19:43:06.354762+0800 - INFO - 退出 get_min_map_yolo_res
2025-08-28T19:43:06.355598+0800 - INFO - self.player.map_name:深渊：终末崇拜者
2025-08-28T19:43:06.356454+0800 - INFO - door_pos:<class 'core.common.Point'>
2025-08-28T19:43:06.356454+0800 - INFO - <core.common.Point object at 0x00000213D54681F0>
2025-08-28T19:43:06.356454+0800 - INFO - door_pos:1378, 410
2025-08-28T19:43:06.357286+0800 - INFO - 目标方向： right 记录方向：left
2025-08-28T19:43:06.357286+0800 - INFO - 方向不同，加时0.1秒
2025-08-28T19:43:06.358119+0800 - INFO - VNC键盘弹起所有键
2025-08-28T19:43:06.410551+0800 - INFO - VNC键盘按下：right
2025-08-28T19:43:06.461703+0800 - INFO - VNC键盘弹起：right
2025-08-28T19:43:06.514188+0800 - INFO - VNC键盘按下：right
2025-08-28T19:43:06.565770+0800 - INFO - VNC键盘按下：up
2025-08-28T19:43:06.779541+0800 - INFO - VNC截图
2025-08-28T19:43:06.892420+0800 - INFO - VNC键盘弹起：up
2025-08-28T19:43:07.815749+0800 - INFO - VNC截图
2025-08-28T19:43:08.712884+0800 - INFO - VNC键盘弹起：right
2025-08-28T19:43:08.713934+0800 - INFO - 朝门移动耗时：2.3566477298736572秒
2025-08-28T19:43:08.815536+0800 - INFO - VNC截图
2025-08-28T19:43:08.843038+0800 - INFO - VNC截图
2025-08-28T19:43:08.846646+0800 - INFO - vnc_mm截图成功
2025-08-28T19:43:08.900996+0800 - INFO - VNC键盘弹起所有键
2025-08-28T19:43:09.341527+0800 - INFO - 结束找门
2025-08-28T19:43:09.342375+0800 - INFO - 进入 get_yolo_res
2025-08-28T19:43:09.342375+0800 - INFO - 开始截图
2025-08-28T19:43:09.342375+0800 - INFO - VNC截图
2025-08-28T19:43:09.861219+0800 - INFO - 截图完毕
2025-08-28T19:43:09.898593+0800 - INFO - 成功发送 消息头长度
2025-08-28T19:43:09.898593+0800 - INFO - 成功发送 消息头内容
2025-08-28T19:43:09.899419+0800 - INFO - 成功发送 图片数据(209422字节)
2025-08-28T19:43:09.965238+0800 - INFO - data:['player', 303.07421875, 243.77073669433594, 391.2069396972656, 267.1429138183594, 0.9342110753059387]
2025-08-28T19:43:09.966068+0800 - INFO - data:['monster', 666.548828125, 335.13677978515625, 726.3610229492188, 354.67901611328125, 0.9028649926185608]
2025-08-28T19:43:09.966068+0800 - INFO - ['monster', 666.548828125, 335.13677978515625, 726.3610229492188, 354.67901611328125, 0.9028649926185608]
2025-08-28T19:43:09.966068+0800 - INFO - data:['monster', 568.376220703125, 265.9751892089844, 628.267578125, 285.7308044433594, 0.9016872048377991]
2025-08-28T19:43:09.966904+0800 - INFO - ['monster', 568.376220703125, 265.9751892089844, 628.267578125, 285.7308044433594, 0.9016872048377991]
2025-08-28T19:43:09.966904+0800 - INFO - data:['monster', 478.2994384765625, 293.75592041015625, 535.6393432617188, 312.08087158203125, 0.8929733633995056]
2025-08-28T19:43:09.966904+0800 - INFO - ['monster', 478.2994384765625, 293.75592041015625, 535.6393432617188, 312.08087158203125, 0.8929733633995056]
2025-08-28T19:43:09.966904+0800 - INFO - data:['monster', 699.32373046875, 388.1031494140625, 757.0977172851562, 405.68994140625, 0.8912527561187744]
2025-08-28T19:43:09.967923+0800 - INFO - ['monster', 699.32373046875, 388.1031494140625, 757.0977172851562, 405.68994140625, 0.8912527561187744]
2025-08-28T19:43:09.967923+0800 - INFO - data:['monster', 444.7543029785156, 308.1085510253906, 500.8022766113281, 327.18572998046875, 0.8830288648605347]
2025-08-28T19:43:09.968463+0800 - INFO - ['monster', 444.7543029785156, 308.1085510253906, 500.8022766113281, 327.18572998046875, 0.8830288648605347]
2025-08-28T19:43:09.968463+0800 - INFO - data:['monster', 415.5222473144531, 353.5411071777344, 472.9248352050781, 371.5221252441406, 0.8808076977729797]
2025-08-28T19:43:09.969321+0800 - INFO - ['monster', 415.5222473144531, 353.5411071777344, 472.9248352050781, 371.5221252441406, 0.8808076977729797]
2025-08-28T19:43:09.969321+0800 - INFO - data:['monster', 624.827392578125, 226.12771606445312, 684.230224609375, 246.08888244628906, 0.8784968852996826]
2025-08-28T19:43:09.970152+0800 - INFO - ['monster', 624.827392578125, 226.12771606445312, 684.230224609375, 246.08888244628906, 0.8784968852996826]
2025-08-28T19:43:09.970152+0800 - INFO - data:['monster', 387.0391845703125, 255.61245727539062, 422.5627136230469, 271.2933044433594, 0.5983814001083374]
2025-08-28T19:43:09.970152+0800 - INFO - ['monster', 387.0391845703125, 255.61245727539062, 422.5627136230469, 271.2933044433594, 0.5983814001083374]
2025-08-28T19:43:09.971172+0800 - INFO - 退出 get_yolo_res
2025-08-28T19:43:09.972038+0800 - INFO - 确定门检查怪物数量：8	金币数量：0	是否有奖励：False	是否有继续：False
2025-08-28T19:43:09.972038+0800 - INFO - 进入 get_yolo_res
2025-08-28T19:43:09.972869+0800 - INFO - 开始截图
2025-08-28T19:43:09.972869+0800 - INFO - VNC截图
2025-08-28T19:43:10.100016+0800 - INFO - 截图完毕
2025-08-28T19:43:10.122982+0800 - INFO - 成功发送 消息头长度
2025-08-28T19:43:10.123986+0800 - INFO - 成功发送 消息头内容
2025-08-28T19:43:10.125006+0800 - INFO - 成功发送 图片数据(208515字节)
2025-08-28T19:43:10.182729+0800 - INFO - data:['player', 303.6669006347656, 243.4537353515625, 392.5489807128906, 267.0042724609375, 0.9267831444740295]
2025-08-28T19:43:10.182729+0800 - INFO - data:['monster', 449.184814453125, 354.31512451171875, 505.58905029296875, 371.9372253417969, 0.919078528881073]
2025-08-28T19:43:10.182729+0800 - INFO - ['monster', 449.184814453125, 354.31512451171875, 505.58905029296875, 371.9372253417969, 0.919078528881073]
2025-08-28T19:43:10.184249+0800 - INFO - data:['monster', 633.8812866210938, 335.1814270019531, 691.326171875, 353.9705505371094, 0.9141385555267334]
2025-08-28T19:43:10.185114+0800 - INFO - ['monster', 633.8812866210938, 335.1814270019531, 691.326171875, 353.9705505371094, 0.9141385555267334]
2025-08-28T19:43:10.185114+0800 - INFO - data:['monster', 732.2696533203125, 388.0814208984375, 790.881103515625, 406.6683654785156, 0.9100139737129211]
2025-08-28T19:43:10.185114+0800 - INFO - ['monster', 732.2696533203125, 388.0814208984375, 790.881103515625, 406.6683654785156, 0.9100139737129211]
2025-08-28T19:43:10.186676+0800 - INFO - data:['monster', 510.39776611328125, 294.1197204589844, 568.1240234375, 312.7294006347656, 0.9031093716621399]
2025-08-28T19:43:10.186676+0800 - INFO - ['monster', 510.39776611328125, 294.1197204589844, 568.1240234375, 312.7294006347656, 0.9031093716621399]
2025-08-28T19:43:10.187458+0800 - INFO - data:['monster', 536.1594848632812, 265.74859619140625, 594.7341918945312, 285.0084228515625, 0.9003611207008362]
2025-08-28T19:43:10.187458+0800 - INFO - ['monster', 536.1594848632812, 265.74859619140625, 594.7341918945312, 285.0084228515625, 0.9003611207008362]
2025-08-28T19:43:10.188289+0800 - INFO - data:['monster', 410.0817565917969, 307.8019714355469, 470.8175048828125, 327.47332763671875, 0.8877151608467102]
2025-08-28T19:43:10.189119+0800 - INFO - ['monster', 410.0817565917969, 307.8019714355469, 470.8175048828125, 327.47332763671875, 0.8877151608467102]
2025-08-28T19:43:10.189119+0800 - INFO - data:['monster', 590.9338989257812, 226.03160095214844, 650.1365356445312, 245.8957977294922, 0.8699785470962524]
2025-08-28T19:43:10.189951+0800 - INFO - ['monster', 590.9338989257812, 226.03160095214844, 650.1365356445312, 245.8957977294922, 0.8699785470962524]
2025-08-28T19:43:10.189951+0800 - INFO - 退出 get_yolo_res
2025-08-28T19:43:10.191805+0800 - INFO - 开始攻击怪物
2025-08-28T19:43:10.191805+0800 - INFO - VNC截图
2025-08-28T19:43:10.346390+0800 - INFO - VNC截图
2025-08-28T19:43:10.349732+0800 - INFO - 打怪中···
2025-08-28T19:43:10.350560+0800 - INFO - 进入 get_yolo_res
2025-08-28T19:43:10.383437+0800 - INFO - 成功发送 消息头长度
2025-08-28T19:43:10.383437+0800 - INFO - 成功发送 消息头内容
2025-08-28T19:43:10.384441+0800 - INFO - 成功发送 图片数据(206987字节)
2025-08-28T19:43:10.441982+0800 - INFO - data:['monster', 557.9789428710938, 242.73728942871094, 617.3985595703125, 263.0045471191406, 0.919643759727478]
2025-08-28T19:43:10.441982+0800 - INFO - ['monster', 557.9789428710938, 242.73728942871094, 617.3985595703125, 263.0045471191406, 0.919643759727478]
2025-08-28T19:43:10.441982+0800 - INFO - data:['monster', 765.2549438476562, 388.1826171875, 823.4691162109375, 406.9176330566406, 0.9170940518379211]
2025-08-28T19:43:10.441982+0800 - INFO - ['monster', 765.2549438476562, 388.1826171875, 823.4691162109375, 406.9176330566406, 0.9170940518379211]
2025-08-28T19:43:10.441982+0800 - INFO - data:['monster', 483.334716796875, 353.8297424316406, 540.3829956054688, 372.0870056152344, 0.9147834181785583]
2025-08-28T19:43:10.441982+0800 - INFO - ['monster', 483.334716796875, 353.8297424316406, 540.3829956054688, 372.0870056152344, 0.9147834181785583]
2025-08-28T19:43:10.443490+0800 - INFO - data:['monster', 382.0348205566406, 307.475341796875, 442.4253845214844, 326.96661376953125, 0.8958258032798767]
2025-08-28T19:43:10.444021+0800 - INFO - ['monster', 382.0348205566406, 307.475341796875, 442.4253845214844, 326.96661376953125, 0.8958258032798767]
2025-08-28T19:43:10.444021+0800 - INFO - data:['monster', 598.8783569335938, 309.60137939453125, 657.96826171875, 327.9225769042969, 0.88775235414505]
2025-08-28T19:43:10.444557+0800 - INFO - ['monster', 598.8783569335938, 309.60137939453125, 657.96826171875, 327.9225769042969, 0.88775235414505]
2025-08-28T19:43:10.444557+0800 - INFO - data:['player', 303.5065612792969, 243.56881713867188, 385.6790466308594, 266.55645751953125, 0.8808767795562744]
2025-08-28T19:43:10.444557+0800 - INFO - data:['monster', 507.407958984375, 265.8896484375, 566.198486328125, 285.2402648925781, 0.8757568597793579]
2025-08-28T19:43:10.444557+0800 - INFO - ['monster', 507.407958984375, 265.8896484375, 566.198486328125, 285.2402648925781, 0.8757568597793579]
2025-08-28T19:43:10.445584+0800 - INFO - data:['monster', 548.0281982421875, 294.30902099609375, 581.5931396484375, 309.9508361816406, 0.40107184648513794]
2025-08-28T19:43:10.445584+0800 - INFO - ['monster', 548.0281982421875, 294.30902099609375, 581.5931396484375, 309.9508361816406, 0.40107184648513794]
2025-08-28T19:43:10.446453+0800 - INFO - 退出 get_yolo_res
2025-08-28T19:43:10.447284+0800 - INFO - 进入 ocr
2025-08-28T19:43:10.448102+0800 - INFO - 成功发送 消息头长度
2025-08-28T19:43:10.448102+0800 - INFO - 成功发送 消息头内容
2025-08-28T19:43:10.448933+0800 - INFO - 成功发送 图片数据(947字节)
2025-08-28T19:43:10.467303+0800 - INFO - ocr 已获取识别数据: 100%
2025-08-28T19:43:10.467303+0800 - INFO - 退出 ocr
2025-08-28T19:43:10.467303+0800 - INFO - 当前血量为：100.0
2025-08-28T19:43:10.467303+0800 - INFO - 开始向怪物移动
2025-08-28T19:43:10.467303+0800 - INFO - 目标方向： left 记录方向：right
2025-08-28T19:43:10.468823+0800 - INFO - VNC键盘弹起所有键
2025-08-28T19:43:10.599025+0800 - INFO - VNC键盘按下：left
2025-08-28T19:43:10.650486+0800 - INFO - VNC键盘弹起：left
2025-08-28T19:43:10.702110+0800 - INFO - VNC键盘按下：left
2025-08-28T19:43:10.754238+0800 - INFO - VNC键盘按下：down
2025-08-28T19:43:10.823446+0800 - INFO - VNC键盘弹起：left
2025-08-28T19:43:10.854476+0800 - INFO - VNC键盘弹起：down
2025-08-28T19:43:10.906134+0800 - INFO - VNC键盘点击：right
2025-08-28T19:43:10.958686+0800 - INFO - 结束向怪物移动
2025-08-28T19:43:10.959518+0800 - INFO - 当前怪物是普通怪物,释放打普通怪物的技能
2025-08-28T19:43:10.960352+0800 - INFO - 已释放技能列表: ['q', 'w', 'e']
2025-08-28T19:43:10.960352+0800 - INFO - 第一排技能 - 检查技能: q
2025-08-28T19:43:10.961198+0800 - INFO - 找到可用技能: q
2025-08-28T19:43:10.961198+0800 - INFO - 使用技能：q
2025-08-28T19:43:10.962718+0800 - INFO - VNC键盘点击：q
2025-08-28T19:43:11.119356+0800 - INFO - VNC截图
2025-08-28T19:43:11.158076+0800 - INFO - 检查技能位置：v
2025-08-28T19:43:11.359092+0800 - INFO - VNC截图
2025-08-28T19:43:11.417922+0800 - INFO - 打怪中···
2025-08-28T19:43:11.418779+0800 - INFO - 进入 get_yolo_res
2025-08-28T19:43:11.457760+0800 - INFO - 成功发送 消息头长度
2025-08-28T19:43:11.457760+0800 - INFO - 成功发送 消息头内容
2025-08-28T19:43:11.458765+0800 - INFO - 成功发送 图片数据(229119字节)
2025-08-28T19:43:11.506200+0800 - INFO - data:['player', 235.9025421142578, 265.4602355957031, 326.2822265625, 290.1434326171875, 0.9284959435462952]
2025-08-28T19:43:11.506200+0800 - INFO - data:['monster', 858.6145629882812, 388.3332214355469, 916.9180908203125, 407.06304931640625, 0.9124357104301453]
2025-08-28T19:43:11.506200+0800 - INFO - ['monster', 858.6145629882812, 388.3332214355469, 916.9180908203125, 407.06304931640625, 0.9124357104301453]
2025-08-28T19:43:11.507030+0800 - INFO - data:['goods', 335.5173645019531, 256.2281494140625, 414.4344177246094, 277.2641906738281, 0.8409093618392944]
2025-08-28T19:43:11.507030+0800 - INFO - 刷深渊中，当前不是boss房不捡物品
2025-08-28T19:43:11.507030+0800 - INFO - 退出 get_yolo_res
2025-08-28T19:43:11.508690+0800 - INFO - 进入 ocr
2025-08-28T19:43:11.508690+0800 - INFO - 成功发送 消息头长度
2025-08-28T19:43:11.509699+0800 - INFO - 成功发送 消息头内容
2025-08-28T19:43:11.510566+0800 - INFO - 成功发送 图片数据(946字节)
2025-08-28T19:43:11.533181+0800 - INFO - ocr 已获取识别数据: 100%
2025-08-28T19:43:11.533181+0800 - INFO - 退出 ocr
2025-08-28T19:43:11.534187+0800 - INFO - 当前血量为：100.0
2025-08-28T19:43:11.534187+0800 - INFO - 开始向怪物移动
2025-08-28T19:43:11.534187+0800 - INFO - 目标方向： right 记录方向：left
2025-08-28T19:43:11.535706+0800 - INFO - 方向不同，加时0.1秒
2025-08-28T19:43:11.535706+0800 - INFO - VNC键盘弹起所有键
2025-08-28T19:43:11.550416+0800 - INFO - VNC截图
2025-08-28T19:43:11.589374+0800 - INFO - VNC键盘按下：right
2025-08-28T19:43:11.717290+0800 - INFO - VNC键盘弹起：right
2025-08-28T19:43:11.768784+0800 - INFO - VNC键盘按下：right
2025-08-28T19:43:11.820573+0800 - INFO - VNC键盘按下：down
2025-08-28T19:43:12.288006+0800 - INFO - VNC键盘弹起：down
2025-08-28T19:43:12.629457+0800 - INFO - VNC键盘弹起：right
2025-08-28T19:43:12.629457+0800 - INFO - VNC键盘点击：right
2025-08-28T19:43:12.670568+0800 - INFO - VNC截图
2025-08-28T19:43:12.703206+0800 - INFO - 结束向怪物移动
2025-08-28T19:43:12.704252+0800 - INFO - 当前怪物是普通怪物,释放打普通怪物的技能
2025-08-28T19:43:12.704252+0800 - INFO - 已释放技能列表: ['q', 'w', 'e']
2025-08-28T19:43:12.705103+0800 - INFO - 第一排技能 - 检查技能: q
2025-08-28T19:43:12.706623+0800 - INFO - 第一排技能 - 检查技能: w
2025-08-28T19:43:12.708342+0800 - INFO - 找到可用技能: w
2025-08-28T19:43:12.708342+0800 - INFO - 使用技能：w
2025-08-28T19:43:12.709175+0800 - INFO - VNC键盘点击：w
2025-08-28T19:43:12.866048+0800 - INFO - VNC截图
2025-08-28T19:43:13.015398+0800 - INFO - 检查技能位置：v
2025-08-28T19:43:13.216845+0800 - INFO - VNC截图
2025-08-28T19:43:13.318874+0800 - INFO - 打怪中···
2025-08-28T19:43:13.318874+0800 - INFO - 进入 get_yolo_res
2025-08-28T19:43:13.352350+0800 - INFO - 成功发送 消息头长度
2025-08-28T19:43:13.352350+0800 - INFO - 成功发送 消息头内容
2025-08-28T19:43:13.353872+0800 - INFO - 成功发送 图片数据(183256字节)
2025-08-28T19:43:13.410089+0800 - INFO - data:['forward', 890.832275390625, 267.4611511230469, 966.3189086914062, 302.4244079589844, 0.9598080515861511]
2025-08-28T19:43:13.410936+0800 - INFO - data:['player', 689.064208984375, 319.434814453125, 778.0660400390625, 344.0838317871094, 0.9274792075157166]
2025-08-28T19:43:13.410936+0800 - INFO - self.goods:[]
2025-08-28T19:43:13.411752+0800 - INFO - 退出 get_yolo_res
2025-08-28T19:43:13.411752+0800 - INFO - 结束攻击怪物
2025-08-28T19:43:13.412600+0800 - INFO - 进入 get_yolo_res
2025-08-28T19:43:13.412600+0800 - INFO - 开始截图
2025-08-28T19:43:13.413430+0800 - INFO - VNC截图
2025-08-28T19:43:13.449402+0800 - INFO - 截图完毕
2025-08-28T19:43:13.472871+0800 - INFO - 成功发送 消息头长度
2025-08-28T19:43:13.472871+0800 - INFO - 成功发送 消息头内容
2025-08-28T19:43:13.472871+0800 - INFO - 成功发送 图片数据(183458字节)
2025-08-28T19:43:13.527589+0800 - INFO - data:['forward', 891.017578125, 267.6510314941406, 967.2335815429688, 302.2162170410156, 0.9547473788261414]
2025-08-28T19:43:13.527589+0800 - INFO - data:['player', 688.9548950195312, 319.4637145996094, 778.1091918945312, 344.16583251953125, 0.9309380054473877]
2025-08-28T19:43:13.527589+0800 - INFO - self.goods:[]
2025-08-28T19:43:13.528593+0800 - INFO - 退出 get_yolo_res
2025-08-28T19:43:13.529114+0800 - INFO - 开始找门
2025-08-28T19:43:13.529635+0800 - INFO - 进入 get_yolo_res
2025-08-28T19:43:13.529635+0800 - INFO - 开始截图
2025-08-28T19:43:13.529635+0800 - INFO - VNC截图
2025-08-28T19:43:13.653009+0800 - INFO - 截图完毕
2025-08-28T19:43:13.676139+0800 - INFO - 成功发送 消息头长度
2025-08-28T19:43:13.677015+0800 - INFO - 成功发送 消息头内容
2025-08-28T19:43:13.677848+0800 - INFO - 成功发送 图片数据(180857字节)
2025-08-28T19:43:13.708156+0800 - INFO - VNC截图
2025-08-28T19:43:13.741166+0800 - INFO - data:['forward', 891.1328735351562, 267.6578063964844, 969.6876831054688, 302.659912109375, 0.9454519152641296]
2025-08-28T19:43:13.741166+0800 - INFO - data:['player', 688.8077392578125, 319.28521728515625, 778.1246948242188, 344.3635559082031, 0.9294186234474182]
2025-08-28T19:43:13.741166+0800 - INFO - self.goods:[]
2025-08-28T19:43:13.741166+0800 - INFO - 退出 get_yolo_res
2025-08-28T19:43:13.742692+0800 - INFO - 确定门检查怪物数量：0	金币数量：0	是否有奖励：False	是否有继续：False
2025-08-28T19:43:13.742692+0800 - INFO - 进入 get_min_map_yolo_res
2025-08-28T19:43:13.742692+0800 - INFO - 开始截小地图
2025-08-28T19:43:13.743584+0800 - INFO - VNC截图
2025-08-28T19:43:14.002965+0800 - INFO - 小地图截图完毕
2025-08-28T19:43:14.004485+0800 - INFO - get_min_map_yolo_res
2025-08-28T19:43:14.004485+0800 - INFO - 成功发送 消息头长度
2025-08-28T19:43:14.005353+0800 - INFO - 成功发送 消息头内容
2025-08-28T19:43:14.005353+0800 - INFO - 成功发送 图片数据(2036字节)
2025-08-28T19:43:14.039426+0800 - INFO - get_min_map_yolo_res 已获取识别数据: []
2025-08-28T19:43:14.040242+0800 - INFO - 退出 get_min_map_yolo_res
2025-08-28T19:43:14.040242+0800 - INFO - self.player.map_name:深渊：终末崇拜者
2025-08-28T19:43:14.041073+0800 - INFO - door_pos:<class 'core.common.Point'>
2025-08-28T19:43:14.041073+0800 - INFO - <core.common.Point object at 0x00000213D519FBB0>
2025-08-28T19:43:14.041073+0800 - INFO - door_pos:1435, 400
2025-08-28T19:43:14.041921+0800 - INFO - 目标方向： right 记录方向：right
2025-08-28T19:43:14.041921+0800 - INFO - VNC键盘弹起所有键
2025-08-28T19:43:14.095291+0800 - INFO - VNC键盘按下：right
2025-08-28T19:43:14.147085+0800 - INFO - VNC键盘弹起：right
2025-08-28T19:43:14.198668+0800 - INFO - VNC键盘按下：right
2025-08-28T19:43:14.250518+0800 - INFO - VNC键盘按下：up
2025-08-28T19:43:14.658196+0800 - INFO - VNC键盘弹起：up
2025-08-28T19:43:14.850934+0800 - INFO - VNC截图
2025-08-28T19:43:15.418291+0800 - INFO - VNC键盘弹起：right
2025-08-28T19:43:15.420020+0800 - INFO - 朝门移动耗时：1.378098726272583秒
2025-08-28T19:43:15.520755+0800 - INFO - VNC截图
2025-08-28T19:43:15.564393+0800 - INFO - vnc_mm截图成功
2025-08-28T19:43:15.606291+0800 - INFO - VNC键盘弹起所有键
2025-08-28T19:43:15.609720+0800 - INFO - 结束找门
2025-08-28T19:43:15.609720+0800 - INFO - 进入 get_yolo_res
2025-08-28T19:43:15.610551+0800 - INFO - 开始截图
2025-08-28T19:43:15.611380+0800 - INFO - VNC截图
2025-08-28T19:43:15.838747+0800 - INFO - 截图完毕
2025-08-28T19:43:15.860618+0800 - INFO - 成功发送 消息头长度
2025-08-28T19:43:15.860618+0800 - INFO - 成功发送 消息头内容
2025-08-28T19:43:15.862272+0800 - INFO - 成功发送 图片数据(193901字节)
2025-08-28T19:43:15.900487+0800 - INFO - VNC截图
2025-08-28T19:43:15.932034+0800 - INFO - data:['boss_sy', 522.4024658203125, 171.92320251464844, 669.267578125, 315.9014892578125, 0.9558213353157043]
2025-08-28T19:43:15.933039+0800 - INFO - ['boss_sy', 522.4024658203125, 171.92320251464844, 669.267578125, 315.9014892578125, 0.9558213353157043]
2025-08-28T19:43:15.933039+0800 - INFO - yolo处理 最少房间要求为：2
2025-08-28T19:43:15.933039+0800 - INFO - 0的数量:
2025-08-28T19:43:15.934582+0800 - INFO - 当前过门次数self.to_door_count：3
2025-08-28T19:43:15.934582+0800 - INFO - data:['player', 402.39166259765625, 239.16600036621094, 488.39459228515625, 263.4626159667969, 0.9150142073631287]
2025-08-28T19:43:15.935607+0800 - INFO - 退出 get_yolo_res
2025-08-28T19:43:15.936129+0800 - INFO - 确定门检查怪物数量：1	金币数量：0	是否有奖励：False	是否有继续：False
2025-08-28T19:43:15.936993+0800 - INFO - 进入 get_yolo_res
2025-08-28T19:43:15.937824+0800 - INFO - 开始截图
2025-08-28T19:43:15.937824+0800 - INFO - VNC截图
2025-08-28T19:43:16.266843+0800 - INFO - 截图完毕
2025-08-28T19:43:16.296437+0800 - INFO - 成功发送 消息头长度
2025-08-28T19:43:16.297283+0800 - INFO - 成功发送 消息头内容
2025-08-28T19:43:16.297283+0800 - INFO - 成功发送 图片数据(192154字节)
2025-08-28T19:43:16.361772+0800 - INFO - data:['boss_sy', 521.5563354492188, 178.53195190429688, 671.0205688476562, 320.5931396484375, 0.9412517547607422]
2025-08-28T19:43:16.362325+0800 - INFO - ['boss_sy', 521.5563354492188, 178.53195190429688, 671.0205688476562, 320.5931396484375, 0.9412517547607422]
2025-08-28T19:43:16.362426+0800 - INFO - yolo处理 最少房间要求为：2
2025-08-28T19:43:16.362931+0800 - INFO - 0的数量:
2025-08-28T19:43:16.362931+0800 - INFO - 当前过门次数self.to_door_count：3
2025-08-28T19:43:16.363474+0800 - INFO - data:['player', 402.4451904296875, 239.1367950439453, 490.90380859375, 263.7845764160156, 0.9258847236633301]
2025-08-28T19:43:16.364007+0800 - INFO - 退出 get_yolo_res
2025-08-28T19:43:16.364527+0800 - INFO - BOSS房处理
2025-08-28T19:43:16.365118+0800 - INFO - 开始攻击怪物
2025-08-28T19:43:16.365118+0800 - INFO - VNC截图
2025-08-28T19:43:16.460975+0800 - INFO - 打怪中···
2025-08-28T19:43:16.460975+0800 - INFO - 进入 get_yolo_res
2025-08-28T19:43:16.484554+0800 - INFO - 成功发送 消息头长度
2025-08-28T19:43:16.484554+0800 - INFO - 成功发送 消息头内容
2025-08-28T19:43:16.485423+0800 - INFO - 成功发送 图片数据(191881字节)
2025-08-28T19:43:16.551923+0800 - INFO - data:['boss_sy', 519.425048828125, 179.25111389160156, 671.1509399414062, 322.8260803222656, 0.9471378922462463]
2025-08-28T19:43:16.551923+0800 - INFO - ['boss_sy', 519.425048828125, 179.25111389160156, 671.1509399414062, 322.8260803222656, 0.9471378922462463]
2025-08-28T19:43:16.553439+0800 - INFO - yolo处理 最少房间要求为：2
2025-08-28T19:43:16.553439+0800 - INFO - 0的数量:
2025-08-28T19:43:16.553439+0800 - INFO - 当前过门次数self.to_door_count：3
2025-08-28T19:43:16.554467+0800 - INFO - data:['player', 402.46075439453125, 238.9846954345703, 490.7335205078125, 263.6184387207031, 0.9223916530609131]
2025-08-28T19:43:16.554467+0800 - INFO - 退出 get_yolo_res
2025-08-28T19:43:16.555326+0800 - INFO - 进入 ocr
2025-08-28T19:43:16.556160+0800 - INFO - 成功发送 消息头长度
2025-08-28T19:43:16.556160+0800 - INFO - 成功发送 消息头内容
2025-08-28T19:43:16.556994+0800 - INFO - 成功发送 图片数据(947字节)
2025-08-28T19:43:16.594592+0800 - INFO - ocr 已获取识别数据: 100%
2025-08-28T19:43:16.595463+0800 - INFO - 退出 ocr
2025-08-28T19:43:16.595463+0800 - INFO - 当前血量为：100.0
2025-08-28T19:43:16.595463+0800 - INFO - 开始向怪物移动
2025-08-28T19:43:16.596295+0800 - INFO - 目标方向： left 记录方向：right
2025-08-28T19:43:16.596295+0800 - INFO - VNC键盘弹起所有键
2025-08-28T19:43:16.649670+0800 - INFO - VNC键盘按下：left
2025-08-28T19:43:16.701469+0800 - INFO - VNC键盘弹起：left
2025-08-28T19:43:16.753768+0800 - INFO - VNC键盘按下：left
2025-08-28T19:43:16.805478+0800 - INFO - VNC键盘按下：down
2025-08-28T19:43:16.857591+0800 - INFO - VNC键盘弹起：left
2025-08-28T19:43:16.881647+0800 - INFO - VNC键盘弹起：down
2025-08-28T19:43:16.934549+0800 - INFO - VNC键盘点击：right
2025-08-28T19:43:17.004341+0800 - INFO - 结束向怪物移动
2025-08-28T19:43:17.005234+0800 - INFO - 当前怪物是Boss,释放打Boss的技能
2025-08-28T19:43:17.006045+0800 - INFO - 检查Boss技能: ctrl
2025-08-28T19:43:17.006882+0800 - INFO - 特殊技能 ctrl 可用 (职业: 女鬼剑士-契魔者)
2025-08-28T19:43:17.006882+0800 - INFO - 使用技能：ctrl
2025-08-28T19:43:17.007713+0800 - INFO - VNC键盘点击：ctrl
2025-08-28T19:43:17.102509+0800 - INFO - VNC截图
2025-08-28T19:43:17.168032+0800 - INFO - VNC截图
2025-08-28T19:43:17.358091+0800 - INFO - 检查技能位置：v
2025-08-28T19:43:17.559547+0800 - INFO - VNC截图
2025-08-28T19:43:17.607883+0800 - INFO - 检查技能位置：v
2025-08-28T19:43:17.809679+0800 - INFO - VNC截图
2025-08-28T19:43:17.864438+0800 - INFO - 检查技能位置：v
2025-08-28T19:43:18.066163+0800 - INFO - VNC截图
2025-08-28T19:43:18.104355+0800 - INFO - 打怪中···
2025-08-28T19:43:18.104355+0800 - INFO - 进入 get_yolo_res
2025-08-28T19:43:18.127682+0800 - INFO - 成功发送 消息头长度
2025-08-28T19:43:18.128534+0800 - INFO - 成功发送 消息头内容
2025-08-28T19:43:18.129368+0800 - INFO - 成功发送 图片数据(170691字节)
2025-08-28T19:43:18.139151+0800 - INFO - VNC截图
2025-08-28T19:43:18.185673+0800 - INFO - data:['player', 374.23785400390625, 248.63723754882812, 463.1404724121094, 273.76239013671875, 0.897270143032074]
2025-08-28T19:43:18.186522+0800 - INFO - data:['boss_sy', 495.3558349609375, 181.24900817871094, 662.3622436523438, 343.99725341796875, 0.8366537690162659]
2025-08-28T19:43:18.186522+0800 - INFO - ['boss_sy', 495.3558349609375, 181.24900817871094, 662.3622436523438, 343.99725341796875, 0.8366537690162659]
2025-08-28T19:43:18.186522+0800 - INFO - yolo处理 最少房间要求为：2
2025-08-28T19:43:18.187353+0800 - INFO - 0的数量:
2025-08-28T19:43:18.187353+0800 - INFO - 当前过门次数self.to_door_count：3
2025-08-28T19:43:18.187353+0800 - INFO - 退出 get_yolo_res
2025-08-28T19:43:18.188185+0800 - INFO - 进入 ocr
2025-08-28T19:43:18.188185+0800 - INFO - 成功发送 消息头长度
2025-08-28T19:43:18.189691+0800 - INFO - 成功发送 消息头内容
2025-08-28T19:43:18.190574+0800 - INFO - 成功发送 图片数据(947字节)
2025-08-28T19:43:18.216924+0800 - INFO - ocr 已获取识别数据: 100%
2025-08-28T19:43:18.216924+0800 - INFO - 退出 ocr
2025-08-28T19:43:18.217756+0800 - INFO - 当前血量为：100.0
2025-08-28T19:43:18.217756+0800 - INFO - 开始向怪物移动
2025-08-28T19:43:18.218589+0800 - INFO - 目标方向： right 记录方向：left
2025-08-28T19:43:18.218589+0800 - INFO - VNC键盘弹起所有键
2025-08-28T19:43:18.342268+0800 - INFO - VNC键盘按下：right
2025-08-28T19:43:18.394810+0800 - INFO - VNC键盘弹起：right
2025-08-28T19:43:18.446924+0800 - INFO - VNC键盘按下：right
2025-08-28T19:43:18.499118+0800 - INFO - VNC键盘按下：down
2025-08-28T19:43:18.551103+0800 - INFO - VNC键盘弹起：right
2025-08-28T19:43:18.649042+0800 - INFO - VNC键盘弹起：down
2025-08-28T19:43:18.701208+0800 - INFO - VNC键盘点击：right
2025-08-28T19:43:18.772710+0800 - INFO - 结束向怪物移动
2025-08-28T19:43:18.773571+0800 - INFO - 当前怪物是Boss,释放打Boss的技能
2025-08-28T19:43:18.774578+0800 - INFO - 检查Boss技能: ctrl
2025-08-28T19:43:18.775125+0800 - INFO - 检查Boss技能: q
2025-08-28T19:43:18.775983+0800 - INFO - 找到可用技能: q
2025-08-28T19:43:18.776813+0800 - INFO - 使用技能：q
2025-08-28T19:43:18.776813+0800 - INFO - VNC键盘点击：q
2025-08-28T19:43:18.940783+0800 - INFO - VNC截图
2025-08-28T19:43:18.971744+0800 - INFO - 检查技能位置：v
2025-08-28T19:43:19.173627+0800 - INFO - VNC截图
2025-08-28T19:43:19.241883+0800 - INFO - 打怪中···
2025-08-28T19:43:19.241883+0800 - INFO - 进入 get_yolo_res
2025-08-28T19:43:19.264301+0800 - INFO - 成功发送 消息头长度
2025-08-28T19:43:19.264840+0800 - INFO - 成功发送 消息头内容
2025-08-28T19:43:19.265692+0800 - INFO - 成功发送 图片数据(197839字节)
2025-08-28T19:43:19.296770+0800 - INFO - VNC截图
2025-08-28T19:43:19.329296+0800 - INFO - data:['boss_sy', 499.41290283203125, 144.4801788330078, 688.9589233398438, 319.1513366699219, 0.9099951386451721]
2025-08-28T19:43:19.329296+0800 - INFO - ['boss_sy', 499.41290283203125, 144.4801788330078, 688.9589233398438, 319.1513366699219, 0.9099951386451721]
2025-08-28T19:43:19.330156+0800 - INFO - yolo处理 最少房间要求为：2
2025-08-28T19:43:19.330987+0800 - INFO - 0的数量:
2025-08-28T19:43:19.330987+0800 - INFO - 当前过门次数self.to_door_count：3
2025-08-28T19:43:19.331819+0800 - INFO - 退出 get_yolo_res
2025-08-28T19:43:19.333482+0800 - INFO - 进入 ocr
2025-08-28T19:43:19.334487+0800 - INFO - 成功发送 消息头长度
2025-08-28T19:43:19.334487+0800 - INFO - 成功发送 消息头内容
2025-08-28T19:43:19.335518+0800 - INFO - 成功发送 图片数据(933字节)
2025-08-28T19:43:19.354851+0800 - INFO - ocr 已获取识别数据: 100%
2025-08-28T19:43:19.355713+0800 - INFO - 退出 ocr
2025-08-28T19:43:19.355713+0800 - INFO - 当前血量为：100.0
2025-08-28T19:43:19.356721+0800 - INFO - 开始向怪物移动
2025-08-28T19:43:19.356721+0800 - INFO - 当前怪物是Boss,释放打Boss的技能
2025-08-28T19:43:19.357750+0800 - INFO - 检查Boss技能: ctrl
2025-08-28T19:43:19.358614+0800 - INFO - 检查Boss技能: q
2025-08-28T19:43:19.359446+0800 - INFO - 找到可用技能: q
2025-08-28T19:43:19.360279+0800 - INFO - 使用技能：q
2025-08-28T19:43:19.360279+0800 - INFO - VNC键盘点击：q
2025-08-28T19:43:19.616685+0800 - INFO - VNC截图
2025-08-28T19:43:19.690443+0800 - INFO - 检查技能位置：v
2025-08-28T19:43:19.891794+0800 - INFO - VNC截图
2025-08-28T19:43:19.921882+0800 - INFO - 检查技能位置：v
2025-08-28T19:43:20.123744+0800 - INFO - VNC截图
2025-08-28T19:43:20.165324+0800 - INFO - 打怪中···
2025-08-28T19:43:20.165324+0800 - INFO - 进入 get_yolo_res
2025-08-28T19:43:20.196303+0800 - INFO - 成功发送 消息头长度
2025-08-28T19:43:20.196303+0800 - INFO - 成功发送 消息头内容
2025-08-28T19:43:20.197138+0800 - INFO - 成功发送 图片数据(201270字节)
2025-08-28T19:43:20.257239+0800 - INFO - data:['boss_sy', 504.62469482421875, 151.1838836669922, 686.2628784179688, 347.4314880371094, 0.9575576186180115]
2025-08-28T19:43:20.258258+0800 - INFO - ['boss_sy', 504.62469482421875, 151.1838836669922, 686.2628784179688, 347.4314880371094, 0.9575576186180115]
2025-08-28T19:43:20.258258+0800 - INFO - yolo处理 最少房间要求为：2
2025-08-28T19:43:20.259111+0800 - INFO - 0的数量:
2025-08-28T19:43:20.259111+0800 - INFO - 当前过门次数self.to_door_count：3
2025-08-28T19:43:20.259111+0800 - INFO - data:['player', 485.3665466308594, 273.7704772949219, 577.1715698242188, 295.0790100097656, 0.5413545966148376]
2025-08-28T19:43:20.259943+0800 - INFO - 退出 get_yolo_res
2025-08-28T19:43:20.260774+0800 - INFO - 进入 ocr
2025-08-28T19:43:20.261605+0800 - INFO - 成功发送 消息头长度
2025-08-28T19:43:20.261605+0800 - INFO - 成功发送 消息头内容
2025-08-28T19:43:20.262439+0800 - INFO - 成功发送 图片数据(946字节)
2025-08-28T19:43:20.284205+0800 - INFO - ocr 已获取识别数据: 100%
2025-08-28T19:43:20.284205+0800 - INFO - 退出 ocr
2025-08-28T19:43:20.284749+0800 - INFO - 当前血量为：100.0
2025-08-28T19:43:20.284749+0800 - INFO - 开始向怪物移动
2025-08-28T19:43:20.285626+0800 - INFO - 目标方向： left 记录方向：right
2025-08-28T19:43:20.285626+0800 - INFO - VNC键盘弹起所有键
2025-08-28T19:43:20.338602+0800 - INFO - VNC键盘按下：left
2025-08-28T19:43:20.390771+0800 - INFO - VNC键盘弹起：left
2025-08-28T19:43:20.442817+0800 - INFO - VNC键盘按下：left
2025-08-28T19:43:20.461694+0800 - INFO - VNC截图
2025-08-28T19:43:20.494883+0800 - INFO - VNC键盘按下：down
2025-08-28T19:43:20.560378+0800 - INFO - VNC键盘弹起：down
2025-08-28T19:43:20.576682+0800 - INFO - VNC键盘弹起：left
2025-08-28T19:43:20.578234+0800 - INFO - VNC键盘点击：right
2025-08-28T19:43:20.652753+0800 - INFO - 结束向怪物移动
2025-08-28T19:43:20.653756+0800 - INFO - 当前怪物是Boss,释放打Boss的技能
2025-08-28T19:43:20.654772+0800 - INFO - 检查Boss技能: ctrl
2025-08-28T19:43:20.654772+0800 - INFO - 检查Boss技能: q
2025-08-28T19:43:20.655813+0800 - INFO - 检查Boss技能: w
2025-08-28T19:43:20.656840+0800 - INFO - 找到可用技能: w
2025-08-28T19:43:20.656840+0800 - INFO - 使用技能：w
2025-08-28T19:43:20.658417+0800 - INFO - VNC键盘点击：w
2025-08-28T19:43:20.819066+0800 - INFO - VNC截图
2025-08-28T19:43:20.854817+0800 - INFO - 检查技能位置：v
2025-08-28T19:43:21.056865+0800 - INFO - VNC截图
2025-08-28T19:43:21.140935+0800 - INFO - 检查技能位置：v
2025-08-28T19:43:21.342868+0800 - INFO - VNC截图
2025-08-28T19:43:21.424932+0800 - INFO - 检查技能位置：v
2025-08-28T19:43:21.503622+0800 - INFO - VNC截图
2025-08-28T19:43:21.627395+0800 - INFO - VNC截图
2025-08-28T19:43:21.802082+0800 - INFO - 检查技能位置：v
2025-08-28T19:43:22.003552+0800 - INFO - VNC截图
2025-08-28T19:43:22.051969+0800 - INFO - 检查技能位置：v
2025-08-28T19:43:22.254904+0800 - INFO - VNC截图
2025-08-28T19:43:22.293556+0800 - INFO - 检查技能位置：v
2025-08-28T19:43:22.495466+0800 - INFO - VNC截图
2025-08-28T19:43:22.549929+0800 - INFO - 检查技能位置：v
2025-08-28T19:43:22.591091+0800 - INFO - VNC截图
2025-08-28T19:43:22.751347+0800 - INFO - VNC截图
2025-08-28T19:43:22.802002+0800 - INFO - 检查技能位置：v
2025-08-28T19:43:23.003629+0800 - INFO - VNC截图
2025-08-28T19:43:23.035451+0800 - INFO - 检查技能位置：v
2025-08-28T19:43:23.238648+0800 - INFO - VNC截图
2025-08-28T19:43:23.275884+0800 - INFO - 检查技能位置：v
2025-08-28T19:43:23.477828+0800 - INFO - VNC截图
2025-08-28T19:43:23.518952+0800 - INFO - 检查技能位置：v
2025-08-28T19:43:23.644122+0800 - INFO - VNC截图
2025-08-28T19:43:23.720486+0800 - INFO - VNC截图
2025-08-28T19:43:23.908729+0800 - INFO - 打怪中···
2025-08-28T19:43:23.909557+0800 - INFO - 进入 get_yolo_res
2025-08-28T19:43:23.930028+0800 - INFO - 成功发送 消息头长度
2025-08-28T19:43:23.930028+0800 - INFO - 成功发送 消息头内容
2025-08-28T19:43:23.931034+0800 - INFO - 成功发送 图片数据(200467字节)
2025-08-28T19:43:24.000529+0800 - INFO - data:['continue', 896.6674194335938, 42.402008056640625, 982.9866943359375, 69.69215393066406, 0.9426206350326538]
2025-08-28T19:43:24.000529+0800 - INFO - ['continue', 896.6674194335938, 42.402008056640625, 982.9866943359375, 69.69215393066406, 0.9426206350326538]
2025-08-28T19:43:24.001358+0800 - INFO - data:['player', 442.2631530761719, 285.3108825683594, 533.4052734375, 311.408203125, 0.929961621761322]
2025-08-28T19:43:24.002364+0800 - INFO - data:['forward', 826.5809326171875, 274.1854553222656, 902.5120239257812, 309.6689147949219, 0.9182552695274353]
2025-08-28T19:43:24.002364+0800 - INFO - self.goods:[]
2025-08-28T19:43:24.003216+0800 - INFO - 退出 get_yolo_res
2025-08-28T19:43:24.003216+0800 - INFO - 结束攻击怪物
2025-08-28T19:43:24.004740+0800 - INFO - 进入 get_yolo_res
2025-08-28T19:43:24.004740+0800 - INFO - 开始截图
2025-08-28T19:43:24.005597+0800 - INFO - VNC截图
2025-08-28T19:43:24.080003+0800 - INFO - 截图完毕
2025-08-28T19:43:24.110057+0800 - INFO - 成功发送 消息头长度
2025-08-28T19:43:24.110884+0800 - INFO - 成功发送 消息头内容
2025-08-28T19:43:24.111713+0800 - INFO - 成功发送 图片数据(200879字节)
2025-08-28T19:43:24.173841+0800 - INFO - data:['continue', 896.7510986328125, 42.345069885253906, 983.0813598632812, 69.63877868652344, 0.9418380856513977]
2025-08-28T19:43:24.174846+0800 - INFO - ['continue', 896.7510986328125, 42.345069885253906, 983.0813598632812, 69.63877868652344, 0.9418380856513977]
2025-08-28T19:43:24.174846+0800 - INFO - data:['player', 441.9775695800781, 285.02301025390625, 533.7296752929688, 311.2429504394531, 0.9231088757514954]
2025-08-28T19:43:24.174846+0800 - INFO - data:['forward', 826.4893798828125, 274.26171875, 903.9282836914062, 309.5865783691406, 0.9093489646911621]
2025-08-28T19:43:24.175879+0800 - INFO - self.goods:[]
2025-08-28T19:43:24.175879+0800 - INFO - 退出 get_yolo_res
2025-08-28T19:43:24.176747+0800 - INFO - VNC截图
2025-08-28T19:43:24.248699+0800 - INFO - vnc_mm截图成功
2025-08-28T19:43:24.711921+0800 - INFO - VNC截图
2025-08-28T19:43:25.144871+0800 - INFO - boss房聚物拾取
2025-08-28T19:43:25.144871+0800 - INFO - VNC键盘弹起所有键
2025-08-28T19:43:25.198498+0800 - INFO - VNC键盘按下：up
2025-08-28T19:43:25.600335+0800 - INFO - VNC键盘弹起：up
2025-08-28T19:43:25.652739+0800 - INFO - VNC键盘点击：tab
2025-08-28T19:43:25.750098+0800 - INFO - VNC截图
2025-08-28T19:43:25.771064+0800 - INFO - VNC键盘点击：tab
2025-08-28T19:43:25.916786+0800 - INFO - VNC键盘点击：tab
2025-08-28T19:43:26.790796+0800 - INFO - VNC截图
2025-08-28T19:43:27.360323+0800 - INFO - VNC键盘按下：x
2025-08-28T19:43:27.414144+0800 - INFO - VNC键盘弹起：x
2025-08-28T19:43:27.483681+0800 - INFO - 进入 get_yolo_res
2025-08-28T19:43:27.483681+0800 - INFO - 开始截图
2025-08-28T19:43:27.485189+0800 - INFO - VNC截图
2025-08-28T19:43:27.536689+0800 - INFO - 截图完毕
2025-08-28T19:43:27.557356+0800 - INFO - 成功发送 消息头长度
2025-08-28T19:43:27.558166+0800 - INFO - 成功发送 消息头内容
2025-08-28T19:43:27.558166+0800 - INFO - 成功发送 图片数据(205003字节)
2025-08-28T19:43:27.614994+0800 - INFO - data:['player', 442.47027587890625, 234.7636260986328, 533.06103515625, 259.2457580566406, 0.9409323930740356]
2025-08-28T19:43:27.615863+0800 - INFO - data:['continue', 897.4461669921875, 42.65428924560547, 982.559814453125, 69.44111633300781, 0.9408974647521973]
2025-08-28T19:43:27.615863+0800 - INFO - ['continue', 897.4461669921875, 42.65428924560547, 982.559814453125, 69.44111633300781, 0.9408974647521973]
2025-08-28T19:43:27.615863+0800 - INFO - data:['forward', 827.214599609375, 311.4774169921875, 903.6064453125, 346.2861633300781, 0.9128732085227966]
2025-08-28T19:43:27.616694+0800 - INFO - self.goods:[]
2025-08-28T19:43:27.616694+0800 - INFO - 退出 get_yolo_res
2025-08-28T19:43:27.618358+0800 - INFO - 进入 get_yolo_res
2025-08-28T19:43:27.619186+0800 - INFO - 开始截图
2025-08-28T19:43:27.619186+0800 - INFO - VNC截图
2025-08-28T19:43:27.672393+0800 - INFO - 截图完毕
2025-08-28T19:43:27.696598+0800 - INFO - 成功发送 消息头长度
2025-08-28T19:43:27.696598+0800 - INFO - 成功发送 消息头内容
2025-08-28T19:43:27.696598+0800 - INFO - 成功发送 图片数据(203781字节)
2025-08-28T19:43:27.747721+0800 - INFO - data:['continue', 897.5220947265625, 42.65422439575195, 982.6029663085938, 69.43668365478516, 0.9391305446624756]
2025-08-28T19:43:27.747721+0800 - INFO - ['continue', 897.5220947265625, 42.65422439575195, 982.6029663085938, 69.43668365478516, 0.9391305446624756]
2025-08-28T19:43:27.747721+0800 - INFO - data:['player', 442.4436950683594, 234.1739959716797, 533.4641723632812, 259.3646545410156, 0.9295812249183655]
2025-08-28T19:43:27.747721+0800 - INFO - data:['forward', 826.853515625, 311.6542053222656, 901.9414672851562, 346.00128173828125, 0.9215532541275024]
2025-08-28T19:43:27.749226+0800 - INFO - self.goods:[]
2025-08-28T19:43:27.749226+0800 - INFO - 退出 get_yolo_res
2025-08-28T19:43:27.801154+0800 - INFO - VNC截图
2025-08-28T19:43:27.825183+0800 - INFO - VNC截图
2025-08-28T19:43:27.922613+0800 - INFO - vnc_mm截图成功
2025-08-28T19:43:27.926139+0800 - INFO - move_to:窗口左上角x = 0	窗口左上角y = 0	x=870	y=593
2025-08-28T19:43:27.926139+0800 - INFO - VNC鼠标移动：(870, 593)
2025-08-28T19:43:28.420104+0800 - INFO - 进入 ocr
2025-08-28T19:43:28.420104+0800 - INFO - VNC截图
2025-08-28T19:43:28.463085+0800 - INFO - 成功发送 消息头长度
2025-08-28T19:43:28.464094+0800 - INFO - 成功发送 消息头内容
2025-08-28T19:43:28.465117+0800 - INFO - 成功发送 图片数据(2458字节)
2025-08-28T19:43:28.492173+0800 - INFO - ocr 已获取识别数据: 入
2025-08-28T19:43:28.493002+0800 - INFO - 退出 ocr
2025-08-28T19:43:28.493829+0800 - INFO - 进入 ocr
2025-08-28T19:43:28.493829+0800 - INFO - VNC截图
2025-08-28T19:43:28.697254+0800 - INFO - 成功发送 消息头长度
2025-08-28T19:43:28.698085+0800 - INFO - 成功发送 消息头内容
2025-08-28T19:43:28.698085+0800 - INFO - 成功发送 图片数据(1031字节)
2025-08-28T19:43:28.735911+0800 - INFO - ocr 已获取识别数据: 
2025-08-28T19:43:28.735911+0800 - INFO - 退出 ocr
2025-08-28T19:43:28.737589+0800 - INFO - 'NoneType' object has no attribute 'group'
2025-08-28T19:43:28.737589+0800 - INFO - move_to:窗口左上角x = 0	窗口左上角y = 0	x=870	y=593
2025-08-28T19:43:28.738416+0800 - INFO - VNC鼠标移动：(870, 593)
2025-08-28T19:43:29.041359+0800 - INFO - 进入 ocr
2025-08-28T19:43:29.041359+0800 - INFO - VNC截图
2025-08-28T19:43:29.100372+0800 - INFO - 成功发送 消息头长度
2025-08-28T19:43:29.101200+0800 - INFO - 成功发送 消息头内容
2025-08-28T19:43:29.102033+0800 - INFO - 成功发送 图片数据(3436字节)
2025-08-28T19:43:29.118459+0800 - INFO - ocr 已获取识别数据: 疲劳值：124/156
2025-08-28T19:43:29.119305+0800 - INFO - 退出 ocr
2025-08-28T19:43:29.120149+0800 - INFO - 当前疲劳值：124
2025-08-28T19:43:29.120959+0800 - INFO - move_to:窗口左上角x = 0	窗口左上角y = 0	x=533	y=30
2025-08-28T19:43:29.122616+0800 - INFO - VNC鼠标移动：(533, 30)
2025-08-28T19:43:29.122616+0800 - INFO - VNC截图
2025-08-28T19:43:29.425967+0800 - INFO - VNC截图
2025-08-28T19:43:29.612637+0800 - INFO - mm-is_colored:40.19757085020243
2025-08-28T19:43:29.613466+0800 - INFO - VNC截图
2025-08-28T19:43:29.841998+0800 - INFO - vnc_mm截图成功
2025-08-28T19:43:29.843658+0800 - INFO - VNC截图
2025-08-28T19:43:30.055856+0800 - INFO - vnc_mm截图成功
2025-08-28T19:43:30.057426+0800 - INFO - VNC截图
2025-08-28T19:43:30.214263+0800 - INFO - VNC键盘点击：f10
2025-08-28T19:43:30.289238+0800 - INFO - 进入 get_yolo_res
2025-08-28T19:43:30.328358+0800 - INFO - 成功发送 消息头长度
2025-08-28T19:43:30.328358+0800 - INFO - 成功发送 消息头内容
2025-08-28T19:43:30.329186+0800 - INFO - 成功发送 图片数据(203798字节)
2025-08-28T19:43:30.348636+0800 - INFO - VNC截图
2025-08-28T19:43:30.382683+0800 - INFO - data:['continue', 897.0384521484375, 42.61555862426758, 982.4475708007812, 69.50330352783203, 0.9408854246139526]
2025-08-28T19:43:30.383540+0800 - INFO - ['continue', 897.0384521484375, 42.61555862426758, 982.4475708007812, 69.50330352783203, 0.9408854246139526]
2025-08-28T19:43:30.383540+0800 - INFO - data:['player', 442.8489685058594, 234.58758544921875, 532.9468994140625, 259.10626220703125, 0.9373220801353455]
2025-08-28T19:43:30.383540+0800 - INFO - data:['forward', 827.3978271484375, 311.5460510253906, 903.149658203125, 346.35418701171875, 0.923052191734314]
2025-08-28T19:43:30.384368+0800 - INFO - self.goods:[]
2025-08-28T19:43:30.384368+0800 - INFO - 退出 get_yolo_res
2025-08-28T19:43:30.384368+0800 - INFO - VNC截图
2025-08-28T19:43:30.533762+0800 - INFO - vnc_mm截图成功
2025-08-28T19:43:30.535339+0800 - INFO - VNC截图
2025-08-28T19:43:30.699738+0800 - INFO - vnc_mm截图成功
2025-08-28T19:43:30.701610+0800 - INFO - VNC截图
2025-08-28T19:43:30.827733+0800 - INFO - VNC键盘点击：f10
2025-08-28T19:43:30.905473+0800 - INFO - 进入 get_yolo_res
2025-08-28T19:43:30.935327+0800 - INFO - 成功发送 消息头长度
2025-08-28T19:43:30.936205+0800 - INFO - 成功发送 消息头内容
2025-08-28T19:43:30.936205+0800 - INFO - 成功发送 图片数据(157541字节)
2025-08-28T19:43:30.991308+0800 - INFO - data:['player', 442.840576171875, 234.2344970703125, 533.4843139648438, 260.0059814453125, 0.9277136921882629]
2025-08-28T19:43:30.991308+0800 - INFO - data:['forward', 826.7236938476562, 310.88427734375, 904.4255981445312, 346.8361511230469, 0.8972529172897339]
2025-08-28T19:43:30.992816+0800 - INFO - self.goods:[]
2025-08-28T19:43:30.993917+0800 - INFO - 退出 get_yolo_res
2025-08-28T19:43:30.993917+0800 - INFO - 进入 get_yolo_res
2025-08-28T19:43:30.993917+0800 - INFO - 开始截图
2025-08-28T19:43:30.995441+0800 - INFO - VNC截图
2025-08-28T19:43:31.030815+0800 - INFO - 截图完毕
2025-08-28T19:43:31.051066+0800 - INFO - 成功发送 消息头长度
2025-08-28T19:43:31.051894+0800 - INFO - 成功发送 消息头内容
2025-08-28T19:43:31.051894+0800 - INFO - 成功发送 图片数据(188419字节)
2025-08-28T19:43:31.109267+0800 - INFO - data:['player', 443.1219177246094, 234.54078674316406, 533.2366333007812, 259.87249755859375, 0.9325677156448364]
2025-08-28T19:43:31.110095+0800 - INFO - data:['forward', 827.0555419921875, 311.3016052246094, 903.3839111328125, 346.46234130859375, 0.9046193957328796]
2025-08-28T19:43:31.110095+0800 - INFO - data:['forward', 983.524169921875, 313.4372253417969, 1054.4854736328125, 345.64984130859375, 0.5546902418136597]
2025-08-28T19:43:31.111603+0800 - INFO - self.goods:[]
2025-08-28T19:43:31.111603+0800 - INFO - 退出 get_yolo_res
2025-08-28T19:43:31.113303+0800 - INFO - 初始化地图:
2025-08-28T19:43:31.114128+0800 - INFO - [1, 1, 1, 1, 1, 1, 1]
2025-08-28T19:43:31.114128+0800 - INFO - [1, 1, 1, 1, 1, 1, 1]
2025-08-28T19:43:31.114128+0800 - INFO - [1, 1, 1, 1, 1, 1, 1]
2025-08-28T19:43:31.115134+0800 - INFO - 地图名称:
2025-08-28T19:43:31.116028+0800 - INFO - 初始化地图
2025-08-28T19:43:31.116028+0800 - INFO - [1, 1, 1, 1, 1, 1, 1]
2025-08-28T19:43:31.116860+0800 - INFO - [1, 1, 1, 1, 1, 1, 1]
2025-08-28T19:43:31.116860+0800 - INFO - [1, 1, 1, 1, 1, 1, 1]
2025-08-28T19:43:31.117670+0800 - INFO - 职业：女鬼剑士-契魔者
2025-08-28T19:43:31.118515+0800 - INFO - BOSS房处理结束
2025-08-28T19:43:31.119344+0800 - INFO - 进入 get_yolo_res
2025-08-28T19:43:31.120172+0800 - INFO - 开始截图
2025-08-28T19:43:31.120172+0800 - INFO - VNC截图
2025-08-28T19:43:31.176444+0800 - INFO - 截图完毕
2025-08-28T19:43:31.199578+0800 - INFO - 成功发送 消息头长度
2025-08-28T19:43:31.199578+0800 - INFO - 成功发送 消息头内容
2025-08-28T19:43:31.200426+0800 - INFO - 成功发送 图片数据(189139字节)
2025-08-28T19:43:31.254384+0800 - INFO - data:['player', 442.3905334472656, 234.2127227783203, 533.3309326171875, 259.5765686035156, 0.9384315609931946]
2025-08-28T19:43:31.255405+0800 - INFO - data:['forward', 982.9439697265625, 309.6817932128906, 1061.7979736328125, 346.7049865722656, 0.920982837677002]
2025-08-28T19:43:31.256262+0800 - INFO - self.goods:[]
2025-08-28T19:43:31.256262+0800 - INFO - 退出 get_yolo_res
2025-08-28T19:43:31.257769+0800 - INFO - 开始找门
2025-08-28T19:43:31.258307+0800 - INFO - 进入 get_yolo_res
2025-08-28T19:43:31.258307+0800 - INFO - 开始截图
2025-08-28T19:43:31.259148+0800 - INFO - VNC截图
2025-08-28T19:43:31.317323+0800 - INFO - 截图完毕
2025-08-28T19:43:31.337971+0800 - INFO - 成功发送 消息头长度
2025-08-28T19:43:31.338799+0800 - INFO - 成功发送 消息头内容
2025-08-28T19:43:31.339628+0800 - INFO - 成功发送 图片数据(188118字节)
2025-08-28T19:43:31.382463+0800 - INFO - VNC截图
2025-08-28T19:43:31.388692+0800 - INFO - data:['player', 442.9122009277344, 234.47805786132812, 533.3885498046875, 259.693603515625, 0.9377231597900391]
2025-08-28T19:43:31.388692+0800 - INFO - data:['forward', 983.1431274414062, 309.88067626953125, 1062.280029296875, 346.4588317871094, 0.914101779460907]
2025-08-28T19:43:31.389801+0800 - INFO - self.goods:[]
2025-08-28T19:43:31.389801+0800 - INFO - 退出 get_yolo_res
2025-08-28T19:43:31.390659+0800 - INFO - 确定门检查怪物数量：0	金币数量：0	是否有奖励：False	是否有继续：False
2025-08-28T19:43:31.391486+0800 - INFO - 进入 get_min_map_yolo_res
2025-08-28T19:43:31.391486+0800 - INFO - 开始截小地图
2025-08-28T19:43:31.391486+0800 - INFO - VNC截图
2025-08-28T19:43:31.569212+0800 - INFO - 小地图截图完毕
2025-08-28T19:43:31.569212+0800 - INFO - get_min_map_yolo_res
2025-08-28T19:43:31.570041+0800 - INFO - 成功发送 消息头长度
2025-08-28T19:43:31.570868+0800 - INFO - 成功发送 消息头内容
2025-08-28T19:43:31.570868+0800 - INFO - 成功发送 图片数据(1798字节)
2025-08-28T19:43:31.608292+0800 - INFO - get_min_map_yolo_res 已获取识别数据: []
2025-08-28T19:43:31.608824+0800 - INFO - 退出 get_min_map_yolo_res
2025-08-28T19:43:31.609337+0800 - INFO - self.player.map_name:深渊：终末崇拜者
2025-08-28T19:43:31.609872+0800 - INFO - door_pos:<class 'core.common.Point'>
2025-08-28T19:43:31.609872+0800 - INFO - <core.common.Point object at 0x00000213D54686D0>
2025-08-28T19:43:31.610407+0800 - INFO - door_pos:1443, 436
2025-08-28T19:43:31.610950+0800 - INFO - 目标方向： right 记录方向：left
2025-08-28T19:43:31.610950+0800 - INFO - 方向不同，加时0.1秒
2025-08-28T19:43:31.611478+0800 - INFO - VNC键盘弹起所有键
2025-08-28T19:43:31.664341+0800 - INFO - VNC键盘按下：right
2025-08-28T19:43:31.715910+0800 - INFO - VNC键盘弹起：right
2025-08-28T19:43:31.768181+0800 - INFO - VNC键盘按下：right
2025-08-28T19:43:31.819635+0800 - INFO - VNC键盘按下：down
2025-08-28T19:43:31.996851+0800 - INFO - VNC键盘弹起：down
2025-08-28T19:43:32.432145+0800 - INFO - VNC截图
2025-08-28T19:43:33.475539+0800 - INFO - VNC截图
2025-08-28T19:43:33.544419+0800 - INFO - VNC键盘弹起：right
2025-08-28T19:43:33.545450+0800 - INFO - 朝门移动耗时：1.9345006942749023秒
2025-08-28T19:43:33.646788+0800 - INFO - VNC截图
2025-08-28T19:43:33.680960+0800 - INFO - vnc_mm截图成功
2025-08-28T19:43:33.724005+0800 - INFO - VNC键盘弹起所有键
2025-08-28T19:43:33.726574+0800 - INFO - 结束找门
2025-08-28T19:43:33.727599+0800 - INFO - 进入 get_yolo_res
2025-08-28T19:43:33.728457+0800 - INFO - 开始截图
2025-08-28T19:43:33.728457+0800 - INFO - VNC截图
2025-08-28T19:43:33.871014+0800 - INFO - 截图完毕
2025-08-28T19:43:33.892847+0800 - INFO - 成功发送 消息头长度
2025-08-28T19:43:33.893381+0800 - INFO - 成功发送 消息头内容
2025-08-28T19:43:33.893381+0800 - INFO - 成功发送 图片数据(202577字节)
2025-08-28T19:43:33.969410+0800 - INFO - data:['player', 360.2525634765625, 263.0289611816406, 449.9853820800781, 287.5345153808594, 0.9326639175415039]
2025-08-28T19:43:33.970454+0800 - INFO - data:['monster', 680.43896484375, 269.1755065917969, 739.962158203125, 288.564697265625, 0.9253821969032288]
2025-08-28T19:43:33.971327+0800 - INFO - ['monster', 680.43896484375, 269.1755065917969, 739.962158203125, 288.564697265625, 0.9253821969032288]
2025-08-28T19:43:33.971327+0800 - INFO - data:['monster', 529.01806640625, 293.1541442871094, 587.0311889648438, 311.8419189453125, 0.9240138530731201]
2025-08-28T19:43:33.972150+0800 - INFO - ['monster', 529.01806640625, 293.1541442871094, 587.0311889648438, 311.8419189453125, 0.9240138530731201]
2025-08-28T19:43:33.972965+0800 - INFO - data:['monster', 659.02490234375, 388.5162658691406, 716.3475952148438, 406.1230773925781, 0.9193081855773926]
2025-08-28T19:43:33.972965+0800 - INFO - ['monster', 659.02490234375, 388.5162658691406, 716.3475952148438, 406.1230773925781, 0.9193081855773926]
2025-08-28T19:43:33.973794+0800 - INFO - data:['monster', 604.86669921875, 287.0707092285156, 664.1753540039062, 306.3581848144531, 0.9124596118927002]
2025-08-28T19:43:33.973794+0800 - INFO - ['monster', 604.86669921875, 287.0707092285156, 664.1753540039062, 306.3581848144531, 0.9124596118927002]
2025-08-28T19:43:33.973794+0800 - INFO - data:['monster', 520.3314208984375, 345.9965515136719, 579.6629028320312, 364.4095764160156, 0.8856446146965027]
2025-08-28T19:43:33.973794+0800 - INFO - ['monster', 520.3314208984375, 345.9965515136719, 579.6629028320312, 364.4095764160156, 0.8856446146965027]
2025-08-28T19:43:33.975300+0800 - INFO - data:['monster', 446.0101318359375, 338.5276184082031, 505.939453125, 357.65338134765625, 0.86049884557724]
2025-08-28T19:43:33.975859+0800 - INFO - ['monster', 446.0101318359375, 338.5276184082031, 505.939453125, 357.65338134765625, 0.86049884557724]
2025-08-28T19:43:33.975859+0800 - INFO - data:['monster', 410.0199890136719, 326.5674743652344, 469.2353820800781, 345.3788757324219, 0.8133871555328369]
2025-08-28T19:43:33.976704+0800 - INFO - ['monster', 410.0199890136719, 326.5674743652344, 469.2353820800781, 345.3788757324219, 0.8133871555328369]
2025-08-28T19:43:33.976704+0800 - INFO - 退出 get_yolo_res
2025-08-28T19:43:33.978361+0800 - INFO - 确定门检查怪物数量：7	金币数量：0	是否有奖励：False	是否有继续：False
2025-08-28T19:43:33.978361+0800 - INFO - 进入 get_yolo_res
2025-08-28T19:43:33.978361+0800 - INFO - 开始截图
2025-08-28T19:43:33.979882+0800 - INFO - VNC截图
2025-08-28T19:43:34.026844+0800 - INFO - 截图完毕
2025-08-28T19:43:34.055502+0800 - INFO - 成功发送 消息头长度
2025-08-28T19:43:34.057012+0800 - INFO - 成功发送 消息头内容
2025-08-28T19:43:34.057012+0800 - INFO - 成功发送 图片数据(202750字节)
2025-08-28T19:43:34.111843+0800 - INFO - data:['player', 360.36572265625, 263.44879150390625, 449.9151611328125, 287.7750244140625, 0.9419071078300476]
2025-08-28T19:43:34.113375+0800 - INFO - data:['monster', 680.4691772460938, 268.8164367675781, 739.7799072265625, 288.10528564453125, 0.9387862682342529]
2025-08-28T19:43:34.113375+0800 - INFO - ['monster', 680.4691772460938, 268.8164367675781, 739.7799072265625, 288.10528564453125, 0.9387862682342529]
2025-08-28T19:43:34.113375+0800 - INFO - data:['monster', 528.8751831054688, 293.1524353027344, 586.7164306640625, 311.6426086425781, 0.9267621636390686]
2025-08-28T19:43:34.114240+0800 - INFO - ['monster', 528.8751831054688, 293.1524353027344, 586.7164306640625, 311.6426086425781, 0.9267621636390686]
2025-08-28T19:43:34.114240+0800 - INFO - data:['monster', 604.8472290039062, 287.0220947265625, 663.044921875, 305.6587219238281, 0.9086021780967712]
2025-08-28T19:43:34.114240+0800 - INFO - ['monster', 604.8472290039062, 287.0220947265625, 663.044921875, 305.6587219238281, 0.9086021780967712]
2025-08-28T19:43:34.115248+0800 - INFO - data:['monster', 658.8802490234375, 388.3114013671875, 716.2595825195312, 405.8296813964844, 0.9082984924316406]
2025-08-28T19:43:34.115248+0800 - INFO - ['monster', 658.8802490234375, 388.3114013671875, 716.2595825195312, 405.8296813964844, 0.9082984924316406]
2025-08-28T19:43:34.115248+0800 - INFO - data:['monster', 520.47021484375, 345.5858154296875, 578.8516845703125, 363.5021667480469, 0.8722479939460754]
2025-08-28T19:43:34.116123+0800 - INFO - ['monster', 520.47021484375, 345.5858154296875, 578.8516845703125, 363.5021667480469, 0.8722479939460754]
2025-08-28T19:43:34.116123+0800 - INFO - data:['monster', 410.4375, 326.39056396484375, 468.50994873046875, 344.67010498046875, 0.8072069883346558]
2025-08-28T19:43:34.116950+0800 - INFO - ['monster', 410.4375, 326.39056396484375, 468.50994873046875, 344.67010498046875, 0.8072069883346558]
2025-08-28T19:43:34.116950+0800 - INFO - data:['monster', 442.7351379394531, 338.6500549316406, 483.3162536621094, 354.9710693359375, 0.6914073824882507]
2025-08-28T19:43:34.116950+0800 - INFO - ['monster', 442.7351379394531, 338.6500549316406, 483.3162536621094, 354.9710693359375, 0.6914073824882507]
2025-08-28T19:43:34.116950+0800 - INFO - 退出 get_yolo_res
2025-08-28T19:43:34.118472+0800 - INFO - 开始攻击怪物
2025-08-28T19:43:34.119333+0800 - INFO - VNC截图
2025-08-28T19:43:34.180318+0800 - INFO - 打怪中···
2025-08-28T19:43:34.181171+0800 - INFO - 进入 get_yolo_res
2025-08-28T19:43:34.208772+0800 - INFO - 成功发送 消息头长度
2025-08-28T19:43:34.208772+0800 - INFO - 成功发送 消息头内容
2025-08-28T19:43:34.209587+0800 - INFO - 成功发送 图片数据(202025字节)
2025-08-28T19:43:34.266901+0800 - INFO - data:['player', 360.2027587890625, 263.61737060546875, 450.02581787109375, 287.6637268066406, 0.933597207069397]
2025-08-28T19:43:34.266901+0800 - INFO - data:['monster', 680.6539916992188, 269.28973388671875, 740.4623413085938, 288.5916442871094, 0.9317529201507568]
2025-08-28T19:43:34.266901+0800 - INFO - ['monster', 680.6539916992188, 269.28973388671875, 740.4623413085938, 288.5916442871094, 0.9317529201507568]
2025-08-28T19:43:34.266901+0800 - INFO - data:['monster', 446.7429504394531, 338.6661376953125, 505.5387878417969, 356.9134216308594, 0.9276175498962402]
2025-08-28T19:43:34.266901+0800 - INFO - ['monster', 446.7429504394531, 338.6661376953125, 505.5387878417969, 356.9134216308594, 0.9276175498962402]
2025-08-28T19:43:34.268408+0800 - INFO - data:['monster', 528.941162109375, 293.1620178222656, 586.868408203125, 311.9556884765625, 0.9205586314201355]
2025-08-28T19:43:34.268408+0800 - INFO - ['monster', 528.941162109375, 293.1620178222656, 586.868408203125, 311.9556884765625, 0.9205586314201355]
2025-08-28T19:43:34.268408+0800 - INFO - data:['monster', 604.7606201171875, 286.9209289550781, 663.992431640625, 305.98883056640625, 0.9115293025970459]
2025-08-28T19:43:34.269274+0800 - INFO - ['monster', 604.7606201171875, 286.9209289550781, 663.992431640625, 305.98883056640625, 0.9115293025970459]
2025-08-28T19:43:34.269274+0800 - INFO - data:['monster', 658.7969970703125, 388.25445556640625, 716.3280639648438, 406.02227783203125, 0.9069455862045288]
2025-08-28T19:43:34.269274+0800 - INFO - ['monster', 658.7969970703125, 388.25445556640625, 716.3280639648438, 406.02227783203125, 0.9069455862045288]
2025-08-28T19:43:34.270293+0800 - INFO - data:['monster', 519.0550537109375, 346.03302001953125, 579.0957641601562, 364.9161376953125, 0.8664814829826355]
2025-08-28T19:43:34.270293+0800 - INFO - ['monster', 519.0550537109375, 346.03302001953125, 579.0957641601562, 364.9161376953125, 0.8664814829826355]
2025-08-28T19:43:34.271197+0800 - INFO - data:['monster', 408.7989501953125, 325.7237548828125, 467.1688537597656, 344.25640869140625, 0.8510261178016663]
2025-08-28T19:43:34.271197+0800 - INFO - ['monster', 408.7989501953125, 325.7237548828125, 467.1688537597656, 344.25640869140625, 0.8510261178016663]
2025-08-28T19:43:34.272030+0800 - INFO - 退出 get_yolo_res
2025-08-28T19:43:34.272030+0800 - INFO - 进入 ocr
2025-08-28T19:43:34.272855+0800 - INFO - 成功发送 消息头长度
2025-08-28T19:43:34.273669+0800 - INFO - 成功发送 消息头内容
2025-08-28T19:43:34.273669+0800 - INFO - 成功发送 图片数据(943字节)
2025-08-28T19:43:34.296495+0800 - INFO - ocr 已获取识别数据: 100%
2025-08-28T19:43:34.296495+0800 - INFO - 退出 ocr
2025-08-28T19:43:34.297345+0800 - INFO - 当前血量为：100.0
2025-08-28T19:43:34.297345+0800 - INFO - 开始向怪物移动
2025-08-28T19:43:34.297345+0800 - INFO - 目标方向： left 记录方向：right
2025-08-28T19:43:34.297345+0800 - INFO - VNC键盘弹起所有键
2025-08-28T19:43:34.350554+0800 - INFO - VNC键盘按下：left
2025-08-28T19:43:34.402234+0800 - INFO - VNC键盘弹起：left
2025-08-28T19:43:34.454512+0800 - INFO - VNC键盘按下：left
2025-08-28T19:43:34.506327+0800 - INFO - VNC键盘按下：down
2025-08-28T19:43:34.507173+0800 - INFO - VNC截图
2025-08-28T19:43:34.685438+0800 - INFO - VNC键盘弹起：down
2025-08-28T19:43:34.737135+0800 - INFO - VNC键盘弹起：left
2025-08-28T19:43:34.738000+0800 - INFO - VNC键盘点击：right
2025-08-28T19:43:34.809777+0800 - INFO - 结束向怪物移动
2025-08-28T19:43:34.809777+0800 - INFO - 当前怪物是普通怪物,释放打普通怪物的技能
2025-08-28T19:43:34.810609+0800 - INFO - 已释放技能列表: ['q', 'w', 'e']
2025-08-28T19:43:34.810609+0800 - INFO - 第一排技能 - 检查技能: q
2025-08-28T19:43:34.812131+0800 - INFO - 找到可用技能: q
2025-08-28T19:43:34.812131+0800 - INFO - 使用技能：q
2025-08-28T19:43:34.813687+0800 - INFO - VNC键盘点击：q
2025-08-28T19:43:34.966440+0800 - INFO - VNC截图
2025-08-28T19:43:34.994290+0800 - INFO - 检查技能位置：v
2025-08-28T19:43:35.196124+0800 - INFO - VNC截图
2025-08-28T19:43:35.231989+0800 - INFO - 打怪中···
2025-08-28T19:43:35.233494+0800 - INFO - 进入 get_yolo_res
2025-08-28T19:43:35.278146+0800 - INFO - 成功发送 消息头长度
2025-08-28T19:43:35.278146+0800 - INFO - 成功发送 消息头内容
2025-08-28T19:43:35.278976+0800 - INFO - 成功发送 图片数据(206025字节)
2025-08-28T19:43:35.333517+0800 - INFO - data:['forward', 970.2005004882812, 309.90277099609375, 1046.515869140625, 345.27490234375, 0.9204436540603638]
2025-08-28T19:43:35.333517+0800 - INFO - self.goods:[]
2025-08-28T19:43:35.333517+0800 - INFO - 退出 get_yolo_res
2025-08-28T19:43:35.334520+0800 - INFO - 结束攻击怪物
2025-08-28T19:43:35.335551+0800 - INFO - 进入 get_yolo_res
2025-08-28T19:43:35.335551+0800 - INFO - 开始截图
2025-08-28T19:43:35.336431+0800 - INFO - VNC截图
2025-08-28T19:43:35.417952+0800 - INFO - 截图完毕
2025-08-28T19:43:35.438552+0800 - INFO - 成功发送 消息头长度
2025-08-28T19:43:35.439381+0800 - INFO - 成功发送 消息头内容
2025-08-28T19:43:35.440210+0800 - INFO - 成功发送 图片数据(200370字节)
2025-08-28T19:43:35.510238+0800 - INFO - data:['forward', 970.5147705078125, 310.05706787109375, 1048.7081298828125, 345.8367919921875, 0.9089512228965759]
2025-08-28T19:43:35.511067+0800 - INFO - data:['player', 287.49945068359375, 300.6678466796875, 363.6179504394531, 325.51519775390625, 0.4899515211582184]
2025-08-28T19:43:35.511067+0800 - INFO - self.goods:[]
2025-08-28T19:43:35.511896+0800 - INFO - 退出 get_yolo_res
2025-08-28T19:43:35.512726+0800 - INFO - 开始找门
2025-08-28T19:43:35.512726+0800 - INFO - 进入 get_yolo_res
2025-08-28T19:43:35.514230+0800 - INFO - 开始截图
2025-08-28T19:43:35.514765+0800 - INFO - VNC截图
2025-08-28T19:43:35.558688+0800 - INFO - VNC截图
2025-08-28T19:43:35.594542+0800 - INFO - 截图完毕
2025-08-28T19:43:35.635418+0800 - INFO - 成功发送 消息头长度
2025-08-28T19:43:35.635418+0800 - INFO - 成功发送 消息头内容
2025-08-28T19:43:35.636445+0800 - INFO - 成功发送 图片数据(196740字节)
2025-08-28T19:43:35.693963+0800 - INFO - data:['forward', 970.527587890625, 309.83575439453125, 1051.26806640625, 345.9420471191406, 0.9003011584281921]
2025-08-28T19:43:35.693963+0800 - INFO - data:['player', 286.8697204589844, 300.5827941894531, 370.6816711425781, 326.5002136230469, 0.6600112318992615]
2025-08-28T19:43:35.693963+0800 - INFO - self.goods:[]
2025-08-28T19:43:35.693963+0800 - INFO - 退出 get_yolo_res
2025-08-28T19:43:35.695471+0800 - INFO - 确定门检查怪物数量：0	金币数量：0	是否有奖励：False	是否有继续：False
2025-08-28T19:43:35.695471+0800 - INFO - 进入 get_min_map_yolo_res
2025-08-28T19:43:35.696348+0800 - INFO - 开始截小地图
2025-08-28T19:43:35.696348+0800 - INFO - VNC截图
2025-08-28T19:43:35.920626+0800 - INFO - 小地图截图完毕
2025-08-28T19:43:35.920626+0800 - INFO - get_min_map_yolo_res
2025-08-28T19:43:35.921647+0800 - INFO - 成功发送 消息头长度
2025-08-28T19:43:35.922508+0800 - INFO - 成功发送 消息头内容
2025-08-28T19:43:35.922508+0800 - INFO - 成功发送 图片数据(2105字节)
2025-08-28T19:43:35.968499+0800 - INFO - get_min_map_yolo_res 已获取识别数据: []
2025-08-28T19:43:35.969327+0800 - INFO - 退出 get_min_map_yolo_res
2025-08-28T19:43:35.969327+0800 - INFO - self.player.map_name:深渊：终末崇拜者
2025-08-28T19:43:35.970831+0800 - INFO - door_pos:<class 'core.common.Point'>
2025-08-28T19:43:35.970831+0800 - INFO - <core.common.Point object at 0x00000213D519FBB0>
2025-08-28T19:43:35.970831+0800 - INFO - door_pos:1364, 428
2025-08-28T19:43:35.971697+0800 - INFO - 目标方向： right 记录方向：left
2025-08-28T19:43:35.971697+0800 - INFO - 方向不同，加时0.1秒
2025-08-28T19:43:35.971697+0800 - INFO - VNC键盘弹起所有键
2025-08-28T19:43:36.024552+0800 - INFO - VNC键盘按下：right
2025-08-28T19:43:36.076689+0800 - INFO - VNC键盘弹起：right
2025-08-28T19:43:36.128734+0800 - INFO - VNC键盘按下：right
2025-08-28T19:43:36.181278+0800 - INFO - VNC键盘按下：up
2025-08-28T19:43:36.369397+0800 - INFO - VNC键盘弹起：up
2025-08-28T19:43:36.758853+0800 - INFO - VNC截图
2025-08-28T19:43:37.799543+0800 - INFO - VNC截图
2025-08-28T19:43:38.050626+0800 - INFO - VNC键盘弹起：right
2025-08-28T19:43:38.051452+0800 - INFO - 朝门移动耗时：2.0797550678253174秒
2025-08-28T19:43:38.153000+0800 - INFO - VNC截图
2025-08-28T19:43:38.189831+0800 - INFO - vnc_mm截图成功
2025-08-28T19:43:38.243983+0800 - INFO - VNC键盘弹起所有键
2025-08-28T19:43:38.247364+0800 - INFO - 结束找门
2025-08-28T19:43:38.247364+0800 - INFO - 进入 get_yolo_res
2025-08-28T19:43:38.247364+0800 - INFO - 开始截图
2025-08-28T19:43:38.248240+0800 - INFO - VNC截图
2025-08-28T19:43:38.399616+0800 - INFO - 截图完毕
2025-08-28T19:43:38.420755+0800 - INFO - 成功发送 消息头长度
2025-08-28T19:43:38.421302+0800 - INFO - 成功发送 消息头内容
2025-08-28T19:43:38.421302+0800 - INFO - 成功发送 图片数据(215904字节)
2025-08-28T19:43:38.472570+0800 - INFO - data:['player', 297.44842529296875, 260.2511901855469, 387.2243957519531, 284.1981201171875, 0.9261971116065979]
2025-08-28T19:43:38.472570+0800 - INFO - data:['monster', 395.4139404296875, 353.9571533203125, 453.658447265625, 372.29437255859375, 0.9220519065856934]
2025-08-28T19:43:38.473609+0800 - INFO - ['monster', 395.4139404296875, 353.9571533203125, 453.658447265625, 372.29437255859375, 0.9220519065856934]
2025-08-28T19:43:38.473609+0800 - INFO - data:['monster', 459.4513854980469, 294.21685791015625, 518.272216796875, 313.64727783203125, 0.9118692278862]
2025-08-28T19:43:38.474656+0800 - INFO - ['monster', 459.4513854980469, 294.21685791015625, 518.272216796875, 313.64727783203125, 0.9118692278862]
2025-08-28T19:43:38.475695+0800 - INFO - data:['monster', 590.1397705078125, 266.3027648925781, 649.8693237304688, 286.5113525390625, 0.8986684679985046]
2025-08-28T19:43:38.475695+0800 - INFO - ['monster', 590.1397705078125, 266.3027648925781, 649.8693237304688, 286.5113525390625, 0.8986684679985046]
2025-08-28T19:43:38.476556+0800 - INFO - data:['monster', 654.1448974609375, 387.87518310546875, 713.047607421875, 405.99078369140625, 0.8976635932922363]
2025-08-28T19:43:38.476556+0800 - INFO - ['monster', 654.1448974609375, 387.87518310546875, 713.047607421875, 405.99078369140625, 0.8976635932922363]
2025-08-28T19:43:38.477387+0800 - INFO - data:['monster', 688.1915283203125, 335.33056640625, 746.4769897460938, 354.43292236328125, 0.8861925005912781]
2025-08-28T19:43:38.477387+0800 - INFO - ['monster', 688.1915283203125, 335.33056640625, 746.4769897460938, 354.43292236328125, 0.8861925005912781]
2025-08-28T19:43:38.478221+0800 - INFO - data:['monster', 658.0028686523438, 225.951416015625, 717.7147216796875, 246.720947265625, 0.8794530034065247]
2025-08-28T19:43:38.479050+0800 - INFO - ['monster', 658.0028686523438, 225.951416015625, 717.7147216796875, 246.720947265625, 0.8794530034065247]
2025-08-28T19:43:38.479050+0800 - INFO - data:['monster', 497.16143798828125, 349.06768798828125, 555.8546752929688, 367.0068359375, 0.8790714740753174]
2025-08-28T19:43:38.479880+0800 - INFO - ['monster', 497.16143798828125, 349.06768798828125, 555.8546752929688, 367.0068359375, 0.8790714740753174]
2025-08-28T19:43:38.479880+0800 - INFO - data:['monster', 400.0860900878906, 226.06304931640625, 460.30999755859375, 246.16139221191406, 0.8622982501983643]
2025-08-28T19:43:38.480707+0800 - INFO - ['monster', 400.0860900878906, 226.06304931640625, 460.30999755859375, 246.16139221191406, 0.8622982501983643]
2025-08-28T19:43:38.481711+0800 - INFO - 退出 get_yolo_res
2025-08-28T19:43:38.482232+0800 - INFO - 确定门检查怪物数量：8	金币数量：0	是否有奖励：False	是否有继续：False
2025-08-28T19:43:38.483075+0800 - INFO - 进入 get_yolo_res
2025-08-28T19:43:38.483920+0800 - INFO - 开始截图
2025-08-28T19:43:38.483920+0800 - INFO - VNC截图
2025-08-28T19:43:38.613908+0800 - INFO - 截图完毕
2025-08-28T19:43:38.645308+0800 - INFO - 成功发送 消息头长度
2025-08-28T19:43:38.645308+0800 - INFO - 成功发送 消息头内容
2025-08-28T19:43:38.646182+0800 - INFO - 成功发送 图片数据(215586字节)
2025-08-28T19:43:38.707706+0800 - INFO - data:['player', 297.3609619140625, 260.59820556640625, 387.3240661621094, 284.12725830078125, 0.9329906702041626]
2025-08-28T19:43:38.708219+0800 - INFO - data:['monster', 395.58154296875, 354.007568359375, 453.11456298828125, 371.8965759277344, 0.9126835465431213]
2025-08-28T19:43:38.708219+0800 - INFO - ['monster', 395.58154296875, 354.007568359375, 453.11456298828125, 371.8965759277344, 0.9126835465431213]
2025-08-28T19:43:38.708219+0800 - INFO - data:['monster', 655.6895141601562, 388.4527282714844, 713.2473754882812, 406.087646484375, 0.897837221622467]
2025-08-28T19:43:38.708219+0800 - INFO - ['monster', 655.6895141601562, 388.4527282714844, 713.2473754882812, 406.087646484375, 0.897837221622467]
2025-08-28T19:43:38.709266+0800 - INFO - data:['monster', 688.4197998046875, 335.3701171875, 746.4300537109375, 354.4690856933594, 0.897307276725769]
2025-08-28T19:43:38.709266+0800 - INFO - ['monster', 688.4197998046875, 335.3701171875, 746.4300537109375, 354.4690856933594, 0.897307276725769]
2025-08-28T19:43:38.709266+0800 - INFO - data:['monster', 459.7105712890625, 294.1163635253906, 518.5255126953125, 313.58355712890625, 0.8941692113876343]
2025-08-28T19:43:38.710305+0800 - INFO - ['monster', 459.7105712890625, 294.1163635253906, 518.5255126953125, 313.58355712890625, 0.8941692113876343]
2025-08-28T19:43:38.710305+0800 - INFO - data:['monster', 496.7601318359375, 349.1219177246094, 555.7130737304688, 367.00836181640625, 0.8806393146514893]
2025-08-28T19:43:38.710305+0800 - INFO - ['monster', 496.7601318359375, 349.1219177246094, 555.7130737304688, 367.00836181640625, 0.8806393146514893]
2025-08-28T19:43:38.711358+0800 - INFO - data:['monster', 590.9113159179688, 266.0283203125, 650.2291259765625, 285.5150146484375, 0.8712109327316284]
2025-08-28T19:43:38.711358+0800 - INFO - ['monster', 590.9113159179688, 266.0283203125, 650.2291259765625, 285.5150146484375, 0.8712109327316284]
2025-08-28T19:43:38.712386+0800 - INFO - data:['monster', 400.7213134765625, 225.98068237304688, 460.10772705078125, 245.72134399414062, 0.8698575496673584]
2025-08-28T19:43:38.712386+0800 - INFO - ['monster', 400.7213134765625, 225.98068237304688, 460.10772705078125, 245.72134399414062, 0.8698575496673584]
2025-08-28T19:43:38.713240+0800 - INFO - data:['monster', 658.244384765625, 225.9920196533203, 717.3602905273438, 246.1168212890625, 0.8640874028205872]
2025-08-28T19:43:38.713240+0800 - INFO - ['monster', 658.244384765625, 225.9920196533203, 717.3602905273438, 246.1168212890625, 0.8640874028205872]
2025-08-28T19:43:38.714067+0800 - INFO - 退出 get_yolo_res
2025-08-28T19:43:38.714067+0800 - INFO - 开始攻击怪物
2025-08-28T19:43:38.714067+0800 - INFO - VNC截图
2025-08-28T19:43:38.770556+0800 - INFO - 打怪中···
2025-08-28T19:43:38.770556+0800 - INFO - 进入 get_yolo_res
2025-08-28T19:43:38.796422+0800 - INFO - 成功发送 消息头长度
2025-08-28T19:43:38.796422+0800 - INFO - 成功发送 消息头内容
2025-08-28T19:43:38.797927+0800 - INFO - 成功发送 图片数据(213866字节)
2025-08-28T19:43:38.841275+0800 - INFO - VNC截图
2025-08-28T19:43:38.853379+0800 - INFO - data:['player', 297.38262939453125, 260.7147216796875, 387.43841552734375, 284.209716796875, 0.9364852905273438]
2025-08-28T19:43:38.854204+0800 - INFO - data:['monster', 395.30572509765625, 353.9242248535156, 453.5647888183594, 372.22625732421875, 0.9339404106140137]
2025-08-28T19:43:38.854204+0800 - INFO - ['monster', 395.30572509765625, 353.9242248535156, 453.5647888183594, 372.22625732421875, 0.9339404106140137]
2025-08-28T19:43:38.854204+0800 - INFO - data:['monster', 459.5747985839844, 294.1770324707031, 518.2845458984375, 313.6599426269531, 0.9111803770065308]
2025-08-28T19:43:38.854204+0800 - INFO - ['monster', 459.5747985839844, 294.1770324707031, 518.2845458984375, 313.6599426269531, 0.9111803770065308]
2025-08-28T19:43:38.854204+0800 - INFO - data:['monster', 654.440673828125, 387.8398132324219, 713.370849609375, 405.92498779296875, 0.9011157155036926]
2025-08-28T19:43:38.854204+0800 - INFO - ['monster', 654.440673828125, 387.8398132324219, 713.370849609375, 405.92498779296875, 0.9011157155036926]
2025-08-28T19:43:38.854204+0800 - INFO - data:['monster', 590.2598266601562, 266.3314514160156, 649.7869873046875, 286.378173828125, 0.9002671241760254]
2025-08-28T19:43:38.855712+0800 - INFO - ['monster', 590.2598266601562, 266.3314514160156, 649.7869873046875, 286.378173828125, 0.9002671241760254]
2025-08-28T19:43:38.855712+0800 - INFO - data:['monster', 498.4046936035156, 349.2410583496094, 555.662353515625, 366.9945373535156, 0.8991587162017822]
2025-08-28T19:43:38.855712+0800 - INFO - ['monster', 498.4046936035156, 349.2410583496094, 555.662353515625, 366.9945373535156, 0.8991587162017822]
2025-08-28T19:43:38.856748+0800 - INFO - data:['monster', 688.1451416015625, 335.31939697265625, 746.5465698242188, 354.34002685546875, 0.8949448466300964]
2025-08-28T19:43:38.856748+0800 - INFO - ['monster', 688.1451416015625, 335.31939697265625, 746.5465698242188, 354.34002685546875, 0.8949448466300964]
2025-08-28T19:43:38.856748+0800 - INFO - data:['monster', 657.9253540039062, 225.9384765625, 717.718994140625, 246.6560516357422, 0.8841648101806641]
2025-08-28T19:43:38.857775+0800 - INFO - ['monster', 657.9253540039062, 225.9384765625, 717.718994140625, 246.6560516357422, 0.8841648101806641]
2025-08-28T19:43:38.857775+0800 - INFO - data:['monster', 400.0916442871094, 226.05935668945312, 460.14068603515625, 246.07012939453125, 0.8777685761451721]
2025-08-28T19:43:38.858637+0800 - INFO - ['monster', 400.0916442871094, 226.05935668945312, 460.14068603515625, 246.07012939453125, 0.8777685761451721]
2025-08-28T19:43:38.858637+0800 - INFO - 退出 get_yolo_res
2025-08-28T19:43:38.859467+0800 - INFO - 进入 ocr
2025-08-28T19:43:38.860975+0800 - INFO - 成功发送 消息头长度
2025-08-28T19:43:38.860975+0800 - INFO - 成功发送 消息头内容
2025-08-28T19:43:38.860975+0800 - INFO - 成功发送 图片数据(947字节)
2025-08-28T19:43:38.897622+0800 - INFO - ocr 已获取识别数据: 100%
2025-08-28T19:43:38.898490+0800 - INFO - 退出 ocr
2025-08-28T19:43:38.898490+0800 - INFO - 当前血量为：100.0
2025-08-28T19:43:38.898490+0800 - INFO - 开始向怪物移动
2025-08-28T19:43:38.899333+0800 - INFO - 目标方向： left 记录方向：right
2025-08-28T19:43:38.899333+0800 - INFO - VNC键盘弹起所有键
2025-08-28T19:43:38.990816+0800 - INFO - VNC键盘按下：left
2025-08-28T19:43:39.042798+0800 - INFO - VNC键盘弹起：left
2025-08-28T19:43:39.094106+0800 - INFO - VNC键盘按下：left
2025-08-28T19:43:39.146289+0800 - INFO - VNC键盘按下：down
2025-08-28T19:43:39.190294+0800 - INFO - VNC键盘弹起：left
2025-08-28T19:43:39.379002+0800 - INFO - VNC键盘弹起：down
2025-08-28T19:43:39.430653+0800 - INFO - VNC键盘点击：right
2025-08-28T19:43:39.494543+0800 - INFO - 结束向怪物移动
2025-08-28T19:43:39.495592+0800 - INFO - 当前怪物是普通怪物,释放打普通怪物的技能
2025-08-28T19:43:39.496461+0800 - INFO - 已释放技能列表: ['q', 'w', 'e']
2025-08-28T19:43:39.497291+0800 - INFO - 第一排技能 - 检查技能: q
2025-08-28T19:43:39.498351+0800 - INFO - 第一排技能 - 检查技能: w
2025-08-28T19:43:39.499358+0800 - INFO - 找到可用技能: w
2025-08-28T19:43:39.499358+0800 - INFO - 使用技能：w
2025-08-28T19:43:39.500218+0800 - INFO - VNC键盘点击：w
2025-08-28T19:43:39.664322+0800 - INFO - VNC截图
2025-08-28T19:43:39.696491+0800 - INFO - 检查技能位置：v
2025-08-28T19:43:39.898185+0800 - INFO - VNC截图
2025-08-28T19:43:39.942489+0800 - INFO - 打怪中···
2025-08-28T19:43:39.942489+0800 - INFO - 进入 get_yolo_res
2025-08-28T19:43:39.944017+0800 - INFO - VNC截图
2025-08-28T19:43:39.985378+0800 - INFO - 成功发送 消息头长度
2025-08-28T19:43:39.985378+0800 - INFO - 成功发送 消息头内容
2025-08-28T19:43:39.985378+0800 - INFO - 成功发送 图片数据(230184字节)
2025-08-28T19:43:40.038462+0800 - INFO - data:['player', 237.8439178466797, 311.25469970703125, 327.3136901855469, 334.6593322753906, 0.9035688638687134]
2025-08-28T19:43:40.038462+0800 - INFO - 退出 get_yolo_res
2025-08-28T19:43:40.038462+0800 - INFO - 结束攻击怪物
2025-08-28T19:43:40.040119+0800 - INFO - 进入 get_yolo_res
2025-08-28T19:43:40.040119+0800 - INFO - 开始截图
2025-08-28T19:43:40.040950+0800 - INFO - VNC截图
2025-08-28T19:43:40.324032+0800 - INFO - 截图完毕
2025-08-28T19:43:40.344820+0800 - INFO - 成功发送 消息头长度
2025-08-28T19:43:40.345824+0800 - INFO - 成功发送 消息头内容
2025-08-28T19:43:40.346704+0800 - INFO - 成功发送 图片数据(210536字节)
2025-08-28T19:43:40.403472+0800 - INFO - data:['forward', 974.5319213867188, 311.8836669921875, 1052.2340087890625, 346.2958679199219, 0.8956704139709473]
2025-08-28T19:43:40.404523+0800 - INFO - data:['player', 247.00917053222656, 311.46014404296875, 327.54571533203125, 334.8980712890625, 0.7683145999908447]
2025-08-28T19:43:40.404523+0800 - INFO - self.goods:[]
2025-08-28T19:43:40.405565+0800 - INFO - 退出 get_yolo_res
2025-08-28T19:43:40.406618+0800 - INFO - 开始找门
2025-08-28T19:43:40.406618+0800 - INFO - 进入 get_yolo_res
2025-08-28T19:43:40.407645+0800 - INFO - 开始截图
2025-08-28T19:43:40.407645+0800 - INFO - VNC截图
2025-08-28T19:43:40.507432+0800 - INFO - 截图完毕
2025-08-28T19:43:40.527942+0800 - INFO - 成功发送 消息头长度
2025-08-28T19:43:40.528753+0800 - INFO - 成功发送 消息头内容
2025-08-28T19:43:40.529598+0800 - INFO - 成功发送 图片数据(205184字节)
2025-08-28T19:43:40.577899+0800 - INFO - data:['forward', 974.8958129882812, 311.7718811035156, 1053.19580078125, 346.23089599609375, 0.9120082259178162]
2025-08-28T19:43:40.578710+0800 - INFO - data:['player', 243.14724731445312, 310.5696716308594, 327.17626953125, 335.3299255371094, 0.8122258186340332]
2025-08-28T19:43:40.579557+0800 - INFO - self.goods:[]
2025-08-28T19:43:40.579557+0800 - INFO - 退出 get_yolo_res
2025-08-28T19:43:40.581196+0800 - INFO - 确定门检查怪物数量：0	金币数量：0	是否有奖励：False	是否有继续：False
2025-08-28T19:43:40.581196+0800 - INFO - 进入 get_min_map_yolo_res
2025-08-28T19:43:40.582024+0800 - INFO - 开始截小地图
2025-08-28T19:43:40.582024+0800 - INFO - VNC截图
2025-08-28T19:43:40.689291+0800 - INFO - 小地图截图完毕
2025-08-28T19:43:40.689291+0800 - INFO - get_min_map_yolo_res
2025-08-28T19:43:40.690117+0800 - INFO - 成功发送 消息头长度
2025-08-28T19:43:40.690945+0800 - INFO - 成功发送 消息头内容
2025-08-28T19:43:40.690945+0800 - INFO - 成功发送 图片数据(1852字节)
2025-08-28T19:43:40.729366+0800 - INFO - get_min_map_yolo_res 已获取识别数据: []
2025-08-28T19:43:40.729366+0800 - INFO - 退出 get_min_map_yolo_res
2025-08-28T19:43:40.730235+0800 - INFO - self.player.map_name:深渊：终末崇拜者
2025-08-28T19:43:40.731064+0800 - INFO - door_pos:<class 'core.common.Point'>
2025-08-28T19:43:40.731064+0800 - INFO - <core.common.Point object at 0x00000213D1E1D9D0>
2025-08-28T19:43:40.731064+0800 - INFO - door_pos:1385, 430
2025-08-28T19:43:40.731893+0800 - INFO - 目标方向： right 记录方向：left
2025-08-28T19:43:40.731893+0800 - INFO - 方向不同，加时0.1秒
2025-08-28T19:43:40.731893+0800 - INFO - VNC键盘弹起所有键
2025-08-28T19:43:40.784722+0800 - INFO - VNC键盘按下：right
2025-08-28T19:43:40.836455+0800 - INFO - VNC键盘弹起：right
2025-08-28T19:43:40.888257+0800 - INFO - VNC键盘按下：right
2025-08-28T19:43:40.940086+0800 - INFO - VNC键盘按下：up
2025-08-28T19:43:41.151242+0800 - INFO - VNC截图
2025-08-28T19:43:41.159803+0800 - INFO - VNC键盘弹起：up
2025-08-28T19:43:42.194911+0800 - INFO - VNC截图
2025-08-28T19:43:42.954667+0800 - INFO - VNC键盘弹起：right
2025-08-28T19:43:42.955673+0800 - INFO - 朝门移动耗时：2.2237799167633057秒
2025-08-28T19:43:43.057281+0800 - INFO - VNC截图
2025-08-28T19:43:43.105716+0800 - INFO - vnc_mm截图成功
2025-08-28T19:43:43.162503+0800 - INFO - VNC键盘弹起所有键
2025-08-28T19:43:43.165698+0800 - INFO - 结束找门
2025-08-28T19:43:43.165698+0800 - INFO - 进入 get_yolo_res
2025-08-28T19:43:43.165698+0800 - INFO - 开始截图
2025-08-28T19:43:43.166739+0800 - INFO - VNC截图
2025-08-28T19:43:43.242117+0800 - INFO - VNC截图
2025-08-28T19:43:43.440317+0800 - INFO - 截图完毕
2025-08-28T19:43:43.472988+0800 - INFO - 成功发送 消息头长度
2025-08-28T19:43:43.473816+0800 - INFO - 成功发送 消息头内容
2025-08-28T19:43:43.473816+0800 - INFO - 成功发送 图片数据(196323字节)
2025-08-28T19:43:43.525907+0800 - INFO - data:['boss_sy', 519.9044189453125, 206.49481201171875, 670.5211181640625, 351.92303466796875, 0.9436463117599487]
2025-08-28T19:43:43.526763+0800 - INFO - ['boss_sy', 519.9044189453125, 206.49481201171875, 670.5211181640625, 351.92303466796875, 0.9436463117599487]
2025-08-28T19:43:43.526763+0800 - INFO - yolo处理 最少房间要求为：2
2025-08-28T19:43:43.527266+0800 - INFO - 0的数量:
2025-08-28T19:43:43.527266+0800 - INFO - 当前过门次数self.to_door_count：3
2025-08-28T19:43:43.528121+0800 - INFO - data:['player', 339.00518798828125, 254.98377990722656, 429.2819519042969, 279.8658142089844, 0.9345865845680237]
2025-08-28T19:43:43.528121+0800 - INFO - 退出 get_yolo_res
2025-08-28T19:43:43.528951+0800 - INFO - 确定门检查怪物数量：1	金币数量：0	是否有奖励：False	是否有继续：False
2025-08-28T19:43:43.528951+0800 - INFO - 进入 get_yolo_res
2025-08-28T19:43:43.529779+0800 - INFO - 开始截图
2025-08-28T19:43:43.529779+0800 - INFO - VNC截图
2025-08-28T19:43:43.860708+0800 - INFO - 截图完毕
2025-08-28T19:43:43.883099+0800 - INFO - 成功发送 消息头长度
2025-08-28T19:43:43.884620+0800 - INFO - 成功发送 消息头内容
2025-08-28T19:43:43.884620+0800 - INFO - 成功发送 图片数据(194701字节)
2025-08-28T19:43:43.941637+0800 - INFO - data:['boss_sy', 519.884765625, 214.97096252441406, 670.478271484375, 356.46527099609375, 0.9532829523086548]
2025-08-28T19:43:43.942642+0800 - INFO - ['boss_sy', 519.884765625, 214.97096252441406, 670.478271484375, 356.46527099609375, 0.9532829523086548]
2025-08-28T19:43:43.942642+0800 - INFO - yolo处理 最少房间要求为：2
2025-08-28T19:43:43.943500+0800 - INFO - 0的数量:
2025-08-28T19:43:43.943500+0800 - INFO - 当前过门次数self.to_door_count：3
2025-08-28T19:43:43.944330+0800 - INFO - data:['player', 338.9933166503906, 255.037353515625, 429.7392272949219, 279.8894348144531, 0.9366667866706848]
2025-08-28T19:43:43.944330+0800 - INFO - 退出 get_yolo_res
2025-08-28T19:43:43.944330+0800 - INFO - BOSS房处理
2025-08-28T19:43:43.945833+0800 - INFO - 开始攻击怪物
2025-08-28T19:43:43.945833+0800 - INFO - VNC截图
2025-08-28T19:43:44.050929+0800 - INFO - 打怪中···
2025-08-28T19:43:44.051786+0800 - INFO - 进入 get_yolo_res
2025-08-28T19:43:44.076277+0800 - INFO - 成功发送 消息头长度
2025-08-28T19:43:44.077153+0800 - INFO - 成功发送 消息头内容
2025-08-28T19:43:44.077983+0800 - INFO - 成功发送 图片数据(194605字节)
2025-08-28T19:43:44.137812+0800 - INFO - data:['boss_sy', 519.040283203125, 217.6516571044922, 671.7998046875, 358.9560241699219, 0.9512374401092529]
2025-08-28T19:43:44.138643+0800 - INFO - ['boss_sy', 519.040283203125, 217.6516571044922, 671.7998046875, 358.9560241699219, 0.9512374401092529]
2025-08-28T19:43:44.138643+0800 - INFO - yolo处理 最少房间要求为：2
2025-08-28T19:43:44.138643+0800 - INFO - 0的数量:
2025-08-28T19:43:44.139476+0800 - INFO - 当前过门次数self.to_door_count：3
2025-08-28T19:43:44.139476+0800 - INFO - data:['player', 339.0437316894531, 255.18453979492188, 430.18682861328125, 280.0137634277344, 0.9428970217704773]
2025-08-28T19:43:44.139476+0800 - INFO - 退出 get_yolo_res
2025-08-28T19:43:44.140484+0800 - INFO - 进入 ocr
2025-08-28T19:43:44.141337+0800 - INFO - 成功发送 消息头长度
2025-08-28T19:43:44.141337+0800 - INFO - 成功发送 消息头内容
2025-08-28T19:43:44.142168+0800 - INFO - 成功发送 图片数据(944字节)
2025-08-28T19:43:44.168402+0800 - INFO - ocr 已获取识别数据: 100%
2025-08-28T19:43:44.169232+0800 - INFO - 退出 ocr
2025-08-28T19:43:44.169232+0800 - INFO - 当前血量为：100.0
2025-08-28T19:43:44.169232+0800 - INFO - 开始向怪物移动
2025-08-28T19:43:44.170063+0800 - INFO - 目标方向： right 记录方向：right
2025-08-28T19:43:44.170063+0800 - INFO - VNC键盘弹起所有键
2025-08-28T19:43:44.222585+0800 - INFO - VNC键盘按下：right
2025-08-28T19:43:44.274452+0800 - INFO - VNC键盘弹起：right
2025-08-28T19:43:44.326688+0800 - INFO - VNC键盘按下：right
2025-08-28T19:43:44.379337+0800 - INFO - VNC键盘按下：down
2025-08-28T19:43:44.432037+0800 - INFO - VNC键盘弹起：right
2025-08-28T19:43:44.529923+0800 - INFO - VNC键盘弹起：down
2025-08-28T19:43:44.582192+0800 - INFO - VNC键盘点击：right
2025-08-28T19:43:44.656542+0800 - INFO - 结束向怪物移动
2025-08-28T19:43:44.657358+0800 - INFO - 当前怪物是Boss,释放打Boss的技能
2025-08-28T19:43:44.657358+0800 - INFO - 检查Boss技能: ctrl
2025-08-28T19:43:44.658192+0800 - INFO - 特殊技能 ctrl 可用 (职业: 女鬼剑士-契魔者)
2025-08-28T19:43:44.658192+0800 - INFO - 使用技能：ctrl
2025-08-28T19:43:44.659040+0800 - INFO - VNC键盘点击：ctrl
2025-08-28T19:43:44.783878+0800 - INFO - VNC截图
2025-08-28T19:43:44.820254+0800 - INFO - VNC截图
2025-08-28T19:43:45.096707+0800 - INFO - 检查技能位置：v
2025-08-28T19:43:45.298144+0800 - INFO - VNC截图
2025-08-28T19:43:45.390940+0800 - INFO - 打怪中···
2025-08-28T19:43:45.391770+0800 - INFO - 进入 get_yolo_res
2025-08-28T19:43:45.426612+0800 - INFO - 成功发送 消息头长度
2025-08-28T19:43:45.426612+0800 - INFO - 成功发送 消息头内容
2025-08-28T19:43:45.427443+0800 - INFO - 成功发送 图片数据(192589字节)
2025-08-28T19:43:45.487824+0800 - INFO - data:['player', 434.5043640136719, 289.3911437988281, 525.8550415039062, 314.3441467285156, 0.9309691190719604]
2025-08-28T19:43:45.488658+0800 - INFO - data:['boss_sy', 523.3088989257812, 206.47731018066406, 670.1215209960938, 348.9371643066406, 0.9288007616996765]
2025-08-28T19:43:45.489471+0800 - INFO - ['boss_sy', 523.3088989257812, 206.47731018066406, 670.1215209960938, 348.9371643066406, 0.9288007616996765]
2025-08-28T19:43:45.489471+0800 - INFO - yolo处理 最少房间要求为：2
2025-08-28T19:43:45.490301+0800 - INFO - 0的数量:
2025-08-28T19:43:45.490301+0800 - INFO - 当前过门次数self.to_door_count：3
2025-08-28T19:43:45.490301+0800 - INFO - 退出 get_yolo_res
2025-08-28T19:43:45.491962+0800 - INFO - 进入 ocr
2025-08-28T19:43:45.492791+0800 - INFO - 成功发送 消息头长度
2025-08-28T19:43:45.493622+0800 - INFO - 成功发送 消息头内容
2025-08-28T19:43:45.494452+0800 - INFO - 成功发送 图片数据(941字节)
2025-08-28T19:43:45.524464+0800 - INFO - ocr 已获取识别数据: 100%
2025-08-28T19:43:45.525368+0800 - INFO - 退出 ocr
2025-08-28T19:43:45.526427+0800 - INFO - 当前血量为：100.0
2025-08-28T19:43:45.526427+0800 - INFO - 开始向怪物移动
2025-08-28T19:43:45.526427+0800 - INFO - 目标方向： left 记录方向：right
2025-08-28T19:43:45.527480+0800 - INFO - VNC键盘弹起所有键
2025-08-28T19:43:45.580396+0800 - INFO - VNC键盘按下：left
2025-08-28T19:43:45.631716+0800 - INFO - VNC键盘弹起：left
2025-08-28T19:43:45.684101+0800 - INFO - VNC键盘按下：left
2025-08-28T19:43:45.735765+0800 - INFO - VNC键盘按下：up
2025-08-28T19:43:45.763838+0800 - INFO - VNC键盘弹起：up
2025-08-28T19:43:45.816071+0800 - INFO - VNC键盘弹起：left
2025-08-28T19:43:45.816949+0800 - INFO - VNC键盘点击：right
2025-08-28T19:43:45.839319+0800 - INFO - VNC截图
2025-08-28T19:43:45.887701+0800 - INFO - 结束向怪物移动
2025-08-28T19:43:45.888722+0800 - INFO - 当前怪物是Boss,释放打Boss的技能
2025-08-28T19:43:45.889583+0800 - INFO - 检查Boss技能: ctrl
2025-08-28T19:43:45.889583+0800 - INFO - 检查Boss技能: q
2025-08-28T19:43:45.890425+0800 - INFO - 检查Boss技能: w
2025-08-28T19:43:45.891255+0800 - INFO - 检查Boss技能: e
2025-08-28T19:43:45.892071+0800 - INFO - 找到可用技能: e
2025-08-28T19:43:45.892919+0800 - INFO - 使用技能：e
2025-08-28T19:43:45.893733+0800 - INFO - VNC键盘点击：e
2025-08-28T19:43:46.072645+0800 - INFO - VNC截图
2025-08-28T19:43:46.161691+0800 - INFO - 检查技能位置：v
2025-08-28T19:43:46.363397+0800 - INFO - VNC截图
2025-08-28T19:43:46.461727+0800 - INFO - 打怪中···
2025-08-28T19:43:46.461727+0800 - INFO - 进入 get_yolo_res
2025-08-28T19:43:46.499081+0800 - INFO - 成功发送 消息头长度
2025-08-28T19:43:46.499081+0800 - INFO - 成功发送 消息头内容
2025-08-28T19:43:46.500084+0800 - INFO - 成功发送 图片数据(225874字节)
2025-08-28T19:43:46.554035+0800 - INFO - data:['continue', 896.6753540039062, 42.47853088378906, 982.9520874023438, 69.70006561279297, 0.946092426776886]
2025-08-28T19:43:46.554577+0800 - INFO - ['continue', 896.6753540039062, 42.47853088378906, 982.9520874023438, 69.70006561279297, 0.946092426776886]
2025-08-28T19:43:46.554577+0800 - INFO - data:['player', 383.9234924316406, 280.47265625, 474.16204833984375, 304.6315002441406, 0.8874005675315857]
2025-08-28T19:43:46.554577+0800 - INFO - data:['goods', 528.5646362304688, 272.9573669433594, 657.6964721679688, 294.3114013671875, 0.8426908254623413]
2025-08-28T19:43:46.554577+0800 - INFO - 进入 ocr
2025-08-28T19:43:46.556111+0800 - INFO - 成功发送 消息头长度
2025-08-28T19:43:46.556111+0800 - INFO - 成功发送 消息头内容
2025-08-28T19:43:46.556985+0800 - INFO - 成功发送 图片数据(2915字节)
2025-08-28T19:43:46.584839+0800 - INFO - ocr 已获取识别数据: 迷迷雾工商协会银市】
2025-08-28T19:43:46.584839+0800 - INFO - 退出 ocr
2025-08-28T19:43:46.585843+0800 - INFO - 识别物品：迷迷雾工商协会银市】
2025-08-28T19:43:46.587381+0800 - INFO - self.goods:[(592, 314, '迷迷雾工商协会银市')]
2025-08-28T19:43:46.587381+0800 - INFO - 退出 get_yolo_res
2025-08-28T19:43:46.587381+0800 - INFO - 结束攻击怪物
2025-08-28T19:43:46.589070+0800 - INFO - 进入 get_yolo_res
2025-08-28T19:43:46.589070+0800 - INFO - 开始截图
2025-08-28T19:43:46.589070+0800 - INFO - VNC截图
2025-08-28T19:43:46.654173+0800 - INFO - 截图完毕
2025-08-28T19:43:46.677853+0800 - INFO - 成功发送 消息头长度
2025-08-28T19:43:46.677853+0800 - INFO - 成功发送 消息头内容
2025-08-28T19:43:46.678703+0800 - INFO - 成功发送 图片数据(221541字节)
2025-08-28T19:43:46.742105+0800 - INFO - data:['continue', 896.7188110351562, 42.806392669677734, 982.6392211914062, 69.44318389892578, 0.9490737915039062]
2025-08-28T19:43:46.742105+0800 - INFO - ['continue', 896.7188110351562, 42.806392669677734, 982.6392211914062, 69.44318389892578, 0.9490737915039062]
2025-08-28T19:43:46.742964+0800 - INFO - data:['player', 384.0888671875, 280.7473449707031, 474.37750244140625, 304.2844543457031, 0.8872650265693665]
2025-08-28T19:43:46.742964+0800 - INFO - data:['goods', 520.8475952148438, 246.79248046875, 657.9328002929688, 270.6272277832031, 0.830899715423584]
2025-08-28T19:43:46.742964+0800 - INFO - 进入 ocr
2025-08-28T19:43:46.743795+0800 - INFO - 成功发送 消息头长度
2025-08-28T19:43:46.744625+0800 - INFO - 成功发送 消息头内容
2025-08-28T19:43:46.744625+0800 - INFO - 成功发送 图片数据(3067字节)
2025-08-28T19:43:46.773650+0800 - INFO - ocr 已获取识别数据: 迷雾迷雾工商协会银币
2025-08-28T19:43:46.774479+0800 - INFO - 退出 ocr
2025-08-28T19:43:46.774479+0800 - INFO - 识别物品：迷雾迷雾工商协会银币
2025-08-28T19:43:46.774479+0800 - INFO - self.goods:[(588, 290, '迷雾迷雾工商协会银币')]
2025-08-28T19:43:46.775984+0800 - INFO - 退出 get_yolo_res
2025-08-28T19:43:46.775984+0800 - INFO - VNC截图
2025-08-28T19:43:46.838586+0800 - INFO - vnc_mm截图成功
2025-08-28T19:43:46.873021+0800 - INFO - VNC截图
2025-08-28T19:43:47.701127+0800 - INFO - boss房聚物拾取
2025-08-28T19:43:47.701127+0800 - INFO - VNC键盘弹起所有键
2025-08-28T19:43:47.754412+0800 - INFO - VNC键盘按下：up
2025-08-28T19:43:47.958106+0800 - INFO - VNC截图
2025-08-28T19:43:48.156227+0800 - INFO - VNC键盘弹起：up
2025-08-28T19:43:48.208592+0800 - INFO - VNC键盘点击：tab
2025-08-28T19:43:48.337206+0800 - INFO - VNC键盘点击：tab
2025-08-28T19:43:48.458850+0800 - INFO - VNC键盘点击：tab
2025-08-28T19:43:48.580727+0800 - INFO - VNC键盘点击：tab
2025-08-28T19:43:48.983977+0800 - INFO - VNC截图
2025-08-28T19:43:49.894347+0800 - INFO - VNC键盘按下：x
2025-08-28T19:43:49.959569+0800 - INFO - VNC键盘弹起：x
2025-08-28T19:43:50.019665+0800 - INFO - VNC截图
2025-08-28T19:43:50.023987+0800 - INFO - 进入 get_yolo_res
2025-08-28T19:43:50.023987+0800 - INFO - 开始截图
2025-08-28T19:43:50.023987+0800 - INFO - VNC截图
2025-08-28T19:43:50.570125+0800 - INFO - 截图完毕
2025-08-28T19:43:50.608204+0800 - INFO - 成功发送 消息头长度
2025-08-28T19:43:50.609047+0800 - INFO - 成功发送 消息头内容
2025-08-28T19:43:50.609047+0800 - INFO - 成功发送 图片数据(202510字节)
2025-08-28T19:43:50.671945+0800 - INFO - data:['continue', 897.0453491210938, 42.665279388427734, 982.386962890625, 69.53746795654297, 0.9423285722732544]
2025-08-28T19:43:50.671945+0800 - INFO - ['continue', 897.0453491210938, 42.665279388427734, 982.386962890625, 69.53746795654297, 0.9423285722732544]
2025-08-28T19:43:50.672776+0800 - INFO - data:['forward', 827.447998046875, 311.6513977050781, 902.8487548828125, 346.2581787109375, 0.925925076007843]
2025-08-28T19:43:50.672776+0800 - INFO - data:['player', 383.4728088378906, 192.5230712890625, 474.10076904296875, 217.8202667236328, 0.915789008140564]
2025-08-28T19:43:50.672776+0800 - INFO - self.goods:[]
2025-08-28T19:43:50.673590+0800 - INFO - 退出 get_yolo_res
2025-08-28T19:43:50.673590+0800 - INFO - 进入 get_yolo_res
2025-08-28T19:43:50.674436+0800 - INFO - 开始截图
2025-08-28T19:43:50.674436+0800 - INFO - VNC截图
2025-08-28T19:43:51.048982+0800 - INFO - VNC截图
2025-08-28T19:43:51.083862+0800 - INFO - 截图完毕
2025-08-28T19:43:51.120481+0800 - INFO - 成功发送 消息头长度
2025-08-28T19:43:51.120481+0800 - INFO - 成功发送 消息头内容
2025-08-28T19:43:51.121308+0800 - INFO - 成功发送 图片数据(202342字节)
2025-08-28T19:43:51.183685+0800 - INFO - data:['continue', 897.2864990234375, 42.648033142089844, 982.314697265625, 69.53424072265625, 0.9413796663284302]
2025-08-28T19:43:51.184563+0800 - INFO - ['continue', 897.2864990234375, 42.648033142089844, 982.314697265625, 69.53424072265625, 0.9413796663284302]
2025-08-28T19:43:51.184563+0800 - INFO - data:['player', 383.5862731933594, 192.3054962158203, 473.8927001953125, 217.25038146972656, 0.9323383569717407]
2025-08-28T19:43:51.185405+0800 - INFO - data:['forward', 827.4481811523438, 311.4154357910156, 902.09375, 346.34832763671875, 0.9226629734039307]
2025-08-28T19:43:51.185405+0800 - INFO - self.goods:[]
2025-08-28T19:43:51.185405+0800 - INFO - 退出 get_yolo_res
2025-08-28T19:43:51.237693+0800 - INFO - VNC截图
2025-08-28T19:43:51.557175+0800 - INFO - vnc_mm截图成功
2025-08-28T19:43:51.559663+0800 - INFO - move_to:窗口左上角x = 0	窗口左上角y = 0	x=870	y=593
2025-08-28T19:43:51.561169+0800 - INFO - VNC鼠标移动：(870, 593)
2025-08-28T19:43:51.863218+0800 - INFO - 进入 ocr
2025-08-28T19:43:51.863218+0800 - INFO - VNC截图
2025-08-28T19:43:51.892142+0800 - INFO - 成功发送 消息头长度
2025-08-28T19:43:51.892142+0800 - INFO - 成功发送 消息头内容
2025-08-28T19:43:51.893146+0800 - INFO - 成功发送 图片数据(3370字节)
2025-08-28T19:43:51.910951+0800 - INFO - ocr 已获取识别数据: 疲劳值：116/156
2025-08-28T19:43:51.911457+0800 - INFO - 退出 ocr
2025-08-28T19:43:51.912537+0800 - INFO - 当前疲劳值：116
2025-08-28T19:43:51.913079+0800 - INFO - move_to:窗口左上角x = 0	窗口左上角y = 0	x=506	y=30
2025-08-28T19:43:51.913618+0800 - INFO - VNC鼠标移动：(506, 30)
2025-08-28T19:43:52.216558+0800 - INFO - VNC截图
2025-08-28T19:43:52.253526+0800 - INFO - mm-is_colored:40.17894736842105
2025-08-28T19:43:52.254528+0800 - INFO - VNC截图
2025-08-28T19:43:52.309235+0800 - INFO - VNC截图
2025-08-28T19:43:52.402289+0800 - INFO - vnc_mm截图成功
2025-08-28T19:43:52.404793+0800 - INFO - VNC截图
2025-08-28T19:43:52.847802+0800 - INFO - vnc_mm截图成功
2025-08-28T19:43:52.849666+0800 - INFO - VNC截图
2025-08-28T19:43:53.011454+0800 - INFO - VNC键盘点击：f10
2025-08-28T19:43:53.086439+0800 - INFO - 进入 get_yolo_res
2025-08-28T19:43:53.108942+0800 - INFO - 成功发送 消息头长度
2025-08-28T19:43:53.109775+0800 - INFO - 成功发送 消息头内容
2025-08-28T19:43:53.110602+0800 - INFO - 成功发送 图片数据(203515字节)
2025-08-28T19:43:53.170590+0800 - INFO - data:['continue', 897.3302612304688, 42.621944427490234, 982.3096313476562, 69.53556060791016, 0.9415456652641296]
2025-08-28T19:43:53.171415+0800 - INFO - ['continue', 897.3302612304688, 42.621944427490234, 982.3096313476562, 69.53556060791016, 0.9415456652641296]
2025-08-28T19:43:53.171415+0800 - INFO - data:['forward', 827.11474609375, 311.8498840332031, 901.749267578125, 345.9216613769531, 0.9293157458305359]
2025-08-28T19:43:53.172230+0800 - INFO - data:['player', 384.11309814453125, 193.00289916992188, 474.5889587402344, 217.14434814453125, 0.918434739112854]
2025-08-28T19:43:53.173059+0800 - INFO - self.goods:[]
2025-08-28T19:43:53.173059+0800 - INFO - 退出 get_yolo_res
2025-08-28T19:43:53.173888+0800 - INFO - VNC截图
2025-08-28T19:43:53.221229+0800 - INFO - vnc_mm截图成功
2025-08-28T19:43:53.223628+0800 - INFO - VNC截图
2025-08-28T19:43:53.370713+0800 - INFO - vnc_mm截图成功
2025-08-28T19:43:53.374053+0800 - INFO - VNC截图
2025-08-28T19:43:53.504746+0800 - INFO - VNC键盘点击：f10
2025-08-28T19:43:53.560688+0800 - INFO - 进入 get_yolo_res
2025-08-28T19:43:53.603170+0800 - INFO - 成功发送 消息头长度
2025-08-28T19:43:53.603170+0800 - INFO - 成功发送 消息头内容
2025-08-28T19:43:53.603170+0800 - INFO - 成功发送 图片数据(204367字节)
2025-08-28T19:43:53.622006+0800 - INFO - VNC截图
2025-08-28T19:43:53.671295+0800 - INFO - data:['forward', 827.4185791015625, 311.5780029296875, 902.8283081054688, 346.41534423828125, 0.9345751404762268]
2025-08-28T19:43:53.671295+0800 - INFO - data:['continue', 897.0984497070312, 42.610408782958984, 982.9484252929688, 69.43949127197266, 0.9345747232437134]
2025-08-28T19:43:53.672299+0800 - INFO - ['continue', 897.0984497070312, 42.610408782958984, 982.9484252929688, 69.43949127197266, 0.9345747232437134]
2025-08-28T19:43:53.672299+0800 - INFO - data:['player', 384.11468505859375, 192.73130798339844, 473.94915771484375, 217.45135498046875, 0.9286502003669739]
2025-08-28T19:43:53.672299+0800 - INFO - self.goods:[]
2025-08-28T19:43:53.673143+0800 - INFO - 退出 get_yolo_res
2025-08-28T19:43:53.673143+0800 - INFO - VNC截图
2025-08-28T19:43:53.791086+0800 - INFO - vnc_mm截图成功
2025-08-28T19:43:53.792781+0800 - INFO - VNC截图
2025-08-28T19:43:54.039926+0800 - INFO - vnc_mm截图成功
2025-08-28T19:43:54.041589+0800 - INFO - VNC截图
2025-08-28T19:43:54.173903+0800 - INFO - VNC键盘点击：f10
2025-08-28T19:43:54.226825+0800 - INFO - 进入 get_yolo_res
2025-08-28T19:43:54.266466+0800 - INFO - 成功发送 消息头长度
2025-08-28T19:43:54.266466+0800 - INFO - 成功发送 消息头内容
2025-08-28T19:43:54.267986+0800 - INFO - 成功发送 图片数据(189172字节)
2025-08-28T19:43:54.323579+0800 - INFO - data:['forward', 983.0101318359375, 309.6811828613281, 1061.739990234375, 346.6795349121094, 0.9211333990097046]
2025-08-28T19:43:54.323579+0800 - INFO - data:['player', 383.4163818359375, 192.2722930908203, 474.1059265136719, 217.55706787109375, 0.9184021353721619]
2025-08-28T19:43:54.325084+0800 - INFO - self.goods:[]
2025-08-28T19:43:54.325084+0800 - INFO - 退出 get_yolo_res
2025-08-28T19:43:54.326111+0800 - INFO - 进入 get_yolo_res
2025-08-28T19:43:54.326967+0800 - INFO - 开始截图
2025-08-28T19:43:54.326967+0800 - INFO - VNC截图
2025-08-28T19:43:54.360942+0800 - INFO - 截图完毕
2025-08-28T19:43:54.384578+0800 - INFO - 成功发送 消息头长度
2025-08-28T19:43:54.384578+0800 - INFO - 成功发送 消息头内容
2025-08-28T19:43:54.386088+0800 - INFO - 成功发送 图片数据(191417字节)
2025-08-28T19:43:54.451192+0800 - INFO - data:['player', 383.3769836425781, 192.66184997558594, 474.04315185546875, 217.7769775390625, 0.9219731688499451]
2025-08-28T19:43:54.451192+0800 - INFO - data:['forward', 983.1383056640625, 309.72283935546875, 1063.1114501953125, 346.5452575683594, 0.9070721864700317]
2025-08-28T19:43:54.452020+0800 - INFO - self.goods:[]
2025-08-28T19:43:54.452020+0800 - INFO - 退出 get_yolo_res
2025-08-28T19:43:54.452865+0800 - INFO - 初始化地图:
2025-08-28T19:43:54.452865+0800 - INFO - [1, 1, 1, 1, 1, 1, 1]
2025-08-28T19:43:54.452865+0800 - INFO - [1, 1, 1, 1, 1, 1, 1]
2025-08-28T19:43:54.453885+0800 - INFO - [1, 1, 1, 1, 1, 1, 1]
2025-08-28T19:43:54.453885+0800 - INFO - 地图名称:
2025-08-28T19:43:54.453885+0800 - INFO - 初始化地图
2025-08-28T19:43:54.454737+0800 - INFO - [1, 1, 1, 1, 1, 1, 1]
2025-08-28T19:43:54.454737+0800 - INFO - [1, 1, 1, 1, 1, 1, 1]
2025-08-28T19:43:54.454737+0800 - INFO - [1, 1, 1, 1, 1, 1, 1]
2025-08-28T19:43:54.455744+0800 - INFO - 职业：女鬼剑士-契魔者
2025-08-28T19:43:54.456271+0800 - INFO - BOSS房处理结束
2025-08-28T19:43:54.457127+0800 - INFO - 进入 get_yolo_res
2025-08-28T19:43:54.457127+0800 - INFO - 开始截图
2025-08-28T19:43:54.457127+0800 - INFO - VNC截图
2025-08-28T19:43:54.487928+0800 - INFO - 截图完毕
2025-08-28T19:43:54.509521+0800 - INFO - 成功发送 消息头长度
2025-08-28T19:43:54.509521+0800 - INFO - 成功发送 消息头内容
2025-08-28T19:43:54.510910+0800 - INFO - 成功发送 图片数据(192701字节)
2025-08-28T19:43:54.568003+0800 - INFO - data:['player', 383.34674072265625, 192.3701629638672, 473.88592529296875, 217.479736328125, 0.9260061383247375]
2025-08-28T19:43:54.568003+0800 - INFO - data:['forward', 982.5489501953125, 309.57855224609375, 1065.1695556640625, 346.8688049316406, 0.9090818166732788]
2025-08-28T19:43:54.568829+0800 - INFO - self.goods:[]
2025-08-28T19:43:54.568829+0800 - INFO - 退出 get_yolo_res
2025-08-28T19:43:54.569656+0800 - INFO - 开始找门
2025-08-28T19:43:54.569656+0800 - INFO - 进入 get_yolo_res
2025-08-28T19:43:54.569656+0800 - INFO - 开始截图
2025-08-28T19:43:54.571227+0800 - INFO - VNC截图
2025-08-28T19:43:54.613742+0800 - INFO - 截图完毕
2025-08-28T19:43:54.634153+0800 - INFO - 成功发送 消息头长度
2025-08-28T19:43:54.634982+0800 - INFO - 成功发送 消息头内容
2025-08-28T19:43:54.634982+0800 - INFO - 成功发送 图片数据(194234字节)
2025-08-28T19:43:54.645885+0800 - INFO - VNC截图
2025-08-28T19:43:54.689255+0800 - INFO - data:['player', 383.492431640625, 192.47164916992188, 474.0716247558594, 217.25279235839844, 0.9312176704406738]
2025-08-28T19:43:54.690071+0800 - INFO - data:['forward', 982.6924438476562, 309.830810546875, 1061.8553466796875, 346.6583251953125, 0.9039166569709778]
2025-08-28T19:43:54.690071+0800 - INFO - self.goods:[]
2025-08-28T19:43:54.690897+0800 - INFO - 退出 get_yolo_res
2025-08-28T19:43:54.691737+0800 - INFO - 确定门检查怪物数量：0	金币数量：0	是否有奖励：False	是否有继续：False
2025-08-28T19:43:54.691737+0800 - INFO - 进入 get_min_map_yolo_res
2025-08-28T19:43:54.691737+0800 - INFO - 开始截小地图
2025-08-28T19:43:54.692557+0800 - INFO - VNC截图
2025-08-28T19:43:54.834319+0800 - INFO - 小地图截图完毕
2025-08-28T19:43:54.834319+0800 - INFO - get_min_map_yolo_res
2025-08-28T19:43:54.835148+0800 - INFO - 成功发送 消息头长度
2025-08-28T19:43:54.835148+0800 - INFO - 成功发送 消息头内容
2025-08-28T19:43:54.836167+0800 - INFO - 成功发送 图片数据(1783字节)
2025-08-28T19:43:54.879104+0800 - INFO - get_min_map_yolo_res 已获取识别数据: []
2025-08-28T19:43:54.879920+0800 - INFO - 退出 get_min_map_yolo_res
2025-08-28T19:43:54.879920+0800 - INFO - self.player.map_name:深渊：终末崇拜者
2025-08-28T19:43:54.880749+0800 - INFO - door_pos:<class 'core.common.Point'>
2025-08-28T19:43:54.880749+0800 - INFO - <core.common.Point object at 0x00000213D54685E0>
2025-08-28T19:43:54.880749+0800 - INFO - door_pos:1419, 433
2025-08-28T19:43:54.881577+0800 - INFO - 目标方向： right 记录方向：left
2025-08-28T19:43:54.882421+0800 - INFO - 方向不同，加时0.1秒
2025-08-28T19:43:54.882421+0800 - INFO - VNC键盘弹起所有键
2025-08-28T19:43:54.936489+0800 - INFO - VNC键盘按下：right
2025-08-28T19:43:54.988491+0800 - INFO - VNC键盘弹起：right
2025-08-28T19:43:55.040999+0800 - INFO - VNC键盘按下：right
2025-08-28T19:43:55.093577+0800 - INFO - VNC键盘按下：down
2025-08-28T19:43:55.460541+0800 - INFO - VNC键盘弹起：down
2025-08-28T19:43:55.735344+0800 - INFO - VNC截图
2025-08-28T19:43:56.764004+0800 - INFO - VNC截图
2025-08-28T19:43:56.881075+0800 - INFO - VNC键盘弹起：right
2025-08-28T19:43:56.882468+0800 - INFO - 朝门移动耗时：2.0008907318115234秒
2025-08-28T19:43:56.983618+0800 - INFO - VNC截图
2025-08-28T19:43:57.023170+0800 - INFO - vnc_mm截图成功
2025-08-28T19:43:57.066736+0800 - INFO - VNC键盘弹起所有键
2025-08-28T19:43:57.069410+0800 - INFO - 结束找门
2025-08-28T19:43:57.069410+0800 - INFO - 进入 get_yolo_res
2025-08-28T19:43:57.069410+0800 - INFO - 开始截图
2025-08-28T19:43:57.070265+0800 - INFO - VNC截图
2025-08-28T19:43:57.173287+0800 - INFO - 截图完毕
2025-08-28T19:43:57.196677+0800 - INFO - 成功发送 消息头长度
2025-08-28T19:43:57.197522+0800 - INFO - 成功发送 消息头内容
2025-08-28T19:43:57.198350+0800 - INFO - 成功发送 图片数据(206788字节)
2025-08-28T19:43:57.257254+0800 - INFO - data:['monster', 680.6680908203125, 269.32855224609375, 740.466552734375, 288.66717529296875, 0.9360520243644714]
2025-08-28T19:43:57.257254+0800 - INFO - ['monster', 680.6680908203125, 269.32855224609375, 740.466552734375, 288.66717529296875, 0.9360520243644714]
2025-08-28T19:43:57.257254+0800 - INFO - data:['player', 326.0937805175781, 279.30194091796875, 416.3738708496094, 303.71893310546875, 0.9233473539352417]
2025-08-28T19:43:57.258082+0800 - INFO - data:['monster', 528.8565063476562, 293.1346740722656, 586.8153076171875, 311.806884765625, 0.9192575812339783]
2025-08-28T19:43:57.258082+0800 - INFO - ['monster', 528.8565063476562, 293.1346740722656, 586.8153076171875, 311.806884765625, 0.9192575812339783]
2025-08-28T19:43:57.258916+0800 - INFO - data:['monster', 605.0460815429688, 286.83416748046875, 663.9244384765625, 306.402099609375, 0.9067714810371399]
2025-08-28T19:43:57.258916+0800 - INFO - ['monster', 605.0460815429688, 286.83416748046875, 663.9244384765625, 306.402099609375, 0.9067714810371399]
2025-08-28T19:43:57.258916+0800 - INFO - data:['monster', 658.76416015625, 388.22113037109375, 716.34521484375, 406.0428771972656, 0.9045800566673279]
2025-08-28T19:43:57.258916+0800 - INFO - ['monster', 658.76416015625, 388.22113037109375, 716.34521484375, 406.0428771972656, 0.9045800566673279]
2025-08-28T19:43:57.259760+0800 - INFO - data:['monster', 449.5975341796875, 338.17877197265625, 506.1121826171875, 356.5726623535156, 0.8887786269187927]
2025-08-28T19:43:57.259760+0800 - INFO - ['monster', 449.5975341796875, 338.17877197265625, 506.1121826171875, 356.5726623535156, 0.8887786269187927]
2025-08-28T19:43:57.259760+0800 - INFO - data:['monster', 519.9338989257812, 345.93328857421875, 579.29296875, 364.4841003417969, 0.8761119246482849]
2025-08-28T19:43:57.260588+0800 - INFO - ['monster', 519.9338989257812, 345.93328857421875, 579.29296875, 364.4841003417969, 0.8761119246482849]
2025-08-28T19:43:57.260588+0800 - INFO - data:['monster', 408.9842529296875, 326.5726318359375, 470.0617980957031, 345.3693542480469, 0.7657324075698853]
2025-08-28T19:43:57.260588+0800 - INFO - ['monster', 408.9842529296875, 326.5726318359375, 470.0617980957031, 345.3693542480469, 0.7657324075698853]
2025-08-28T19:43:57.261403+0800 - INFO - 退出 get_yolo_res
2025-08-28T19:43:57.262232+0800 - INFO - 确定门检查怪物数量：7	金币数量：0	是否有奖励：False	是否有继续：False
2025-08-28T19:43:57.262232+0800 - INFO - 进入 get_yolo_res
2025-08-28T19:43:57.263061+0800 - INFO - 开始截图
2025-08-28T19:43:57.263061+0800 - INFO - VNC截图
2025-08-28T19:43:57.302095+0800 - INFO - 截图完毕
2025-08-28T19:43:57.325636+0800 - INFO - 成功发送 消息头长度
2025-08-28T19:43:57.326641+0800 - INFO - 成功发送 消息头内容
2025-08-28T19:43:57.326641+0800 - INFO - 成功发送 图片数据(206144字节)
2025-08-28T19:43:57.378269+0800 - INFO - data:['monster', 658.9191284179688, 388.3593444824219, 716.2224731445312, 405.93902587890625, 0.924972414970398]
2025-08-28T19:43:57.379288+0800 - INFO - ['monster', 658.9191284179688, 388.3593444824219, 716.2224731445312, 405.93902587890625, 0.924972414970398]
2025-08-28T19:43:57.379288+0800 - INFO - data:['monster', 528.9881591796875, 293.1766357421875, 587.1132202148438, 311.90765380859375, 0.9230462908744812]
2025-08-28T19:43:57.379288+0800 - INFO - ['monster', 528.9881591796875, 293.1766357421875, 587.1132202148438, 311.90765380859375, 0.9230462908744812]
2025-08-28T19:43:57.379288+0800 - INFO - data:['monster', 680.449951171875, 269.179443359375, 739.8626708984375, 288.565673828125, 0.9229010939598083]
2025-08-28T19:43:57.380831+0800 - INFO - ['monster', 680.449951171875, 269.179443359375, 739.8626708984375, 288.565673828125, 0.9229010939598083]
2025-08-28T19:43:57.380831+0800 - INFO - data:['player', 326.2823486328125, 279.3515319824219, 416.7141418457031, 303.5756530761719, 0.9200192093849182]
2025-08-28T19:43:57.380831+0800 - INFO - data:['monster', 604.8538818359375, 287.02081298828125, 664.1513671875, 306.333740234375, 0.9127542972564697]
2025-08-28T19:43:57.381709+0800 - INFO - ['monster', 604.8538818359375, 287.02081298828125, 664.1513671875, 306.333740234375, 0.9127542972564697]
2025-08-28T19:43:57.382538+0800 - INFO - data:['monster', 520.325439453125, 346.0193176269531, 579.6666870117188, 364.43280029296875, 0.8812108039855957]
2025-08-28T19:43:57.383367+0800 - INFO - ['monster', 520.325439453125, 346.0193176269531, 579.6666870117188, 364.43280029296875, 0.8812108039855957]
2025-08-28T19:43:57.383367+0800 - INFO - data:['monster', 448.27154541015625, 338.5311279296875, 505.98529052734375, 357.2695007324219, 0.8744513392448425]
2025-08-28T19:43:57.384196+0800 - INFO - ['monster', 448.27154541015625, 338.5311279296875, 505.98529052734375, 357.2695007324219, 0.8744513392448425]
2025-08-28T19:43:57.384196+0800 - INFO - data:['monster', 409.65631103515625, 327.1951904296875, 469.6642761230469, 345.41064453125, 0.7973847389221191]
2025-08-28T19:43:57.385023+0800 - INFO - ['monster', 409.65631103515625, 327.1951904296875, 469.6642761230469, 345.41064453125, 0.7973847389221191]
2025-08-28T19:43:57.385023+0800 - INFO - 退出 get_yolo_res
2025-08-28T19:43:57.386584+0800 - INFO - 开始攻击怪物
2025-08-28T19:43:57.387474+0800 - INFO - VNC截图
2025-08-28T19:43:57.430114+0800 - INFO - 打怪中···
2025-08-28T19:43:57.431148+0800 - INFO - 进入 get_yolo_res
2025-08-28T19:43:57.458534+0800 - INFO - 成功发送 消息头长度
2025-08-28T19:43:57.459363+0800 - INFO - 成功发送 消息头内容
2025-08-28T19:43:57.460190+0800 - INFO - 成功发送 图片数据(205587字节)
2025-08-28T19:43:57.520869+0800 - INFO - data:['monster', 680.3572998046875, 268.8133239746094, 739.7886962890625, 288.1607971191406, 0.9394893050193787]
2025-08-28T19:43:57.520869+0800 - INFO - ['monster', 680.3572998046875, 268.8133239746094, 739.7886962890625, 288.1607971191406, 0.9394893050193787]
2025-08-28T19:43:57.521699+0800 - INFO - data:['monster', 528.9779052734375, 293.13031005859375, 586.8307495117188, 311.6960754394531, 0.9226866960525513]
2025-08-28T19:43:57.521699+0800 - INFO - ['monster', 528.9779052734375, 293.13031005859375, 586.8307495117188, 311.6960754394531, 0.9226866960525513]
2025-08-28T19:43:57.521699+0800 - INFO - data:['player', 326.1925048828125, 279.48248291015625, 416.6360778808594, 303.8971252441406, 0.916128933429718]
2025-08-28T19:43:57.522527+0800 - INFO - data:['monster', 658.8668212890625, 388.32037353515625, 716.1703491210938, 405.76239013671875, 0.9086142182350159]
2025-08-28T19:43:57.522527+0800 - INFO - ['monster', 658.8668212890625, 388.32037353515625, 716.1703491210938, 405.76239013671875, 0.9086142182350159]
2025-08-28T19:43:57.522527+0800 - INFO - data:['monster', 604.7536010742188, 287.03521728515625, 662.9754028320312, 305.6560363769531, 0.9070854187011719]
2025-08-28T19:43:57.523356+0800 - INFO - ['monster', 604.7536010742188, 287.03521728515625, 662.9754028320312, 305.6560363769531, 0.9070854187011719]
2025-08-28T19:43:57.523356+0800 - INFO - data:['monster', 520.40771484375, 345.5749206542969, 578.9083251953125, 363.571044921875, 0.8702037334442139]
2025-08-28T19:43:57.523356+0800 - INFO - ['monster', 520.40771484375, 345.5749206542969, 578.9083251953125, 363.571044921875, 0.8702037334442139]
2025-08-28T19:43:57.524361+0800 - INFO - data:['monster', 408.6526794433594, 326.6219482421875, 472.5043029785156, 346.1105651855469, 0.7511135339736938]
2025-08-28T19:43:57.524361+0800 - INFO - ['monster', 408.6526794433594, 326.6219482421875, 472.5043029785156, 346.1105651855469, 0.7511135339736938]
2025-08-28T19:43:57.525209+0800 - INFO - data:['monster', 445.38836669921875, 337.724365234375, 482.2446594238281, 354.2636413574219, 0.6809666752815247]
2025-08-28T19:43:57.525209+0800 - INFO - ['monster', 445.38836669921875, 337.724365234375, 482.2446594238281, 354.2636413574219, 0.6809666752815247]
2025-08-28T19:43:57.525209+0800 - INFO - 退出 get_yolo_res
2025-08-28T19:43:57.526214+0800 - INFO - 进入 ocr
2025-08-28T19:43:57.527062+0800 - INFO - 成功发送 消息头长度
2025-08-28T19:43:57.527890+0800 - INFO - 成功发送 消息头内容
2025-08-28T19:43:57.527890+0800 - INFO - 成功发送 图片数据(937字节)
2025-08-28T19:43:57.555006+0800 - INFO - ocr 已获取识别数据: 100%
2025-08-28T19:43:57.556509+0800 - INFO - 退出 ocr
2025-08-28T19:43:57.556509+0800 - INFO - 当前血量为：100.0
2025-08-28T19:43:57.557382+0800 - INFO - 开始向怪物移动
2025-08-28T19:43:57.557382+0800 - INFO - 目标方向： left 记录方向：right
2025-08-28T19:43:57.557382+0800 - INFO - VNC键盘弹起所有键
2025-08-28T19:43:57.611053+0800 - INFO - VNC键盘按下：left
2025-08-28T19:43:57.662784+0800 - INFO - VNC键盘弹起：left
2025-08-28T19:43:57.714847+0800 - INFO - VNC键盘按下：left
2025-08-28T19:43:57.767238+0800 - INFO - VNC键盘按下：down
2025-08-28T19:43:57.809697+0800 - INFO - VNC截图
2025-08-28T19:43:57.875659+0800 - INFO - VNC键盘弹起：down
2025-08-28T19:43:57.928226+0800 - INFO - VNC键盘弹起：left
2025-08-28T19:43:57.929073+0800 - INFO - VNC键盘点击：right
2025-08-28T19:43:57.991185+0800 - INFO - 结束向怪物移动
2025-08-28T19:43:57.992002+0800 - INFO - 当前怪物是普通怪物,释放打普通怪物的技能
2025-08-28T19:43:57.992831+0800 - INFO - 已释放技能列表: ['q', 'w', 'e']
2025-08-28T19:43:57.992831+0800 - INFO - 第一排技能 - 检查技能: q
2025-08-28T19:43:57.994491+0800 - INFO - 找到可用技能: q
2025-08-28T19:43:57.994491+0800 - INFO - 使用技能：q
2025-08-28T19:43:57.995317+0800 - INFO - VNC键盘点击：q
2025-08-28T19:43:58.161972+0800 - INFO - VNC截图
2025-08-28T19:43:58.210253+0800 - INFO - 检查技能位置：v
2025-08-28T19:43:58.411835+0800 - INFO - VNC截图
2025-08-28T19:43:58.440456+0800 - INFO - 打怪中···
2025-08-28T19:43:58.440456+0800 - INFO - 进入 get_yolo_res
2025-08-28T19:43:58.466577+0800 - INFO - 成功发送 消息头长度
2025-08-28T19:43:58.467095+0800 - INFO - 成功发送 消息头内容
2025-08-28T19:43:58.467095+0800 - INFO - 成功发送 图片数据(217250字节)
2025-08-28T19:43:58.521660+0800 - INFO - data:['goods', 544.2406616210938, 289.1044006347656, 601.8820190429688, 308.0048522949219, 0.9102453589439392]
2025-08-28T19:43:58.522504+0800 - INFO - 刷深渊中，当前不是boss房不捡物品
2025-08-28T19:43:58.522504+0800 - INFO - data:['goods', 403.1829528808594, 259.439208984375, 460.3180847167969, 278.42230224609375, 0.9056900143623352]
2025-08-28T19:43:58.522504+0800 - INFO - 刷深渊中，当前不是boss房不捡物品
2025-08-28T19:43:58.522504+0800 - INFO - data:['player', 227.64720153808594, 301.11761474609375, 309.9847412109375, 325.4562683105469, 0.7875223159790039]
2025-08-28T19:43:58.523318+0800 - INFO - 退出 get_yolo_res
2025-08-28T19:43:58.523318+0800 - INFO - 结束攻击怪物
2025-08-28T19:43:58.524149+0800 - INFO - 进入 get_yolo_res
2025-08-28T19:43:58.524149+0800 - INFO - 开始截图
2025-08-28T19:43:58.524149+0800 - INFO - VNC截图
2025-08-28T19:43:58.585656+0800 - INFO - 截图完毕
2025-08-28T19:43:58.608231+0800 - INFO - 成功发送 消息头长度
2025-08-28T19:43:58.608231+0800 - INFO - 成功发送 消息头内容
2025-08-28T19:43:58.609236+0800 - INFO - 成功发送 图片数据(217665字节)
2025-08-28T19:43:58.677279+0800 - INFO - data:['goods', 382.9750061035156, 220.03050231933594, 439.8902282714844, 239.50161743164062, 0.9319351315498352]
2025-08-28T19:43:58.678110+0800 - INFO - 刷深渊中，当前不是boss房不捡物品
2025-08-28T19:43:58.678110+0800 - INFO - data:['forward', 970.2721557617188, 310.1698303222656, 1047.3189697265625, 345.3980712890625, 0.9137397408485413]
2025-08-28T19:43:58.679118+0800 - INFO - data:['goods', 535.2861328125, 246.71067810058594, 591.4835815429688, 265.61553955078125, 0.9019647836685181]
2025-08-28T19:43:58.679118+0800 - INFO - 刷深渊中，当前不是boss房不捡物品
2025-08-28T19:43:58.679118+0800 - INFO - data:['goods', 586.067626953125, 339.05096435546875, 642.00732421875, 357.3368225097656, 0.8852151036262512]
2025-08-28T19:43:58.679990+0800 - INFO - 刷深渊中，当前不是boss房不捡物品
2025-08-28T19:43:58.679990+0800 - INFO - data:['player', 227.58401489257812, 301.08782958984375, 317.74664306640625, 326.41387939453125, 0.7119191288948059]
2025-08-28T19:43:58.680817+0800 - INFO - self.goods:[]
2025-08-28T19:43:58.680817+0800 - INFO - 退出 get_yolo_res
2025-08-28T19:43:58.680817+0800 - INFO - 开始找门
2025-08-28T19:43:58.681646+0800 - INFO - 进入 get_yolo_res
2025-08-28T19:43:58.682475+0800 - INFO - 开始截图
2025-08-28T19:43:58.682475+0800 - INFO - VNC截图
2025-08-28T19:43:58.736747+0800 - INFO - 截图完毕
2025-08-28T19:43:58.770954+0800 - INFO - 成功发送 消息头长度
2025-08-28T19:43:58.770954+0800 - INFO - 成功发送 消息头内容
2025-08-28T19:43:58.772488+0800 - INFO - 成功发送 图片数据(206659字节)
2025-08-28T19:43:58.821083+0800 - INFO - data:['goods', 583.1920776367188, 293.3637390136719, 638.7551879882812, 312.933837890625, 0.9234846830368042]
2025-08-28T19:43:58.821911+0800 - INFO - 刷深渊中，当前不是boss房不捡物品
2025-08-28T19:43:58.821911+0800 - INFO - data:['forward', 970.1919555664062, 310.0982971191406, 1049.026611328125, 345.5801696777344, 0.9060481786727905]
2025-08-28T19:43:58.822740+0800 - INFO - data:['goods', 525.9631958007812, 229.99407958984375, 583.0592041015625, 249.66615295410156, 0.9024102687835693]
2025-08-28T19:43:58.822740+0800 - INFO - 刷深渊中，当前不是boss房不捡物品
2025-08-28T19:43:58.822740+0800 - INFO - data:['goods', 364.9034118652344, 207.97189331054688, 421.20111083984375, 227.5701904296875, 0.86688232421875]
2025-08-28T19:43:58.823569+0800 - INFO - 刷深渊中，当前不是boss房不捡物品
2025-08-28T19:43:58.823569+0800 - INFO - data:['player', 227.37657165527344, 300.61962890625, 314.3668518066406, 326.0100402832031, 0.8272074460983276]
2025-08-28T19:43:58.823569+0800 - INFO - self.goods:[]
2025-08-28T19:43:58.824398+0800 - INFO - 退出 get_yolo_res
2025-08-28T19:43:58.825229+0800 - INFO - 确定门检查怪物数量：0	金币数量：0	是否有奖励：False	是否有继续：False
2025-08-28T19:43:58.825229+0800 - INFO - 进入 get_min_map_yolo_res
2025-08-28T19:43:58.825229+0800 - INFO - 开始截小地图
2025-08-28T19:43:58.825229+0800 - INFO - VNC截图
2025-08-28T19:43:58.845578+0800 - INFO - VNC截图
2025-08-28T19:43:58.860044+0800 - INFO - 小地图截图完毕
2025-08-28T19:43:58.860044+0800 - INFO - get_min_map_yolo_res
2025-08-28T19:43:58.860895+0800 - INFO - 成功发送 消息头长度
2025-08-28T19:43:58.861721+0800 - INFO - 成功发送 消息头内容
2025-08-28T19:43:58.861721+0800 - INFO - 成功发送 图片数据(2105字节)
2025-08-28T19:43:58.890876+0800 - INFO - get_min_map_yolo_res 已获取识别数据: []
2025-08-28T19:43:58.890876+0800 - INFO - 退出 get_min_map_yolo_res
2025-08-28T19:43:58.891727+0800 - INFO - self.player.map_name:深渊：终末崇拜者
2025-08-28T19:43:58.892555+0800 - INFO - door_pos:<class 'core.common.Point'>
2025-08-28T19:43:58.892555+0800 - INFO - <core.common.Point object at 0x00000213D54686D0>
2025-08-28T19:43:58.892555+0800 - INFO - door_pos:1404, 434
2025-08-28T19:43:58.892555+0800 - INFO - 目标方向： right 记录方向：left
2025-08-28T19:43:58.892555+0800 - INFO - 方向不同，加时0.1秒
2025-08-28T19:43:58.892555+0800 - INFO - VNC键盘弹起所有键
2025-08-28T19:43:59.030846+0800 - INFO - VNC键盘按下：right
2025-08-28T19:43:59.082398+0800 - INFO - VNC键盘弹起：right
2025-08-28T19:43:59.134602+0800 - INFO - VNC键盘按下：right
2025-08-28T19:43:59.186603+0800 - INFO - VNC键盘按下：up
2025-08-28T19:43:59.342495+0800 - INFO - VNC键盘弹起：up
2025-08-28T19:43:59.982753+0800 - INFO - VNC截图
2025-08-28T19:44:01.027253+0800 - INFO - VNC截图
2025-08-28T19:44:01.231705+0800 - INFO - VNC键盘弹起：right
2025-08-28T19:44:01.233376+0800 - INFO - 朝门移动耗时：2.3408212661743164秒
2025-08-28T19:44:01.334609+0800 - INFO - VNC截图
2025-08-28T19:44:01.361051+0800 - INFO - vnc_mm截图成功
2025-08-28T19:44:01.408728+0800 - INFO - VNC键盘弹起所有键
2025-08-28T19:44:01.412089+0800 - INFO - 结束找门
2025-08-28T19:44:01.412089+0800 - INFO - 进入 get_yolo_res
2025-08-28T19:44:01.412089+0800 - INFO - 开始截图
2025-08-28T19:44:01.413096+0800 - INFO - VNC截图
2025-08-28T19:44:01.472306+0800 - INFO - 截图完毕
2025-08-28T19:44:01.493380+0800 - INFO - 成功发送 消息头长度
2025-08-28T19:44:01.494417+0800 - INFO - 成功发送 消息头内容
2025-08-28T19:44:01.495280+0800 - INFO - 成功发送 图片数据(215832字节)
2025-08-28T19:44:01.553637+0800 - INFO - data:['player', 300.4844970703125, 266.4416809082031, 389.8023376464844, 290.3408508300781, 0.9310471415519714]
2025-08-28T19:44:01.555144+0800 - INFO - data:['monster', 395.2091979980469, 353.66461181640625, 453.4281921386719, 372.130859375, 0.9232556223869324]
2025-08-28T19:44:01.555144+0800 - INFO - ['monster', 395.2091979980469, 353.66461181640625, 453.4281921386719, 372.130859375, 0.9232556223869324]
2025-08-28T19:44:01.555144+0800 - INFO - data:['monster', 653.9440307617188, 387.8892517089844, 713.0562744140625, 405.72186279296875, 0.9132080078125]
2025-08-28T19:44:01.555144+0800 - INFO - ['monster', 653.9440307617188, 387.8892517089844, 713.0562744140625, 405.72186279296875, 0.9132080078125]
2025-08-28T19:44:01.555144+0800 - INFO - data:['monster', 459.4907531738281, 294.0599670410156, 518.3568115234375, 313.57989501953125, 0.9103765487670898]
2025-08-28T19:44:01.555144+0800 - INFO - ['monster', 459.4907531738281, 294.0599670410156, 518.3568115234375, 313.57989501953125, 0.9103765487670898]
2025-08-28T19:44:01.556735+0800 - INFO - data:['monster', 590.5303955078125, 265.98870849609375, 649.1802978515625, 285.4400329589844, 0.9013309478759766]
2025-08-28T19:44:01.556735+0800 - INFO - ['monster', 590.5303955078125, 265.98870849609375, 649.1802978515625, 285.4400329589844, 0.9013309478759766]
2025-08-28T19:44:01.557573+0800 - INFO - data:['monster', 688.338623046875, 335.3930969238281, 746.2549438476562, 354.38800048828125, 0.9004635810852051]
2025-08-28T19:44:01.557573+0800 - INFO - ['monster', 688.338623046875, 335.3930969238281, 746.2549438476562, 354.38800048828125, 0.9004635810852051]
2025-08-28T19:44:01.557573+0800 - INFO - data:['monster', 658.0924682617188, 226.06167602539062, 717.2090454101562, 246.17935180664062, 0.8976252675056458]
2025-08-28T19:44:01.558407+0800 - INFO - ['monster', 658.0924682617188, 226.06167602539062, 717.2090454101562, 246.17935180664062, 0.8976252675056458]
2025-08-28T19:44:01.558407+0800 - INFO - data:['monster', 400.5906677246094, 226.02137756347656, 459.74603271484375, 245.65428161621094, 0.8952682614326477]
2025-08-28T19:44:01.558407+0800 - INFO - ['monster', 400.5906677246094, 226.02137756347656, 459.74603271484375, 245.65428161621094, 0.8952682614326477]
2025-08-28T19:44:01.559242+0800 - INFO - data:['monster', 497.0858154296875, 349.14678955078125, 555.7869873046875, 366.8198547363281, 0.8875848650932312]
2025-08-28T19:44:01.559242+0800 - INFO - ['monster', 497.0858154296875, 349.14678955078125, 555.7869873046875, 366.8198547363281, 0.8875848650932312]
2025-08-28T19:44:01.560075+0800 - INFO - 退出 get_yolo_res
2025-08-28T19:44:01.560075+0800 - INFO - 确定门检查怪物数量：8	金币数量：0	是否有奖励：False	是否有继续：False
2025-08-28T19:44:01.560907+0800 - INFO - 进入 get_yolo_res
2025-08-28T19:44:01.560907+0800 - INFO - 开始截图
2025-08-28T19:44:01.560907+0800 - INFO - VNC截图
2025-08-28T19:44:01.652344+0800 - INFO - 截图完毕
2025-08-28T19:44:01.675059+0800 - INFO - 成功发送 消息头长度
2025-08-28T19:44:01.675059+0800 - INFO - 成功发送 消息头内容
2025-08-28T19:44:01.675059+0800 - INFO - 成功发送 图片数据(215409字节)
2025-08-28T19:44:01.735017+0800 - INFO - data:['player', 300.45111083984375, 266.5303649902344, 389.9142761230469, 290.3125, 0.931553840637207]
2025-08-28T19:44:01.735017+0800 - INFO - data:['monster', 395.3873291015625, 353.7615051269531, 453.2916564941406, 371.84423828125, 0.9099119901657104]
2025-08-28T19:44:01.735850+0800 - INFO - ['monster', 395.3873291015625, 353.7615051269531, 453.2916564941406, 371.84423828125, 0.9099119901657104]
2025-08-28T19:44:01.735850+0800 - INFO - data:['monster', 655.6898193359375, 388.4393615722656, 713.244873046875, 406.0696716308594, 0.8966739177703857]
2025-08-28T19:44:01.735850+0800 - INFO - ['monster', 655.6898193359375, 388.4393615722656, 713.244873046875, 406.0696716308594, 0.8966739177703857]
2025-08-28T19:44:01.735850+0800 - INFO - data:['monster', 688.4625854492188, 335.3652648925781, 746.5980224609375, 354.4818115234375, 0.8960246443748474]
2025-08-28T19:44:01.736857+0800 - INFO - ['monster', 688.4625854492188, 335.3652648925781, 746.5980224609375, 354.4818115234375, 0.8960246443748474]
2025-08-28T19:44:01.736857+0800 - INFO - data:['monster', 459.70904541015625, 294.09112548828125, 518.4075927734375, 313.4919128417969, 0.8948957920074463]
2025-08-28T19:44:01.736857+0800 - INFO - ['monster', 459.70904541015625, 294.09112548828125, 518.4075927734375, 313.4919128417969, 0.8948957920074463]
2025-08-28T19:44:01.736857+0800 - INFO - data:['monster', 496.5389709472656, 349.0931091308594, 555.6242065429688, 366.9945373535156, 0.8752912878990173]
2025-08-28T19:44:01.736857+0800 - INFO - ['monster', 496.5389709472656, 349.0931091308594, 555.6242065429688, 366.9945373535156, 0.8752912878990173]
2025-08-28T19:44:01.738381+0800 - INFO - data:['monster', 400.7357177734375, 226.02651977539062, 459.9170227050781, 245.6683807373047, 0.8721477389335632]
2025-08-28T19:44:01.738381+0800 - INFO - ['monster', 400.7357177734375, 226.02651977539062, 459.9170227050781, 245.6683807373047, 0.8721477389335632]
2025-08-28T19:44:01.738381+0800 - INFO - data:['monster', 591.0066528320312, 265.9717712402344, 650.0646362304688, 285.45330810546875, 0.8705992698669434]
2025-08-28T19:44:01.739272+0800 - INFO - ['monster', 591.0066528320312, 265.9717712402344, 650.0646362304688, 285.45330810546875, 0.8705992698669434]
2025-08-28T19:44:01.739272+0800 - INFO - data:['monster', 658.3938598632812, 226.0452423095703, 717.2750244140625, 246.1294403076172, 0.8610293865203857]
2025-08-28T19:44:01.739272+0800 - INFO - ['monster', 658.3938598632812, 226.0452423095703, 717.2750244140625, 246.1294403076172, 0.8610293865203857]
2025-08-28T19:44:01.740090+0800 - INFO - 退出 get_yolo_res
2025-08-28T19:44:01.741093+0800 - INFO - 开始攻击怪物
2025-08-28T19:44:01.741093+0800 - INFO - VNC截图
2025-08-28T19:44:01.808178+0800 - INFO - 打怪中···
2025-08-28T19:44:01.808178+0800 - INFO - 进入 get_yolo_res
2025-08-28T19:44:01.831472+0800 - INFO - 成功发送 消息头长度
2025-08-28T19:44:01.832303+0800 - INFO - 成功发送 消息头内容
2025-08-28T19:44:01.832303+0800 - INFO - 成功发送 图片数据(215592字节)
2025-08-28T19:44:01.886859+0800 - INFO - data:['player', 300.56048583984375, 266.49505615234375, 389.7846374511719, 290.1563720703125, 0.9303434491157532]
2025-08-28T19:44:01.887721+0800 - INFO - data:['monster', 394.7579040527344, 353.7916564941406, 453.33160400390625, 372.1433410644531, 0.9257461428642273]
2025-08-28T19:44:01.887721+0800 - INFO - ['monster', 394.7579040527344, 353.7916564941406, 453.33160400390625, 372.1433410644531, 0.9257461428642273]
2025-08-28T19:44:01.887721+0800 - INFO - data:['monster', 653.9231567382812, 387.85986328125, 713.0671997070312, 405.7402038574219, 0.9132013320922852]
2025-08-28T19:44:01.887721+0800 - INFO - ['monster', 653.9231567382812, 387.85986328125, 713.0671997070312, 405.7402038574219, 0.9132013320922852]
2025-08-28T19:44:01.888728+0800 - INFO - data:['monster', 459.45697021484375, 294.08203125, 518.42822265625, 313.6468505859375, 0.9126766324043274]
2025-08-28T19:44:01.888728+0800 - INFO - ['monster', 459.45697021484375, 294.08203125, 518.42822265625, 313.6468505859375, 0.9126766324043274]
2025-08-28T19:44:01.889589+0800 - INFO - data:['monster', 658.05517578125, 226.0526123046875, 717.0831298828125, 246.0552520751953, 0.9008549451828003]
2025-08-28T19:44:01.889589+0800 - INFO - ['monster', 658.05517578125, 226.0526123046875, 717.0831298828125, 246.0552520751953, 0.9008549451828003]
2025-08-28T19:44:01.889589+0800 - INFO - data:['monster', 590.7081298828125, 266.04052734375, 649.1233520507812, 285.4886474609375, 0.9001824855804443]
2025-08-28T19:44:01.890421+0800 - INFO - ['monster', 590.7081298828125, 266.04052734375, 649.1233520507812, 285.4886474609375, 0.9001824855804443]
2025-08-28T19:44:01.890421+0800 - INFO - data:['monster', 688.3739013671875, 335.4021301269531, 746.3442993164062, 354.4244384765625, 0.8988285064697266]
2025-08-28T19:44:01.890421+0800 - INFO - ['monster', 688.3739013671875, 335.4021301269531, 746.3442993164062, 354.4244384765625, 0.8988285064697266]
2025-08-28T19:44:01.890421+0800 - INFO - data:['monster', 400.5646667480469, 226.03244018554688, 459.7764892578125, 245.68260192871094, 0.8930366039276123]
2025-08-28T19:44:01.890421+0800 - INFO - ['monster', 400.5646667480469, 226.03244018554688, 459.7764892578125, 245.68260192871094, 0.8930366039276123]
2025-08-28T19:44:01.891978+0800 - INFO - data:['monster', 496.96820068359375, 349.1073913574219, 555.7092895507812, 366.81829833984375, 0.8882693648338318]
2025-08-28T19:44:01.891978+0800 - INFO - ['monster', 496.96820068359375, 349.1073913574219, 555.7092895507812, 366.81829833984375, 0.8882693648338318]
2025-08-28T19:44:01.891978+0800 - INFO - 退出 get_yolo_res
2025-08-28T19:44:01.892816+0800 - INFO - 进入 ocr
2025-08-28T19:44:01.893822+0800 - INFO - 成功发送 消息头长度
2025-08-28T19:44:01.893822+0800 - INFO - 成功发送 消息头内容
2025-08-28T19:44:01.894693+0800 - INFO - 成功发送 图片数据(947字节)
2025-08-28T19:44:01.923852+0800 - INFO - ocr 已获取识别数据: 100%
2025-08-28T19:44:01.923852+0800 - INFO - 退出 ocr
2025-08-28T19:44:01.923852+0800 - INFO - 当前血量为：100.0
2025-08-28T19:44:01.924685+0800 - INFO - 开始向怪物移动
2025-08-28T19:44:01.924685+0800 - INFO - 目标方向： left 记录方向：right
2025-08-28T19:44:01.925517+0800 - INFO - VNC键盘弹起所有键
2025-08-28T19:44:01.977731+0800 - INFO - VNC键盘按下：left
2025-08-28T19:44:02.030024+0800 - INFO - VNC键盘弹起：left
2025-08-28T19:44:02.070098+0800 - INFO - VNC截图
2025-08-28T19:44:02.081565+0800 - INFO - VNC键盘按下：left
2025-08-28T19:44:02.148358+0800 - INFO - VNC键盘按下：down
2025-08-28T19:44:02.196880+0800 - INFO - VNC键盘弹起：left
2025-08-28T19:44:02.350322+0800 - INFO - VNC键盘弹起：down
2025-08-28T19:44:02.402271+0800 - INFO - VNC键盘点击：right
2025-08-28T19:44:02.462598+0800 - INFO - 结束向怪物移动
2025-08-28T19:44:02.463476+0800 - INFO - 当前怪物是普通怪物,释放打普通怪物的技能
2025-08-28T19:44:02.463476+0800 - INFO - 已释放技能列表: ['q', 'w', 'e']
2025-08-28T19:44:02.464287+0800 - INFO - 第一排技能 - 检查技能: q
2025-08-28T19:44:02.464287+0800 - INFO - 第一排技能 - 检查技能: w
2025-08-28T19:44:02.465812+0800 - INFO - 找到可用技能: w
2025-08-28T19:44:02.466840+0800 - INFO - 使用技能：w
2025-08-28T19:44:02.466840+0800 - INFO - VNC键盘点击：w
2025-08-28T19:44:02.642860+0800 - INFO - VNC截图
2025-08-28T19:44:02.689599+0800 - INFO - 检查技能位置：v
2025-08-28T19:44:02.890706+0800 - INFO - VNC截图
2025-08-28T19:44:02.993499+0800 - INFO - 打怪中···
2025-08-28T19:44:02.994504+0800 - INFO - 进入 get_yolo_res
2025-08-28T19:44:03.018167+0800 - INFO - 成功发送 消息头长度
2025-08-28T19:44:03.018167+0800 - INFO - 成功发送 消息头内容
2025-08-28T19:44:03.018998+0800 - INFO - 成功发送 图片数据(222548字节)
2025-08-28T19:44:03.072187+0800 - INFO - data:['player', 239.5867156982422, 307.073974609375, 329.3352966308594, 331.1799011230469, 0.7594202756881714]
2025-08-28T19:44:03.073019+0800 - INFO - 退出 get_yolo_res
2025-08-28T19:44:03.073019+0800 - INFO - 结束攻击怪物
2025-08-28T19:44:03.075567+0800 - INFO - 进入 get_yolo_res
2025-08-28T19:44:03.075567+0800 - INFO - 开始截图
2025-08-28T19:44:03.075567+0800 - INFO - VNC截图
2025-08-28T19:44:03.101336+0800 - INFO - VNC截图
2025-08-28T19:44:03.312667+0800 - INFO - 截图完毕
2025-08-28T19:44:03.334736+0800 - INFO - 成功发送 消息头长度
2025-08-28T19:44:03.335566+0800 - INFO - 成功发送 消息头内容
2025-08-28T19:44:03.336575+0800 - INFO - 成功发送 图片数据(216153字节)
2025-08-28T19:44:03.401323+0800 - INFO - data:['forward', 974.7488403320312, 311.87664794921875, 1051.734130859375, 346.34246826171875, 0.9083976149559021]
2025-08-28T19:44:03.401323+0800 - INFO - data:['player', 240.70355224609375, 310.9781799316406, 329.8966064453125, 334.3758544921875, 0.7372314929962158]
2025-08-28T19:44:03.402154+0800 - INFO - self.goods:[]
2025-08-28T19:44:03.403002+0800 - INFO - 退出 get_yolo_res
2025-08-28T19:44:03.403002+0800 - INFO - 开始找门
2025-08-28T19:44:03.404505+0800 - INFO - 进入 get_yolo_res
2025-08-28T19:44:03.405366+0800 - INFO - 开始截图
2025-08-28T19:44:03.405366+0800 - INFO - VNC截图
2025-08-28T19:44:03.697870+0800 - INFO - 截图完毕
2025-08-28T19:44:03.726923+0800 - INFO - 成功发送 消息头长度
2025-08-28T19:44:03.727458+0800 - INFO - 成功发送 消息头内容
2025-08-28T19:44:03.728311+0800 - INFO - 成功发送 图片数据(197445字节)
2025-08-28T19:44:03.781149+0800 - INFO - data:['forward', 974.2669677734375, 311.54571533203125, 1049.005859375, 345.259765625, 0.9124010801315308]
2025-08-28T19:44:03.781149+0800 - INFO - data:['player', 239.9394073486328, 309.2115783691406, 330.28033447265625, 333.5892028808594, 0.5441871285438538]
2025-08-28T19:44:03.781978+0800 - INFO - self.goods:[]
2025-08-28T19:44:03.781978+0800 - INFO - 退出 get_yolo_res
2025-08-28T19:44:03.782809+0800 - INFO - 确定门检查怪物数量：0	金币数量：0	是否有奖励：False	是否有继续：False
2025-08-28T19:44:03.783812+0800 - INFO - 进入 get_min_map_yolo_res
2025-08-28T19:44:03.783812+0800 - INFO - 开始截小地图
2025-08-28T19:44:03.784669+0800 - INFO - VNC截图
2025-08-28T19:44:03.856767+0800 - INFO - 小地图截图完毕
2025-08-28T19:44:03.856767+0800 - INFO - get_min_map_yolo_res
2025-08-28T19:44:03.858452+0800 - INFO - 成功发送 消息头长度
2025-08-28T19:44:03.859283+0800 - INFO - 成功发送 消息头内容
2025-08-28T19:44:03.859283+0800 - INFO - 成功发送 图片数据(1837字节)
2025-08-28T19:44:03.898483+0800 - INFO - get_min_map_yolo_res 已获取识别数据: []
2025-08-28T19:44:03.898483+0800 - INFO - 退出 get_min_map_yolo_res
2025-08-28T19:44:03.900334+0800 - INFO - self.player.map_name:深渊：终末崇拜者
2025-08-28T19:44:03.900334+0800 - INFO - door_pos:<class 'core.common.Point'>
2025-08-28T19:44:03.901210+0800 - INFO - <core.common.Point object at 0x00000213D5484310>
2025-08-28T19:44:03.901210+0800 - INFO - door_pos:1428, 405
2025-08-28T19:44:03.902040+0800 - INFO - 目标方向： right 记录方向：left
2025-08-28T19:44:03.902857+0800 - INFO - 方向不同，加时0.1秒
2025-08-28T19:44:03.902857+0800 - INFO - VNC键盘弹起所有键
2025-08-28T19:44:03.955298+0800 - INFO - VNC键盘按下：right
2025-08-28T19:44:04.007833+0800 - INFO - VNC键盘弹起：right
2025-08-28T19:44:04.059524+0800 - INFO - VNC键盘按下：right
2025-08-28T19:44:04.110904+0800 - INFO - VNC键盘按下：up
2025-08-28T19:44:04.442931+0800 - INFO - VNC键盘弹起：up
2025-08-28T19:44:04.471511+0800 - INFO - VNC截图
2025-08-28T19:44:05.512286+0800 - INFO - VNC截图
2025-08-28T19:44:06.173533+0800 - INFO - VNC键盘弹起：right
2025-08-28T19:44:06.174367+0800 - INFO - 朝门移动耗时：2.272327184677124秒
2025-08-28T19:44:06.276835+0800 - INFO - VNC截图
2025-08-28T19:44:06.314663+0800 - INFO - vnc_mm截图成功
2025-08-28T19:44:06.376029+0800 - INFO - VNC键盘弹起所有键
2025-08-28T19:44:06.378973+0800 - INFO - 结束找门
2025-08-28T19:44:06.378973+0800 - INFO - 进入 get_yolo_res
2025-08-28T19:44:06.378973+0800 - INFO - 开始截图
2025-08-28T19:44:06.379805+0800 - INFO - VNC截图
2025-08-28T19:44:06.548982+0800 - INFO - VNC截图
2025-08-28T19:44:06.553143+0800 - INFO - 截图完毕
2025-08-28T19:44:06.594460+0800 - INFO - 成功发送 消息头长度
2025-08-28T19:44:06.595291+0800 - INFO - 成功发送 消息头内容
2025-08-28T19:44:06.595291+0800 - INFO - 成功发送 图片数据(196283字节)
2025-08-28T19:44:06.657267+0800 - INFO - data:['player', 226.09703063964844, 238.91317749023438, 316.2955627441406, 263.4920959472656, 0.9416483044624329]
2025-08-28T19:44:06.657267+0800 - INFO - data:['boss_sy', 518.0931396484375, 204.68191528320312, 671.827880859375, 349.9094543457031, 0.9408226609230042]
2025-08-28T19:44:06.657267+0800 - INFO - ['boss_sy', 518.0931396484375, 204.68191528320312, 671.827880859375, 349.9094543457031, 0.9408226609230042]
2025-08-28T19:44:06.658286+0800 - INFO - yolo处理 最少房间要求为：2
2025-08-28T19:44:06.658286+0800 - INFO - 0的数量:
2025-08-28T19:44:06.658815+0800 - INFO - 当前过门次数self.to_door_count：3
2025-08-28T19:44:06.659338+0800 - INFO - 退出 get_yolo_res
2025-08-28T19:44:06.659338+0800 - INFO - 确定门检查怪物数量：1	金币数量：0	是否有奖励：False	是否有继续：False
2025-08-28T19:44:06.660364+0800 - INFO - 进入 get_yolo_res
2025-08-28T19:44:06.660364+0800 - INFO - 开始截图
2025-08-28T19:44:06.660364+0800 - INFO - VNC截图
2025-08-28T19:44:07.050254+0800 - INFO - 截图完毕
2025-08-28T19:44:07.071454+0800 - INFO - 成功发送 消息头长度
2025-08-28T19:44:07.071454+0800 - INFO - 成功发送 消息头内容
2025-08-28T19:44:07.073131+0800 - INFO - 成功发送 图片数据(195312字节)
2025-08-28T19:44:07.137017+0800 - INFO - data:['boss_sy', 518.575439453125, 207.60401916503906, 668.8834228515625, 354.3304138183594, 0.9437360167503357]
2025-08-28T19:44:07.137017+0800 - INFO - ['boss_sy', 518.575439453125, 207.60401916503906, 668.8834228515625, 354.3304138183594, 0.9437360167503357]
2025-08-28T19:44:07.137880+0800 - INFO - yolo处理 最少房间要求为：2
2025-08-28T19:44:07.138712+0800 - INFO - 0的数量:
2025-08-28T19:44:07.138712+0800 - INFO - 当前过门次数self.to_door_count：3
2025-08-28T19:44:07.138712+0800 - INFO - data:['player', 226.51632690429688, 239.11273193359375, 316.678466796875, 263.900146484375, 0.9271718859672546]
2025-08-28T19:44:07.140218+0800 - INFO - 退出 get_yolo_res
2025-08-28T19:44:07.141075+0800 - INFO - BOSS房处理
2025-08-28T19:44:07.141907+0800 - INFO - 开始攻击怪物
2025-08-28T19:44:07.141907+0800 - INFO - VNC截图
2025-08-28T19:44:07.256904+0800 - INFO - 打怪中···
2025-08-28T19:44:07.257739+0800 - INFO - 进入 get_yolo_res
2025-08-28T19:44:07.291635+0800 - INFO - 成功发送 消息头长度
2025-08-28T19:44:07.292466+0800 - INFO - 成功发送 消息头内容
2025-08-28T19:44:07.292466+0800 - INFO - 成功发送 图片数据(193220字节)
2025-08-28T19:44:07.359419+0800 - INFO - data:['boss_sy', 519.6661376953125, 214.88275146484375, 670.4934692382812, 355.906005859375, 0.9524827599525452]
2025-08-28T19:44:07.360273+0800 - INFO - ['boss_sy', 519.6661376953125, 214.88275146484375, 670.4934692382812, 355.906005859375, 0.9524827599525452]
2025-08-28T19:44:07.360273+0800 - INFO - yolo处理 最少房间要求为：2
2025-08-28T19:44:07.361104+0800 - INFO - 0的数量:
2025-08-28T19:44:07.361104+0800 - INFO - 当前过门次数self.to_door_count：3
2025-08-28T19:44:07.361104+0800 - INFO - data:['player', 226.568115234375, 239.18472290039062, 316.68048095703125, 263.9359130859375, 0.9322545528411865]
2025-08-28T19:44:07.361936+0800 - INFO - 退出 get_yolo_res
2025-08-28T19:44:07.362767+0800 - INFO - 进入 ocr
2025-08-28T19:44:07.363597+0800 - INFO - 成功发送 消息头长度
2025-08-28T19:44:07.363597+0800 - INFO - 成功发送 消息头内容
2025-08-28T19:44:07.364480+0800 - INFO - 成功发送 图片数据(950字节)
2025-08-28T19:44:07.389538+0800 - INFO - ocr 已获取识别数据: 100%
2025-08-28T19:44:07.390550+0800 - INFO - 退出 ocr
2025-08-28T19:44:07.390550+0800 - INFO - 当前血量为：100.0
2025-08-28T19:44:07.390550+0800 - INFO - 开始向怪物移动
2025-08-28T19:44:07.391421+0800 - INFO - 目标方向： right 记录方向：right
2025-08-28T19:44:07.391421+0800 - INFO - VNC键盘弹起所有键
2025-08-28T19:44:07.445273+0800 - INFO - VNC键盘按下：right
2025-08-28T19:44:07.496770+0800 - INFO - VNC键盘弹起：right
2025-08-28T19:44:07.548851+0800 - INFO - VNC键盘按下：right
2025-08-28T19:44:07.600792+0800 - INFO - VNC键盘按下：down
2025-08-28T19:44:07.797020+0800 - INFO - VNC键盘弹起：right
2025-08-28T19:44:07.803101+0800 - INFO - VNC截图
2025-08-28T19:44:07.848448+0800 - INFO - VNC键盘弹起：down
2025-08-28T19:44:07.900508+0800 - INFO - VNC键盘点击：right
2025-08-28T19:44:07.977048+0800 - INFO - 结束向怪物移动
2025-08-28T19:44:07.978083+0800 - INFO - 当前怪物是Boss,释放打Boss的技能
2025-08-28T19:44:07.978932+0800 - INFO - 检查Boss技能: ctrl
2025-08-28T19:44:07.979763+0800 - INFO - 特殊技能 ctrl 可用 (职业: 女鬼剑士-契魔者)
2025-08-28T19:44:07.979763+0800 - INFO - 使用技能：ctrl
2025-08-28T19:44:07.980768+0800 - INFO - VNC键盘点击：ctrl
2025-08-28T19:44:08.152820+0800 - INFO - VNC截图
2025-08-28T19:44:08.201211+0800 - INFO - 检查技能位置：v
2025-08-28T19:44:08.402809+0800 - INFO - VNC截图
2025-08-28T19:44:08.498551+0800 - INFO - 打怪中···
2025-08-28T19:44:08.499397+0800 - INFO - 进入 get_yolo_res
2025-08-28T19:44:08.527741+0800 - INFO - 成功发送 消息头长度
2025-08-28T19:44:08.527741+0800 - INFO - 成功发送 消息头内容
2025-08-28T19:44:08.528747+0800 - INFO - 成功发送 图片数据(195999字节)
2025-08-28T19:44:08.577568+0800 - INFO - data:['player', 372.58575439453125, 283.21002197265625, 462.35943603515625, 307.5228271484375, 0.9383878111839294]
2025-08-28T19:44:08.578417+0800 - INFO - data:['boss_sy', 521.2516479492188, 205.0939483642578, 672.3325805664062, 348.58740234375, 0.9330326318740845]
2025-08-28T19:44:08.578417+0800 - INFO - ['boss_sy', 521.2516479492188, 205.0939483642578, 672.3325805664062, 348.58740234375, 0.9330326318740845]
2025-08-28T19:44:08.578417+0800 - INFO - yolo处理 最少房间要求为：2
2025-08-28T19:44:08.579423+0800 - INFO - 0的数量:
2025-08-28T19:44:08.579423+0800 - INFO - 当前过门次数self.to_door_count：3
2025-08-28T19:44:08.580275+0800 - INFO - 退出 get_yolo_res
2025-08-28T19:44:08.581106+0800 - INFO - 进入 ocr
2025-08-28T19:44:08.581106+0800 - INFO - 成功发送 消息头长度
2025-08-28T19:44:08.581937+0800 - INFO - 成功发送 消息头内容
2025-08-28T19:44:08.581937+0800 - INFO - 成功发送 图片数据(945字节)
2025-08-28T19:44:08.608762+0800 - INFO - ocr 已获取识别数据: 100%
2025-08-28T19:44:08.609784+0800 - INFO - 退出 ocr
2025-08-28T19:44:08.609784+0800 - INFO - 当前血量为：100.0
2025-08-28T19:44:08.610813+0800 - INFO - 开始向怪物移动
2025-08-28T19:44:08.610813+0800 - INFO - 目标方向： right 记录方向：right
2025-08-28T19:44:08.611334+0800 - INFO - VNC键盘弹起所有键
2025-08-28T19:44:08.665134+0800 - INFO - VNC键盘按下：right
2025-08-28T19:44:08.716887+0800 - INFO - VNC键盘弹起：right
2025-08-28T19:44:08.768456+0800 - INFO - VNC键盘按下：right
2025-08-28T19:44:08.820305+0800 - INFO - VNC键盘按下：down
2025-08-28T19:44:08.827917+0800 - INFO - VNC键盘弹起：down
2025-08-28T19:44:08.837991+0800 - INFO - VNC截图
2025-08-28T19:44:08.880791+0800 - INFO - VNC键盘弹起：right
2025-08-28T19:44:08.882454+0800 - INFO - VNC键盘点击：right
2025-08-28T19:44:08.937838+0800 - INFO - 结束向怪物移动
2025-08-28T19:44:08.938842+0800 - INFO - 当前怪物是Boss,释放打Boss的技能
2025-08-28T19:44:08.939365+0800 - INFO - 检查Boss技能: ctrl
2025-08-28T19:44:08.940209+0800 - INFO - 检查Boss技能: q
2025-08-28T19:44:08.941056+0800 - INFO - 检查Boss技能: w
2025-08-28T19:44:08.941886+0800 - INFO - 检查Boss技能: e
2025-08-28T19:44:08.942718+0800 - INFO - 找到可用技能: e
2025-08-28T19:44:08.943549+0800 - INFO - 使用技能：e
2025-08-28T19:44:08.943549+0800 - INFO - VNC键盘点击：e
2025-08-28T19:44:09.112329+0800 - INFO - VNC截图
2025-08-28T19:44:09.153716+0800 - INFO - 检查技能位置：v
2025-08-28T19:44:09.354781+0800 - INFO - VNC截图
2025-08-28T19:44:09.412604+0800 - INFO - 打怪中···
2025-08-28T19:44:09.412604+0800 - INFO - 进入 get_yolo_res
2025-08-28T19:44:09.449656+0800 - INFO - 成功发送 消息头长度
2025-08-28T19:44:09.450201+0800 - INFO - 成功发送 消息头内容
2025-08-28T19:44:09.450201+0800 - INFO - 成功发送 图片数据(194224字节)
2025-08-28T19:44:09.513843+0800 - INFO - data:['boss_sy', 516.30029296875, 204.02980041503906, 681.5231323242188, 362.0301513671875, 0.9160043001174927]
2025-08-28T19:44:09.513843+0800 - INFO - ['boss_sy', 516.30029296875, 204.02980041503906, 681.5231323242188, 362.0301513671875, 0.9160043001174927]
2025-08-28T19:44:09.514674+0800 - INFO - yolo处理 最少房间要求为：2
2025-08-28T19:44:09.514674+0800 - INFO - 0的数量:
2025-08-28T19:44:09.514674+0800 - INFO - 当前过门次数self.to_door_count：3
2025-08-28T19:44:09.515503+0800 - INFO - data:['player', 467.7437744140625, 284.4028015136719, 555.4820556640625, 308.1630859375, 0.8626872897148132]
2025-08-28T19:44:09.515503+0800 - INFO - 退出 get_yolo_res
2025-08-28T19:44:09.517006+0800 - INFO - 进入 ocr
2025-08-28T19:44:09.517006+0800 - INFO - 成功发送 消息头长度
2025-08-28T19:44:09.517861+0800 - INFO - 成功发送 消息头内容
2025-08-28T19:44:09.517861+0800 - INFO - 成功发送 图片数据(944字节)
2025-08-28T19:44:09.544201+0800 - INFO - ocr 已获取识别数据: 100%
2025-08-28T19:44:09.544201+0800 - INFO - 退出 ocr
2025-08-28T19:44:09.544201+0800 - INFO - 当前血量为：100.0
2025-08-28T19:44:09.544201+0800 - INFO - 开始向怪物移动
2025-08-28T19:44:09.545708+0800 - INFO - 目标方向： left 记录方向：right
2025-08-28T19:44:09.545708+0800 - INFO - VNC键盘弹起所有键
2025-08-28T19:44:09.599398+0800 - INFO - VNC键盘按下：left
2025-08-28T19:44:09.651062+0800 - INFO - VNC键盘弹起：left
2025-08-28T19:44:09.702837+0800 - INFO - VNC键盘按下：left
2025-08-28T19:44:09.754762+0800 - INFO - VNC键盘按下：down
2025-08-28T19:44:09.823638+0800 - INFO - VNC键盘弹起：down
2025-08-28T19:44:09.876050+0800 - INFO - VNC键盘弹起：left
2025-08-28T19:44:09.877073+0800 - INFO - VNC键盘点击：right
2025-08-28T19:44:09.887250+0800 - INFO - VNC截图
2025-08-28T19:44:09.940594+0800 - INFO - 结束向怪物移动
2025-08-28T19:44:09.941429+0800 - INFO - 当前怪物是Boss,释放打Boss的技能
2025-08-28T19:44:09.941429+0800 - INFO - 检查Boss技能: ctrl
2025-08-28T19:44:09.942258+0800 - INFO - 检查Boss技能: q
2025-08-28T19:44:09.943113+0800 - INFO - 找到可用技能: q
2025-08-28T19:44:09.943113+0800 - INFO - 使用技能：q
2025-08-28T19:44:09.943113+0800 - INFO - VNC键盘点击：q
2025-08-28T19:44:10.122024+0800 - INFO - VNC截图
2025-08-28T19:44:10.233297+0800 - INFO - 检查技能位置：v
2025-08-28T19:44:10.434311+0800 - INFO - VNC截图
2025-08-28T19:44:10.574100+0800 - INFO - 检查技能位置：v
2025-08-28T19:44:10.776403+0800 - INFO - VNC截图
2025-08-28T19:44:10.830396+0800 - INFO - 检查技能位置：v
2025-08-28T19:44:10.921993+0800 - INFO - VNC截图
2025-08-28T19:44:11.032607+0800 - INFO - VNC截图
2025-08-28T19:44:11.138188+0800 - INFO - 检查技能位置：v
2025-08-28T19:44:11.340299+0800 - INFO - VNC截图
2025-08-28T19:44:11.376874+0800 - INFO - 检查技能位置：v
2025-08-28T19:44:11.578982+0800 - INFO - VNC截图
2025-08-28T19:44:11.611184+0800 - INFO - 检查技能位置：v
2025-08-28T19:44:11.813767+0800 - INFO - VNC截图
2025-08-28T19:44:11.856928+0800 - INFO - 检查技能位置：v
2025-08-28T19:44:12.012610+0800 - INFO - VNC截图
2025-08-28T19:44:12.058008+0800 - INFO - VNC截图
2025-08-28T19:44:12.269955+0800 - INFO - 打怪中···
2025-08-28T19:44:12.269955+0800 - INFO - 进入 get_yolo_res
2025-08-28T19:44:12.295698+0800 - INFO - 成功发送 消息头长度
2025-08-28T19:44:12.297260+0800 - INFO - 成功发送 消息头内容
2025-08-28T19:44:12.298324+0800 - INFO - 成功发送 图片数据(210087字节)
2025-08-28T19:44:12.368134+0800 - INFO - data:['continue', 897.05712890625, 42.743072509765625, 982.3934326171875, 69.81689453125, 0.9469409584999084]
2025-08-28T19:44:12.369155+0800 - INFO - ['continue', 897.05712890625, 42.743072509765625, 982.3934326171875, 69.81689453125, 0.9469409584999084]
2025-08-28T19:44:12.369155+0800 - INFO - data:['player', 382.8659362792969, 288.01116943359375, 474.7920227050781, 314.7273864746094, 0.9390837550163269]
2025-08-28T19:44:12.369155+0800 - INFO - data:['goods', 399.7952575683594, 419.3025207519531, 459.9194641113281, 440.0030517578125, 0.8991285562515259]
2025-08-28T19:44:12.369155+0800 - INFO - data:['goods', 677.1824340820312, 419.54937744140625, 778.7137451171875, 439.3480529785156, 0.8476068377494812]
2025-08-28T19:44:12.369155+0800 - INFO - 进入 ocr
2025-08-28T19:44:12.370680+0800 - INFO - 成功发送 消息头长度
2025-08-28T19:44:12.371556+0800 - INFO - 成功发送 消息头内容
2025-08-28T19:44:12.371556+0800 - INFO - 成功发送 图片数据(1566字节)
2025-08-28T19:44:12.407367+0800 - INFO - ocr 已获取识别数据: 1396金币
2025-08-28T19:44:12.407367+0800 - INFO - 退出 ocr
2025-08-28T19:44:12.407367+0800 - INFO - 识别物品：1396金币
2025-08-28T19:44:12.408887+0800 - INFO - 进入 ocr
2025-08-28T19:44:12.409746+0800 - INFO - 成功发送 消息头长度
2025-08-28T19:44:12.409746+0800 - INFO - 成功发送 消息头内容
2025-08-28T19:44:12.409746+0800 - INFO - 成功发送 图片数据(2141字节)
2025-08-28T19:44:12.452017+0800 - INFO - ocr 已获取识别数据: 起始之源鞋子金币
2025-08-28T19:44:12.452878+0800 - INFO - 退出 ocr
2025-08-28T19:44:12.452878+0800 - INFO - 识别物品：起始之源鞋子金币
2025-08-28T19:44:12.453709+0800 - INFO - self.goods:[(429, 460, '金币'), (727, 459, '起始之源鞋子金币')]
2025-08-28T19:44:12.453709+0800 - INFO - 退出 get_yolo_res
2025-08-28T19:44:12.454540+0800 - INFO - 结束攻击怪物
2025-08-28T19:44:12.455372+0800 - INFO - 进入 get_yolo_res
2025-08-28T19:44:12.455372+0800 - INFO - 开始截图
2025-08-28T19:44:12.455372+0800 - INFO - VNC截图
2025-08-28T19:44:12.485729+0800 - INFO - 截图完毕
2025-08-28T19:44:12.509030+0800 - INFO - 成功发送 消息头长度
2025-08-28T19:44:12.509030+0800 - INFO - 成功发送 消息头内容
2025-08-28T19:44:12.509864+0800 - INFO - 成功发送 图片数据(210497字节)
2025-08-28T19:44:12.569486+0800 - INFO - data:['continue', 897.32275390625, 42.59739685058594, 982.5145263671875, 69.48210144042969, 0.9404880404472351]
2025-08-28T19:44:12.570315+0800 - INFO - ['continue', 897.32275390625, 42.59739685058594, 982.5145263671875, 69.48210144042969, 0.9404880404472351]
2025-08-28T19:44:12.570315+0800 - INFO - data:['player', 382.7437438964844, 287.9913330078125, 474.6672058105469, 314.5407409667969, 0.9151557087898254]
2025-08-28T19:44:12.570315+0800 - INFO - data:['goods', 677.231689453125, 419.4766845703125, 779.05908203125, 439.46044921875, 0.8592376112937927]
2025-08-28T19:44:12.570315+0800 - INFO - 进入 ocr
2025-08-28T19:44:12.571836+0800 - INFO - 成功发送 消息头长度
2025-08-28T19:44:12.571836+0800 - INFO - 成功发送 消息头内容
2025-08-28T19:44:12.572718+0800 - INFO - 成功发送 图片数据(2133字节)
2025-08-28T19:44:12.603583+0800 - INFO - ocr 已获取识别数据: 起始之源鞋子金币
2025-08-28T19:44:12.603583+0800 - INFO - 退出 ocr
2025-08-28T19:44:12.604429+0800 - INFO - 识别物品：起始之源鞋子金币
2025-08-28T19:44:12.605263+0800 - INFO - self.goods:[(728, 459, '起始之源鞋子金币')]
2025-08-28T19:44:12.605263+0800 - INFO - 退出 get_yolo_res
2025-08-28T19:44:12.606092+0800 - INFO - VNC截图
2025-08-28T19:44:12.665730+0800 - INFO - vnc_mm截图成功
2025-08-28T19:44:13.060587+0800 - INFO - VNC截图
2025-08-28T19:44:13.588363+0800 - INFO - boss房聚物拾取
2025-08-28T19:44:13.588363+0800 - INFO - VNC键盘弹起所有键
2025-08-28T19:44:13.641445+0800 - INFO - VNC键盘按下：up
2025-08-28T19:44:14.043477+0800 - INFO - VNC键盘弹起：up
2025-08-28T19:44:14.087392+0800 - INFO - VNC截图
2025-08-28T19:44:14.095960+0800 - INFO - VNC键盘点击：tab
2025-08-28T19:44:14.242459+0800 - INFO - VNC键盘点击：tab
2025-08-28T19:44:14.368491+0800 - INFO - VNC键盘点击：tab
2025-08-28T19:44:14.475354+0800 - INFO - VNC键盘点击：tab
2025-08-28T19:44:14.599775+0800 - INFO - VNC键盘点击：tab
2025-08-28T19:44:15.138795+0800 - INFO - check_d.py 终止
2025-08-28T19:44:16.140560+0800 - INFO - VNC键盘弹起所有键
2025-08-28T19:46:54.987861+0800 - INFO - 从指定的模板路径中加载所有PNG图片到内存用了 0.17961859703063965 秒
2025-08-28T19:52:52.428330+0800 - INFO - 从指定的模板路径中加载所有PNG图片到内存用了 0.1747574806213379 秒
2025-08-28T19:56:07.523455+0800 - INFO - 从指定的模板路径中加载所有PNG图片到内存用了 0.1944434642791748 秒
2025-08-28T19:56:55.508985+0800 - INFO - 从指定的模板路径中加载所有PNG图片到内存用了 0.18397259712219238 秒
