2025-06-20T09:46:47.182088+0800 - INFO - 已释放技能列表: ['q', 'w', 'e', 'r', 't']
2025-06-20T09:46:47.182586+0800 - INFO - 第一排技能 - 检查技能: q
2025-06-20T09:46:47.183585+0800 - INFO - 第一排技能 - 检查技能: w
2025-06-20T09:46:47.184081+0800 - INFO - 弓箭手-奇美拉 找到可用技能: w
2025-06-20T09:46:47.185088+0800 - INFO - w
2025-06-20T09:46:47.188265+0800 - INFO - 已释放技能列表: ['q', 'w', 'e', 'r', 't']
2025-06-20T09:46:47.188265+0800 - INFO - 第一排技能 - 检查技能: q
2025-06-20T09:46:47.189282+0800 - INFO - 第一排技能 - 检查技能: w
2025-06-20T09:46:47.189282+0800 - INFO - 弓箭手-奇美拉 找到可用技能: w
2025-06-20T09:46:47.189282+0800 - INFO - w
2025-06-20T09:46:47.193441+0800 - INFO - 已释放技能列表: ['q', 'w', 'e', 'r', 't']
2025-06-20T09:46:47.193935+0800 - INFO - 第一排技能 - 检查技能: q
2025-06-20T09:46:47.214584+0800 - INFO - 第一排技能 - 检查技能: w
2025-06-20T09:46:47.215589+0800 - INFO - 弓箭手-奇美拉 找到可用技能: w
2025-06-20T09:46:47.216109+0800 - INFO - w
2025-06-20T09:46:47.219167+0800 - INFO - 已释放技能列表: ['q', 'w', 'e', 'r', 't']
2025-06-20T09:46:47.219666+0800 - INFO - 第一排技能 - 检查技能: q
2025-06-20T09:46:47.220664+0800 - INFO - 第一排技能 - 检查技能: w
2025-06-20T09:46:47.221163+0800 - INFO - 弓箭手-奇美拉 找到可用技能: w
2025-06-20T09:46:47.221163+0800 - INFO - w
2025-06-20T09:46:47.226263+0800 - INFO - 已释放技能列表: ['q', 'w', 'e', 'r', 't']
2025-06-20T09:46:47.227289+0800 - INFO - 第一排技能 - 检查技能: q
2025-06-20T09:46:47.228288+0800 - INFO - 第一排技能 - 检查技能: w
2025-06-20T09:46:47.228288+0800 - INFO - 弓箭手-奇美拉 找到可用技能: w
2025-06-20T09:46:47.228288+0800 - INFO - w
2025-06-20T09:46:47.232852+0800 - INFO - 已释放技能列表: ['q', 'w', 'e', 'r', 't']
2025-06-20T09:46:47.233350+0800 - INFO - 第一排技能 - 检查技能: q
2025-06-20T09:46:47.233851+0800 - INFO - 第一排技能 - 检查技能: w
2025-06-20T09:46:47.234348+0800 - INFO - 弓箭手-奇美拉 找到可用技能: w
2025-06-20T09:46:47.234847+0800 - INFO - w
2025-06-20T09:46:47.238452+0800 - INFO - 已释放技能列表: ['q', 'w', 'e', 'r', 't']
2025-06-20T09:46:47.238452+0800 - INFO - 第一排技能 - 检查技能: q
2025-06-20T09:46:47.239459+0800 - INFO - 第一排技能 - 检查技能: w
2025-06-20T09:46:47.240490+0800 - INFO - 弓箭手-奇美拉 找到可用技能: w
2025-06-20T09:46:47.240991+0800 - INFO - w
2025-06-20T09:46:47.244480+0800 - INFO - 已释放技能列表: ['q', 'w', 'e', 'r', 't']
2025-06-20T09:46:47.244480+0800 - INFO - 第一排技能 - 检查技能: q
2025-06-20T09:46:47.245487+0800 - INFO - 第一排技能 - 检查技能: w
2025-06-20T09:46:47.246589+0800 - INFO - 弓箭手-奇美拉 找到可用技能: w
2025-06-20T09:46:47.246589+0800 - INFO - w
2025-06-20T09:46:47.250162+0800 - INFO - 已释放技能列表: ['q', 'w', 'e', 'r', 't']
2025-06-20T09:46:47.251259+0800 - INFO - 第一排技能 - 检查技能: q
2025-06-20T09:46:47.252266+0800 - INFO - 第一排技能 - 检查技能: w
2025-06-20T09:46:47.252763+0800 - INFO - 弓箭手-奇美拉 找到可用技能: w
2025-06-20T09:46:47.252763+0800 - INFO - w
2025-06-20T09:46:47.256285+0800 - INFO - 已释放技能列表: ['q', 'w', 'e', 'r', 't']
2025-06-20T09:46:47.256785+0800 - INFO - 第一排技能 - 检查技能: q
2025-06-20T09:46:47.257283+0800 - INFO - 第一排技能 - 检查技能: w
2025-06-20T09:46:47.258292+0800 - INFO - 弓箭手-奇美拉 找到可用技能: w
2025-06-20T09:46:47.258840+0800 - INFO - w
2025-06-20T09:46:47.262331+0800 - INFO - 已释放技能列表: ['q', 'w', 'e', 'r', 't']
2025-06-20T09:46:47.262331+0800 - INFO - 第一排技能 - 检查技能: q
2025-06-20T09:46:47.263891+0800 - INFO - 第一排技能 - 检查技能: w
2025-06-20T09:46:47.264889+0800 - INFO - 弓箭手-奇美拉 找到可用技能: w
2025-06-20T09:46:47.264889+0800 - INFO - w
2025-06-20T09:46:47.268983+0800 - INFO - 已释放技能列表: ['q', 'w', 'e', 'r', 't']
2025-06-20T09:46:47.268983+0800 - INFO - 第一排技能 - 检查技能: q
2025-06-20T09:46:47.269983+0800 - INFO - 第一排技能 - 检查技能: w
2025-06-20T09:46:47.270482+0800 - INFO - 弓箭手-奇美拉 找到可用技能: w
2025-06-20T09:46:47.270482+0800 - INFO - w
2025-06-20T09:46:47.273560+0800 - INFO - 已释放技能列表: ['q', 'w', 'e', 'r', 't']
2025-06-20T09:46:47.274091+0800 - INFO - 第一排技能 - 检查技能: q
2025-06-20T09:46:47.274591+0800 - INFO - 第一排技能 - 检查技能: w
2025-06-20T09:46:47.275599+0800 - INFO - 弓箭手-奇美拉 找到可用技能: w
2025-06-20T09:46:47.276128+0800 - INFO - w
2025-06-20T09:46:47.279681+0800 - INFO - 已释放技能列表: ['q', 'w', 'e', 'r', 't']
2025-06-20T09:46:47.280225+0800 - INFO - 第一排技能 - 检查技能: q
2025-06-20T09:46:47.281218+0800 - INFO - 第一排技能 - 检查技能: w
2025-06-20T09:46:47.281717+0800 - INFO - 弓箭手-奇美拉 找到可用技能: w
2025-06-20T09:46:47.281717+0800 - INFO - w
2025-06-20T09:46:47.284710+0800 - INFO - 已释放技能列表: ['q', 'w', 'e', 'r', 't']
2025-06-20T09:46:47.285717+0800 - INFO - 第一排技能 - 检查技能: q
2025-06-20T09:46:47.286749+0800 - INFO - 第一排技能 - 检查技能: w
2025-06-20T09:46:47.287250+0800 - INFO - 弓箭手-奇美拉 找到可用技能: w
2025-06-20T09:46:47.287250+0800 - INFO - w
2025-06-20T09:46:47.290316+0800 - INFO - 已释放技能列表: ['q', 'w', 'e', 'r', 't']
2025-06-20T09:46:47.290815+0800 - INFO - 第一排技能 - 检查技能: q
2025-06-20T09:46:47.291813+0800 - INFO - 第一排技能 - 检查技能: w
2025-06-20T09:46:47.292312+0800 - INFO - 弓箭手-奇美拉 找到可用技能: w
2025-06-20T09:46:47.292312+0800 - INFO - w
2025-06-20T09:46:47.297016+0800 - INFO - 已释放技能列表: ['q', 'w', 'e', 'r', 't']
2025-06-20T09:46:47.297515+0800 - INFO - 第一排技能 - 检查技能: q
2025-06-20T09:46:47.298014+0800 - INFO - 第一排技能 - 检查技能: w
2025-06-20T09:46:47.299021+0800 - INFO - 弓箭手-奇美拉 找到可用技能: w
2025-06-20T09:46:47.299097+0800 - INFO - w
2025-06-20T09:46:47.303593+0800 - INFO - 已释放技能列表: ['q', 'w', 'e', 'r', 't']
2025-06-20T09:46:47.303593+0800 - INFO - 第一排技能 - 检查技能: q
2025-06-20T09:46:47.304590+0800 - INFO - 第一排技能 - 检查技能: w
2025-06-20T09:46:47.304590+0800 - INFO - 弓箭手-奇美拉 找到可用技能: w
2025-06-20T09:46:47.305675+0800 - INFO - w
2025-06-20T09:46:47.309701+0800 - INFO - 已释放技能列表: ['q', 'w', 'e', 'r', 't']
2025-06-20T09:46:47.310200+0800 - INFO - 第一排技能 - 检查技能: q
2025-06-20T09:46:47.310702+0800 - INFO - 第一排技能 - 检查技能: w
2025-06-20T09:46:47.311701+0800 - INFO - 弓箭手-奇美拉 找到可用技能: w
2025-06-20T09:46:47.311701+0800 - INFO - w
2025-06-20T09:46:47.314721+0800 - INFO - 已释放技能列表: ['q', 'w', 'e', 'r', 't']
2025-06-20T09:46:47.315803+0800 - INFO - 第一排技能 - 检查技能: q
2025-06-20T09:46:47.316807+0800 - INFO - 第一排技能 - 检查技能: w
2025-06-20T09:46:47.317304+0800 - INFO - 弓箭手-奇美拉 找到可用技能: w
2025-06-20T09:46:47.317304+0800 - INFO - w
2025-06-20T09:46:47.320855+0800 - INFO - 已释放技能列表: ['q', 'w', 'e', 'r', 't']
2025-06-20T09:46:47.320855+0800 - INFO - 第一排技能 - 检查技能: q
2025-06-20T09:46:47.321354+0800 - INFO - 第一排技能 - 检查技能: w
2025-06-20T09:46:47.322362+0800 - INFO - 弓箭手-奇美拉 找到可用技能: w
2025-06-20T09:46:47.322882+0800 - INFO - w
2025-06-20T09:46:47.325958+0800 - INFO - 已释放技能列表: ['q', 'w', 'e', 'r', 't']
2025-06-20T09:46:47.326460+0800 - INFO - 第一排技能 - 检查技能: q
2025-06-20T09:46:47.327954+0800 - INFO - 第一排技能 - 检查技能: w
2025-06-20T09:46:47.328453+0800 - INFO - 弓箭手-奇美拉 找到可用技能: w
2025-06-20T09:46:47.328453+0800 - INFO - w
2025-06-20T09:46:47.332055+0800 - INFO - 已释放技能列表: ['q', 'w', 'e', 'r', 't']
2025-06-20T09:46:47.332555+0800 - INFO - 第一排技能 - 检查技能: q
2025-06-20T09:46:47.333553+0800 - INFO - 第一排技能 - 检查技能: w
2025-06-20T09:46:47.334051+0800 - INFO - 弓箭手-奇美拉 找到可用技能: w
2025-06-20T09:46:47.334552+0800 - INFO - w
2025-06-20T09:46:47.337605+0800 - INFO - 已释放技能列表: ['q', 'w', 'e', 'r', 't']
2025-06-20T09:46:47.337605+0800 - INFO - 第一排技能 - 检查技能: q
2025-06-20T09:46:47.338604+0800 - INFO - 第一排技能 - 检查技能: w
2025-06-20T09:46:47.338604+0800 - INFO - 弓箭手-奇美拉 找到可用技能: w
2025-06-20T09:46:47.339608+0800 - INFO - w
2025-06-20T09:46:47.343198+0800 - INFO - 已释放技能列表: ['q', 'w', 'e', 'r', 't']
2025-06-20T09:46:47.343697+0800 - INFO - 第一排技能 - 检查技能: q
2025-06-20T09:46:47.344695+0800 - INFO - 第一排技能 - 检查技能: w
2025-06-20T09:46:47.344695+0800 - INFO - 弓箭手-奇美拉 找到可用技能: w
2025-06-20T09:46:47.345702+0800 - INFO - w
2025-06-20T09:46:47.348753+0800 - INFO - 已释放技能列表: ['q', 'w', 'e', 'r', 't']
2025-06-20T09:46:47.349760+0800 - INFO - 第一排技能 - 检查技能: q
2025-06-20T09:46:47.350306+0800 - INFO - 第一排技能 - 检查技能: w
2025-06-20T09:46:47.351363+0800 - INFO - 弓箭手-奇美拉 找到可用技能: w
2025-06-20T09:46:47.351866+0800 - INFO - w
2025-06-20T09:46:47.354864+0800 - INFO - 已释放技能列表: ['q', 'w', 'e', 'r', 't']
2025-06-20T09:46:47.354864+0800 - INFO - 第一排技能 - 检查技能: q
2025-06-20T09:46:47.356416+0800 - INFO - 第一排技能 - 检查技能: w
2025-06-20T09:46:47.356914+0800 - INFO - 弓箭手-奇美拉 找到可用技能: w
2025-06-20T09:46:47.356914+0800 - INFO - w
2025-06-20T09:46:47.361499+0800 - INFO - 已释放技能列表: ['q', 'w', 'e', 'r', 't']
2025-06-20T09:46:47.362000+0800 - INFO - 第一排技能 - 检查技能: q
2025-06-20T09:46:47.362999+0800 - INFO - 第一排技能 - 检查技能: w
2025-06-20T09:46:47.363499+0800 - INFO - 弓箭手-奇美拉 找到可用技能: w
2025-06-20T09:46:47.363995+0800 - INFO - w
2025-06-20T09:46:47.369045+0800 - INFO - 已释放技能列表: ['q', 'w', 'e', 'r', 't']
2025-06-20T09:46:47.369045+0800 - INFO - 第一排技能 - 检查技能: q
2025-06-20T09:46:47.370052+0800 - INFO - 第一排技能 - 检查技能: w
2025-06-20T09:46:47.370052+0800 - INFO - 弓箭手-奇美拉 找到可用技能: w
2025-06-20T09:46:47.370052+0800 - INFO - w
2025-06-20T09:46:47.375738+0800 - INFO - 已释放技能列表: ['q', 'w', 'e', 'r', 't']
2025-06-20T09:46:47.376253+0800 - INFO - 第一排技能 - 检查技能: q
2025-06-20T09:46:47.377253+0800 - INFO - 第一排技能 - 检查技能: w
2025-06-20T09:46:47.377753+0800 - INFO - 弓箭手-奇美拉 找到可用技能: w
2025-06-20T09:46:47.378249+0800 - INFO - w
2025-06-20T09:46:47.382811+0800 - INFO - 已释放技能列表: ['q', 'w', 'e', 'r', 't']
2025-06-20T09:46:47.383312+0800 - INFO - 第一排技能 - 检查技能: q
2025-06-20T09:46:47.384309+0800 - INFO - 第一排技能 - 检查技能: w
2025-06-20T09:46:47.384808+0800 - INFO - 弓箭手-奇美拉 找到可用技能: w
2025-06-20T09:46:47.384808+0800 - INFO - w
2025-06-20T09:46:47.388837+0800 - INFO - 已释放技能列表: ['q', 'w', 'e', 'r', 't']
2025-06-20T09:46:47.389335+0800 - INFO - 第一排技能 - 检查技能: q
2025-06-20T09:46:47.389335+0800 - INFO - 第一排技能 - 检查技能: w
2025-06-20T09:46:47.390891+0800 - INFO - 弓箭手-奇美拉 找到可用技能: w
2025-06-20T09:46:47.390891+0800 - INFO - w
2025-06-20T09:46:47.393935+0800 - INFO - 已释放技能列表: ['q', 'w', 'e', 'r', 't']
2025-06-20T09:46:47.394940+0800 - INFO - 第一排技能 - 检查技能: q
2025-06-20T09:46:47.396018+0800 - INFO - 第一排技能 - 检查技能: w
2025-06-20T09:46:47.396517+0800 - INFO - 弓箭手-奇美拉 找到可用技能: w
2025-06-20T09:46:47.397017+0800 - INFO - w
2025-06-20T09:46:47.400512+0800 - INFO - 已释放技能列表: ['q', 'w', 'e', 'r', 't']
2025-06-20T09:46:47.401054+0800 - INFO - 第一排技能 - 检查技能: q
2025-06-20T09:46:47.402055+0800 - INFO - 第一排技能 - 检查技能: w
2025-06-20T09:46:47.403050+0800 - INFO - 弓箭手-奇美拉 找到可用技能: w
2025-06-20T09:46:47.403050+0800 - INFO - w
2025-06-20T09:46:47.406581+0800 - INFO - 已释放技能列表: ['q', 'w', 'e', 'r', 't']
2025-06-20T09:46:47.407082+0800 - INFO - 第一排技能 - 检查技能: q
2025-06-20T09:46:47.407581+0800 - INFO - 第一排技能 - 检查技能: w
2025-06-20T09:46:47.408579+0800 - INFO - 弓箭手-奇美拉 找到可用技能: w
2025-06-20T09:46:47.408579+0800 - INFO - w
2025-06-20T09:46:47.412697+0800 - INFO - 已释放技能列表: ['q', 'w', 'e', 'r', 't']
2025-06-20T09:46:47.413196+0800 - INFO - 第一排技能 - 检查技能: q
2025-06-20T09:46:47.414194+0800 - INFO - 第一排技能 - 检查技能: w
2025-06-20T09:46:47.414695+0800 - INFO - 弓箭手-奇美拉 找到可用技能: w
2025-06-20T09:46:47.414695+0800 - INFO - w
2025-06-20T09:46:47.419239+0800 - INFO - 已释放技能列表: ['q', 'w', 'e', 'r', 't']
2025-06-20T09:46:47.419239+0800 - INFO - 第一排技能 - 检查技能: q
2025-06-20T09:46:47.419735+0800 - INFO - 第一排技能 - 检查技能: w
2025-06-20T09:46:47.421269+0800 - INFO - 弓箭手-奇美拉 找到可用技能: w
2025-06-20T09:46:47.421269+0800 - INFO - w
2025-06-20T09:46:47.424808+0800 - INFO - 已释放技能列表: ['q', 'w', 'e', 'r', 't']
2025-06-20T09:46:47.425812+0800 - INFO - 第一排技能 - 检查技能: q
2025-06-20T09:46:47.426838+0800 - INFO - 第一排技能 - 检查技能: w
2025-06-20T09:46:47.427337+0800 - INFO - 弓箭手-奇美拉 找到可用技能: w
2025-06-20T09:46:47.427838+0800 - INFO - w
2025-06-20T09:46:47.431478+0800 - INFO - 已释放技能列表: ['q', 'w', 'e', 'r', 't']
2025-06-20T09:46:47.431986+0800 - INFO - 第一排技能 - 检查技能: q
2025-06-20T09:46:47.432979+0800 - INFO - 第一排技能 - 检查技能: w
2025-06-20T09:46:47.433478+0800 - INFO - 弓箭手-奇美拉 找到可用技能: w
2025-06-20T09:46:47.433977+0800 - INFO - w
2025-06-20T09:46:47.437022+0800 - INFO - 已释放技能列表: ['q', 'w', 'e', 'r', 't']
2025-06-20T09:46:47.437521+0800 - INFO - 第一排技能 - 检查技能: q
2025-06-20T09:46:47.438519+0800 - INFO - 第一排技能 - 检查技能: w
2025-06-20T09:46:47.439014+0800 - INFO - 弓箭手-奇美拉 找到可用技能: w
2025-06-20T09:46:47.439014+0800 - INFO - w
2025-06-20T09:46:47.443098+0800 - INFO - 已释放技能列表: ['q', 'w', 'e', 'r', 't']
2025-06-20T09:46:47.443600+0800 - INFO - 第一排技能 - 检查技能: q
2025-06-20T09:46:47.444596+0800 - INFO - 第一排技能 - 检查技能: w
2025-06-20T09:46:47.444596+0800 - INFO - 弓箭手-奇美拉 找到可用技能: w
2025-06-20T09:46:47.445653+0800 - INFO - w
2025-06-20T09:46:47.449158+0800 - INFO - 已释放技能列表: ['q', 'w', 'e', 'r', 't']
2025-06-20T09:46:47.449659+0800 - INFO - 第一排技能 - 检查技能: q
2025-06-20T09:46:47.450159+0800 - INFO - 第一排技能 - 检查技能: w
2025-06-20T09:46:47.451165+0800 - INFO - 弓箭手-奇美拉 找到可用技能: w
2025-06-20T09:46:47.451704+0800 - INFO - w
2025-06-20T09:46:47.454755+0800 - INFO - 已释放技能列表: ['q', 'w', 'e', 'r', 't']
2025-06-20T09:46:47.454755+0800 - INFO - 第一排技能 - 检查技能: q
2025-06-20T09:46:47.456306+0800 - INFO - 第一排技能 - 检查技能: w
2025-06-20T09:46:47.456799+0800 - INFO - 弓箭手-奇美拉 找到可用技能: w
2025-06-20T09:46:47.457298+0800 - INFO - w
2025-06-20T09:46:47.461848+0800 - INFO - 已释放技能列表: ['q', 'w', 'e', 'r', 't']
2025-06-20T09:46:47.462345+0800 - INFO - 第一排技能 - 检查技能: q
2025-06-20T09:46:47.462845+0800 - INFO - 第一排技能 - 检查技能: w
2025-06-20T09:46:47.463843+0800 - INFO - 弓箭手-奇美拉 找到可用技能: w
2025-06-20T09:46:47.463843+0800 - INFO - w
2025-06-20T09:46:47.466892+0800 - INFO - 已释放技能列表: ['q', 'w', 'e', 'r', 't']
2025-06-20T09:46:47.467594+0800 - INFO - 第一排技能 - 检查技能: q
2025-06-20T09:46:47.468592+0800 - INFO - 第一排技能 - 检查技能: w
2025-06-20T09:46:47.469096+0800 - INFO - 弓箭手-奇美拉 找到可用技能: w
2025-06-20T09:46:47.469590+0800 - INFO - w
2025-06-20T09:46:47.473175+0800 - INFO - 已释放技能列表: ['q', 'w', 'e', 'r', 't']
2025-06-20T09:46:47.473671+0800 - INFO - 第一排技能 - 检查技能: q
2025-06-20T09:46:47.474170+0800 - INFO - 第一排技能 - 检查技能: w
2025-06-20T09:46:47.474670+0800 - INFO - 弓箭手-奇美拉 找到可用技能: w
2025-06-20T09:46:47.474670+0800 - INFO - w
2025-06-20T09:46:47.479733+0800 - INFO - 已释放技能列表: ['q', 'w', 'e', 'r', 't']
2025-06-20T09:46:47.480737+0800 - INFO - 第一排技能 - 检查技能: q
2025-06-20T09:46:47.482316+0800 - INFO - 第一排技能 - 检查技能: w
2025-06-20T09:46:47.482815+0800 - INFO - 弓箭手-奇美拉 找到可用技能: w
2025-06-20T09:46:47.483314+0800 - INFO - w
2025-06-20T09:46:47.486864+0800 - INFO - 已释放技能列表: ['q', 'w', 'e', 'r', 't']
2025-06-20T09:46:47.486864+0800 - INFO - 第一排技能 - 检查技能: q
2025-06-20T09:46:47.487934+0800 - INFO - 第一排技能 - 检查技能: w
2025-06-20T09:46:47.488437+0800 - INFO - 弓箭手-奇美拉 找到可用技能: w
2025-06-20T09:46:47.488932+0800 - INFO - w
2025-06-20T09:46:47.491999+0800 - INFO - 已释放技能列表: ['q', 'w', 'e', 'r', 't']
2025-06-20T09:46:47.493003+0800 - INFO - 第一排技能 - 检查技能: q
2025-06-20T09:46:47.494042+0800 - INFO - 第一排技能 - 检查技能: w
2025-06-20T09:46:47.494042+0800 - INFO - 弓箭手-奇美拉 找到可用技能: w
2025-06-20T09:46:47.494042+0800 - INFO - w
2025-06-20T09:46:47.499931+0800 - INFO - 已释放技能列表: ['q', 'w', 'e', 'r', 't']
2025-06-20T09:46:47.500430+0800 - INFO - 第一排技能 - 检查技能: q
2025-06-20T09:46:47.500929+0800 - INFO - 第一排技能 - 检查技能: w
2025-06-20T09:46:47.501932+0800 - INFO - 弓箭手-奇美拉 找到可用技能: w
2025-06-20T09:46:47.501932+0800 - INFO - w
2025-06-20T09:46:47.504483+0800 - INFO - 已释放技能列表: ['q', 'w', 'e', 'r', 't']
2025-06-20T09:46:47.505492+0800 - INFO - 第一排技能 - 检查技能: q
2025-06-20T09:46:47.506544+0800 - INFO - 第一排技能 - 检查技能: w
2025-06-20T09:46:47.507043+0800 - INFO - 弓箭手-奇美拉 找到可用技能: w
2025-06-20T09:46:47.507551+0800 - INFO - w
2025-06-20T09:46:47.512039+0800 - INFO - 已释放技能列表: ['q', 'w', 'e', 'r', 't']
2025-06-20T09:46:47.512039+0800 - INFO - 第一排技能 - 检查技能: q
2025-06-20T09:46:47.513035+0800 - INFO - 第一排技能 - 检查技能: w
2025-06-20T09:46:47.513035+0800 - INFO - 弓箭手-奇美拉 找到可用技能: w
2025-06-20T09:46:47.514039+0800 - INFO - w
2025-06-20T09:46:47.516621+0800 - INFO - 已释放技能列表: ['q', 'w', 'e', 'r', 't']
2025-06-20T09:46:47.517624+0800 - INFO - 第一排技能 - 检查技能: q
2025-06-20T09:46:47.518665+0800 - INFO - 第一排技能 - 检查技能: w
2025-06-20T09:46:47.519167+0800 - INFO - 弓箭手-奇美拉 找到可用技能: w
2025-06-20T09:46:47.519665+0800 - INFO - w
2025-06-20T09:46:47.523740+0800 - INFO - 已释放技能列表: ['q', 'w', 'e', 'r', 't']
2025-06-20T09:46:47.523740+0800 - INFO - 第一排技能 - 检查技能: q
2025-06-20T09:46:47.524741+0800 - INFO - 第一排技能 - 检查技能: w
2025-06-20T09:46:47.524741+0800 - INFO - 弓箭手-奇美拉 找到可用技能: w
2025-06-20T09:46:47.525750+0800 - INFO - w
2025-06-20T09:46:47.529328+0800 - INFO - 已释放技能列表: ['q', 'w', 'e', 'r', 't']
2025-06-20T09:46:47.529826+0800 - INFO - 第一排技能 - 检查技能: q
2025-06-20T09:46:47.530885+0800 - INFO - 第一排技能 - 检查技能: w
2025-06-20T09:46:47.531388+0800 - INFO - 弓箭手-奇美拉 找到可用技能: w
2025-06-20T09:46:47.531890+0800 - INFO - w
2025-06-20T09:46:47.535971+0800 - INFO - 已释放技能列表: ['q', 'w', 'e', 'r', 't']
2025-06-20T09:46:47.536478+0800 - INFO - 第一排技能 - 检查技能: q
2025-06-20T09:46:47.536974+0800 - INFO - 第一排技能 - 检查技能: w
2025-06-20T09:46:47.538193+0800 - INFO - 弓箭手-奇美拉 找到可用技能: w
2025-06-20T09:46:47.538193+0800 - INFO - w
2025-06-20T09:46:47.541253+0800 - INFO - 已释放技能列表: ['q', 'w', 'e', 'r', 't']
2025-06-20T09:46:47.542256+0800 - INFO - 第一排技能 - 检查技能: q
2025-06-20T09:46:47.542256+0800 - INFO - 第一排技能 - 检查技能: w
2025-06-20T09:46:47.543842+0800 - INFO - 弓箭手-奇美拉 找到可用技能: w
2025-06-20T09:46:47.543842+0800 - INFO - w
2025-06-20T09:46:47.548008+0800 - INFO - 已释放技能列表: ['q', 'w', 'e', 'r', 't']
2025-06-20T09:46:47.548508+0800 - INFO - 第一排技能 - 检查技能: q
2025-06-20T09:46:47.549508+0800 - INFO - 第一排技能 - 检查技能: w
2025-06-20T09:46:47.550010+0800 - INFO - 弓箭手-奇美拉 找到可用技能: w
2025-06-20T09:46:47.550509+0800 - INFO - w
2025-06-20T09:46:47.554636+0800 - INFO - 已释放技能列表: ['q', 'w', 'e', 'r', 't']
2025-06-20T09:46:47.554636+0800 - INFO - 第一排技能 - 检查技能: q
2025-06-20T09:46:47.555653+0800 - INFO - 第一排技能 - 检查技能: w
2025-06-20T09:46:47.556194+0800 - INFO - 弓箭手-奇美拉 找到可用技能: w
2025-06-20T09:46:47.556194+0800 - INFO - w
2025-06-20T09:46:47.561475+0800 - INFO - 已释放技能列表: ['q', 'w', 'e', 'r', 't']
2025-06-20T09:46:47.561475+0800 - INFO - 第一排技能 - 检查技能: q
2025-06-20T09:46:47.563533+0800 - INFO - 第一排技能 - 检查技能: w
2025-06-20T09:46:47.564035+0800 - INFO - 弓箭手-奇美拉 找到可用技能: w
2025-06-20T09:46:47.564035+0800 - INFO - w
2025-06-20T09:46:47.568057+0800 - INFO - 已释放技能列表: ['q', 'w', 'e', 'r', 't']
2025-06-20T09:46:47.568057+0800 - INFO - 第一排技能 - 检查技能: q
2025-06-20T09:46:47.569130+0800 - INFO - 第一排技能 - 检查技能: w
2025-06-20T09:46:47.569634+0800 - INFO - 弓箭手-奇美拉 找到可用技能: w
2025-06-20T09:46:47.569634+0800 - INFO - w
2025-06-20T09:46:47.574184+0800 - INFO - 已释放技能列表: ['q', 'w', 'e', 'r', 't']
2025-06-20T09:46:47.575728+0800 - INFO - 第一排技能 - 检查技能: q
2025-06-20T09:46:47.576759+0800 - INFO - 第一排技能 - 检查技能: w
2025-06-20T09:46:47.577253+0800 - INFO - 弓箭手-奇美拉 找到可用技能: w
2025-06-20T09:46:47.577751+0800 - INFO - w
2025-06-20T09:46:47.581881+0800 - INFO - 已释放技能列表: ['q', 'w', 'e', 'r', 't']
2025-06-20T09:46:47.581881+0800 - INFO - 第一排技能 - 检查技能: q
2025-06-20T09:46:47.582888+0800 - INFO - 第一排技能 - 检查技能: w
2025-06-20T09:46:47.583926+0800 - INFO - 弓箭手-奇美拉 找到可用技能: w
2025-06-20T09:46:47.583926+0800 - INFO - w
2025-06-20T09:46:47.589001+0800 - INFO - 已释放技能列表: ['q', 'w', 'e', 'r', 't']
2025-06-20T09:46:47.589499+0800 - INFO - 第一排技能 - 检查技能: q
2025-06-20T09:46:47.590496+0800 - INFO - 第一排技能 - 检查技能: w
2025-06-20T09:46:47.590997+0800 - INFO - 弓箭手-奇美拉 找到可用技能: w
2025-06-20T09:46:47.591494+0800 - INFO - w
2025-06-20T09:46:47.595636+0800 - INFO - 已释放技能列表: ['q', 'w', 'e', 'r', 't']
2025-06-20T09:46:47.596174+0800 - INFO - 第一排技能 - 检查技能: q
2025-06-20T09:46:47.596678+0800 - INFO - 第一排技能 - 检查技能: w
2025-06-20T09:46:47.597974+0800 - INFO - 弓箭手-奇美拉 找到可用技能: w
2025-06-20T09:46:47.597974+0800 - INFO - w
2025-06-20T09:46:47.601966+0800 - INFO - 已释放技能列表: ['q', 'w', 'e', 'r', 't']
2025-06-20T09:46:47.601966+0800 - INFO - 第一排技能 - 检查技能: q
2025-06-20T09:46:47.603516+0800 - INFO - 第一排技能 - 检查技能: w
2025-06-20T09:46:47.604011+0800 - INFO - 弓箭手-奇美拉 找到可用技能: w
2025-06-20T09:46:47.604011+0800 - INFO - w
2025-06-20T09:46:47.608088+0800 - INFO - 已释放技能列表: ['q', 'w', 'e', 'r', 't']
2025-06-20T09:46:47.608586+0800 - INFO - 第一排技能 - 检查技能: q
2025-06-20T09:46:47.609086+0800 - INFO - 第一排技能 - 检查技能: w
2025-06-20T09:46:47.609581+0800 - INFO - 弓箭手-奇美拉 找到可用技能: w
2025-06-20T09:46:47.610081+0800 - INFO - w
2025-06-20T09:46:47.613575+0800 - INFO - 已释放技能列表: ['q', 'w', 'e', 'r', 't']
2025-06-20T09:46:47.614071+0800 - INFO - 第一排技能 - 检查技能: q
2025-06-20T09:46:47.614570+0800 - INFO - 第一排技能 - 检查技能: w
2025-06-20T09:46:47.615574+0800 - INFO - 弓箭手-奇美拉 找到可用技能: w
2025-06-20T09:46:47.615574+0800 - INFO - w
2025-06-20T09:46:47.619123+0800 - INFO - 已释放技能列表: ['q', 'w', 'e', 'r', 't']
2025-06-20T09:46:47.619123+0800 - INFO - 第一排技能 - 检查技能: q
2025-06-20T09:46:47.620131+0800 - INFO - 第一排技能 - 检查技能: w
2025-06-20T09:46:47.621166+0800 - INFO - 弓箭手-奇美拉 找到可用技能: w
2025-06-20T09:46:47.621166+0800 - INFO - w
2025-06-20T09:46:47.624723+0800 - INFO - 已释放技能列表: ['q', 'w', 'e', 'r', 't']
2025-06-20T09:46:47.625727+0800 - INFO - 第一排技能 - 检查技能: q
2025-06-20T09:46:47.626768+0800 - INFO - 第一排技能 - 检查技能: w
2025-06-20T09:46:47.627267+0800 - INFO - 弓箭手-奇美拉 找到可用技能: w
2025-06-20T09:46:47.627767+0800 - INFO - w
2025-06-20T09:46:47.630798+0800 - INFO - 已释放技能列表: ['q', 'w', 'e', 'r', 't']
2025-06-20T09:46:47.630798+0800 - INFO - 第一排技能 - 检查技能: q
2025-06-20T09:46:47.631914+0800 - INFO - 第一排技能 - 检查技能: w
2025-06-20T09:46:47.632420+0800 - INFO - 弓箭手-奇美拉 找到可用技能: w
2025-06-20T09:46:47.632918+0800 - INFO - w
2025-06-20T09:46:47.636441+0800 - INFO - 已释放技能列表: ['q', 'w', 'e', 'r', 't']
2025-06-20T09:46:47.636966+0800 - INFO - 第一排技能 - 检查技能: q
2025-06-20T09:46:47.637673+0800 - INFO - 第一排技能 - 检查技能: w
2025-06-20T09:46:47.638167+0800 - INFO - 弓箭手-奇美拉 找到可用技能: w
2025-06-20T09:46:47.638167+0800 - INFO - w
2025-06-20T09:46:47.642279+0800 - INFO - 已释放技能列表: ['q', 'w', 'e', 'r', 't']
2025-06-20T09:46:47.643284+0800 - INFO - 第一排技能 - 检查技能: q
2025-06-20T09:46:47.643831+0800 - INFO - 第一排技能 - 检查技能: w
2025-06-20T09:46:47.644330+0800 - INFO - 弓箭手-奇美拉 找到可用技能: w
2025-06-20T09:46:47.644330+0800 - INFO - w
2025-06-20T09:46:47.648892+0800 - INFO - 已释放技能列表: ['q', 'w', 'e', 'r', 't']
2025-06-20T09:46:47.649389+0800 - INFO - 第一排技能 - 检查技能: q
2025-06-20T09:46:47.650887+0800 - INFO - 第一排技能 - 检查技能: w
2025-06-20T09:46:47.651386+0800 - INFO - 弓箭手-奇美拉 找到可用技能: w
2025-06-20T09:46:47.651386+0800 - INFO - w
2025-06-20T09:46:47.654515+0800 - INFO - 已释放技能列表: ['q', 'w', 'e', 'r', 't']
2025-06-20T09:46:47.655525+0800 - INFO - 第一排技能 - 检查技能: q
2025-06-20T09:46:47.656074+0800 - INFO - 第一排技能 - 检查技能: w
2025-06-20T09:46:47.656074+0800 - INFO - 弓箭手-奇美拉 找到可用技能: w
2025-06-20T09:46:47.657078+0800 - INFO - w
2025-06-20T09:46:47.662096+0800 - INFO - 已释放技能列表: ['q', 'w', 'e', 'r', 't']
2025-06-20T09:46:47.662595+0800 - INFO - 第一排技能 - 检查技能: q
2025-06-20T09:46:47.662595+0800 - INFO - 第一排技能 - 检查技能: w
2025-06-20T09:46:47.664163+0800 - INFO - 弓箭手-奇美拉 找到可用技能: w
2025-06-20T09:46:47.664163+0800 - INFO - w
2025-06-20T09:46:47.667207+0800 - INFO - 已释放技能列表: ['q', 'w', 'e', 'r', 't']
2025-06-20T09:46:47.667709+0800 - INFO - 第一排技能 - 检查技能: q
2025-06-20T09:46:47.668707+0800 - INFO - 第一排技能 - 检查技能: w
2025-06-20T09:46:47.669206+0800 - INFO - 弓箭手-奇美拉 找到可用技能: w
2025-06-20T09:46:47.669206+0800 - INFO - w
2025-06-20T09:46:47.671742+0800 - INFO - 已释放技能列表: ['q', 'w', 'e', 'r', 't']
2025-06-20T09:46:47.671742+0800 - INFO - 第一排技能 - 检查技能: q
2025-06-20T09:46:47.673322+0800 - INFO - 第一排技能 - 检查技能: w
2025-06-20T09:46:47.673822+0800 - INFO - 弓箭手-奇美拉 找到可用技能: w
2025-06-20T09:46:47.673822+0800 - INFO - w
2025-06-20T09:46:47.677884+0800 - INFO - 已释放技能列表: ['q', 'w', 'e', 'r', 't']
2025-06-20T09:46:47.678386+0800 - INFO - 第一排技能 - 检查技能: q
2025-06-20T09:46:47.678882+0800 - INFO - 第一排技能 - 检查技能: w
2025-06-20T09:46:47.679880+0800 - INFO - 弓箭手-奇美拉 找到可用技能: w
2025-06-20T09:46:47.679880+0800 - INFO - w
2025-06-20T09:46:47.684032+0800 - INFO - 已释放技能列表: ['q', 'w', 'e', 'r', 't']
2025-06-20T09:46:47.684534+0800 - INFO - 第一排技能 - 检查技能: q
2025-06-20T09:46:47.684534+0800 - INFO - 第一排技能 - 检查技能: w
2025-06-20T09:46:47.686071+0800 - INFO - 弓箭手-奇美拉 找到可用技能: w
2025-06-20T09:46:47.686071+0800 - INFO - w
2025-06-20T09:46:47.689567+0800 - INFO - 已释放技能列表: ['q', 'w', 'e', 'r', 't']
2025-06-20T09:46:47.689567+0800 - INFO - 第一排技能 - 检查技能: q
2025-06-20T09:46:47.690567+0800 - INFO - 第一排技能 - 检查技能: w
2025-06-20T09:46:47.691066+0800 - INFO - 弓箭手-奇美拉 找到可用技能: w
2025-06-20T09:46:47.691563+0800 - INFO - w
2025-06-20T09:46:47.696174+0800 - INFO - 已释放技能列表: ['q', 'w', 'e', 'r', 't']
2025-06-20T09:46:47.696709+0800 - INFO - 第一排技能 - 检查技能: q
2025-06-20T09:46:47.698233+0800 - INFO - 第一排技能 - 检查技能: w
2025-06-20T09:46:47.698733+0800 - INFO - 弓箭手-奇美拉 找到可用技能: w
2025-06-20T09:46:47.698733+0800 - INFO - w
2025-06-20T09:46:47.702228+0800 - INFO - 已释放技能列表: ['q', 'w', 'e', 'r', 't']
2025-06-20T09:46:47.702726+0800 - INFO - 第一排技能 - 检查技能: q
2025-06-20T09:46:47.703226+0800 - INFO - 第一排技能 - 检查技能: w
2025-06-20T09:46:47.704235+0800 - INFO - 弓箭手-奇美拉 找到可用技能: w
2025-06-20T09:46:47.704235+0800 - INFO - w
2025-06-20T09:46:47.707834+0800 - INFO - 已释放技能列表: ['q', 'w', 'e', 'r', 't']
2025-06-20T09:46:47.708335+0800 - INFO - 第一排技能 - 检查技能: q
2025-06-20T09:46:47.708830+0800 - INFO - 第一排技能 - 检查技能: w
2025-06-20T09:46:47.709830+0800 - INFO - 弓箭手-奇美拉 找到可用技能: w
2025-06-20T09:46:47.709830+0800 - INFO - w
2025-06-20T09:46:47.713820+0800 - INFO - 已释放技能列表: ['q', 'w', 'e', 'r', 't']
2025-06-20T09:46:47.714318+0800 - INFO - 第一排技能 - 检查技能: q
2025-06-20T09:46:47.714819+0800 - INFO - 第一排技能 - 检查技能: w
2025-06-20T09:46:47.714819+0800 - INFO - 弓箭手-奇美拉 找到可用技能: w
2025-06-20T09:46:47.715823+0800 - INFO - w
2025-06-20T09:46:47.719865+0800 - INFO - 已释放技能列表: ['q', 'w', 'e', 'r', 't']
2025-06-20T09:46:47.720365+0800 - INFO - 第一排技能 - 检查技能: q
2025-06-20T09:46:47.720867+0800 - INFO - 第一排技能 - 检查技能: w
2025-06-20T09:46:47.720867+0800 - INFO - 弓箭手-奇美拉 找到可用技能: w
2025-06-20T09:46:47.721875+0800 - INFO - w
2025-06-20T09:46:47.725470+0800 - INFO - 已释放技能列表: ['q', 'w', 'e', 'r', 't']
2025-06-20T09:46:47.726016+0800 - INFO - 第一排技能 - 检查技能: q
2025-06-20T09:46:47.726501+0800 - INFO - 第一排技能 - 检查技能: w
2025-06-20T09:46:47.727000+0800 - INFO - 弓箭手-奇美拉 找到可用技能: w
2025-06-20T09:46:47.727504+0800 - INFO - w
2025-06-20T09:46:47.730999+0800 - INFO - 已释放技能列表: ['q', 'w', 'e', 'r', 't']
2025-06-20T09:46:47.732065+0800 - INFO - 第一排技能 - 检查技能: q
2025-06-20T09:46:47.732576+0800 - INFO - 第一排技能 - 检查技能: w
2025-06-20T09:46:47.733116+0800 - INFO - 弓箭手-奇美拉 找到可用技能: w
2025-06-20T09:46:47.733611+0800 - INFO - w
2025-06-20T09:46:47.737146+0800 - INFO - 已释放技能列表: ['q', 'w', 'e', 'r', 't']
2025-06-20T09:46:47.737146+0800 - INFO - 第一排技能 - 检查技能: q
2025-06-20T09:46:47.737645+0800 - INFO - 第一排技能 - 检查技能: w
2025-06-20T09:46:47.738654+0800 - INFO - 弓箭手-奇美拉 找到可用技能: w
2025-06-20T09:46:47.738654+0800 - INFO - w
2025-06-20T09:46:47.742739+0800 - INFO - 已释放技能列表: ['q', 'w', 'e', 'r', 't']
2025-06-20T09:46:47.743237+0800 - INFO - 第一排技能 - 检查技能: q
2025-06-20T09:46:47.743736+0800 - INFO - 第一排技能 - 检查技能: w
2025-06-20T09:46:47.744797+0800 - INFO - 弓箭手-奇美拉 找到可用技能: w
2025-06-20T09:46:47.744797+0800 - INFO - w
2025-06-20T09:46:47.749390+0800 - INFO - 已释放技能列表: ['q', 'w', 'e', 'r', 't']
2025-06-20T09:46:47.749889+0800 - INFO - 第一排技能 - 检查技能: q
2025-06-20T09:46:47.750887+0800 - INFO - 第一排技能 - 检查技能: w
2025-06-20T09:46:47.751386+0800 - INFO - 弓箭手-奇美拉 找到可用技能: w
2025-06-20T09:46:47.751386+0800 - INFO - w
2025-06-20T09:46:47.754431+0800 - INFO - 已释放技能列表: ['q', 'w', 'e', 'r', 't']
2025-06-20T09:46:47.755492+0800 - INFO - 第一排技能 - 检查技能: q
2025-06-20T09:46:47.756497+0800 - INFO - 第一排技能 - 检查技能: w
2025-06-20T09:46:47.756497+0800 - INFO - 弓箭手-奇美拉 找到可用技能: w
2025-06-20T09:46:47.757503+0800 - INFO - w
2025-06-20T09:46:47.761597+0800 - INFO - 已释放技能列表: ['q', 'w', 'e', 'r', 't']
2025-06-20T09:46:47.762097+0800 - INFO - 第一排技能 - 检查技能: q
2025-06-20T09:46:47.762596+0800 - INFO - 第一排技能 - 检查技能: w
2025-06-20T09:46:47.763095+0800 - INFO - 弓箭手-奇美拉 找到可用技能: w
2025-06-20T09:46:47.763594+0800 - INFO - w
2025-06-20T09:46:47.767380+0800 - INFO - 已释放技能列表: ['q', 'w', 'e', 'r', 't']
2025-06-20T09:46:47.767879+0800 - INFO - 第一排技能 - 检查技能: q
2025-06-20T09:46:47.768878+0800 - INFO - 第一排技能 - 检查技能: w
2025-06-20T09:46:47.769376+0800 - INFO - 弓箭手-奇美拉 找到可用技能: w
2025-06-20T09:46:47.769877+0800 - INFO - w
2025-06-20T09:46:47.774427+0800 - INFO - 已释放技能列表: ['q', 'w', 'e', 'r', 't']
2025-06-20T09:46:47.774427+0800 - INFO - 第一排技能 - 检查技能: q
2025-06-20T09:46:47.775966+0800 - INFO - 第一排技能 - 检查技能: w
2025-06-20T09:46:47.776464+0800 - INFO - 弓箭手-奇美拉 找到可用技能: w
2025-06-20T09:46:47.776964+0800 - INFO - w
2025-06-20T09:46:47.780994+0800 - INFO - 已释放技能列表: ['q', 'w', 'e', 'r', 't']
2025-06-20T09:46:47.781494+0800 - INFO - 第一排技能 - 检查技能: q
2025-06-20T09:46:47.781993+0800 - INFO - 第一排技能 - 检查技能: w
2025-06-20T09:46:47.783080+0800 - INFO - 弓箭手-奇美拉 找到可用技能: w
2025-06-20T09:46:47.783586+0800 - INFO - w
2025-06-20T09:46:47.789139+0800 - INFO - 已释放技能列表: ['q', 'w', 'e', 'r', 't']
2025-06-20T09:46:47.789638+0800 - INFO - 第一排技能 - 检查技能: q
2025-06-20T09:46:47.790636+0800 - INFO - 第一排技能 - 检查技能: w
2025-06-20T09:46:47.791135+0800 - INFO - 弓箭手-奇美拉 找到可用技能: w
2025-06-20T09:46:47.791637+0800 - INFO - w
2025-06-20T09:46:47.796236+0800 - INFO - 已释放技能列表: ['q', 'w', 'e', 'r', 't']
2025-06-20T09:46:47.796236+0800 - INFO - 第一排技能 - 检查技能: q
2025-06-20T09:46:47.797306+0800 - INFO - 第一排技能 - 检查技能: w
2025-06-20T09:46:47.798387+0800 - INFO - 弓箭手-奇美拉 找到可用技能: w
2025-06-20T09:46:47.798387+0800 - INFO - w
2025-06-20T09:46:47.802503+0800 - INFO - 已释放技能列表: ['q', 'w', 'e', 'r', 't']
2025-06-20T09:46:47.802999+0800 - INFO - 第一排技能 - 检查技能: q
2025-06-20T09:46:47.803997+0800 - INFO - 第一排技能 - 检查技能: w
2025-06-20T09:46:47.804498+0800 - INFO - 弓箭手-奇美拉 找到可用技能: w
2025-06-20T09:46:47.804498+0800 - INFO - w
2025-06-20T09:46:47.809140+0800 - INFO - 已释放技能列表: ['q', 'w', 'e', 'r', 't']
2025-06-20T09:46:47.809640+0800 - INFO - 第一排技能 - 检查技能: q
2025-06-20T09:46:47.810638+0800 - INFO - 第一排技能 - 检查技能: w
2025-06-20T09:46:47.811636+0800 - INFO - 弓箭手-奇美拉 找到可用技能: w
2025-06-20T09:46:47.811636+0800 - INFO - w
2025-06-20T09:46:47.816768+0800 - INFO - 已释放技能列表: ['q', 'w', 'e', 'r', 't']
2025-06-20T09:46:47.816768+0800 - INFO - 第一排技能 - 检查技能: q
2025-06-20T09:46:47.817766+0800 - INFO - 第一排技能 - 检查技能: w
2025-06-20T09:46:47.818265+0800 - INFO - 弓箭手-奇美拉 找到可用技能: w
2025-06-20T09:46:47.818764+0800 - INFO - w
2025-06-20T09:46:47.822355+0800 - INFO - 已释放技能列表: ['q', 'w', 'e', 'r', 't']
2025-06-20T09:46:47.822854+0800 - INFO - 第一排技能 - 检查技能: q
2025-06-20T09:46:47.823862+0800 - INFO - 第一排技能 - 检查技能: w
2025-06-20T09:46:47.824388+0800 - INFO - 弓箭手-奇美拉 找到可用技能: w
2025-06-20T09:46:47.824887+0800 - INFO - w
2025-06-20T09:46:47.828502+0800 - INFO - 已释放技能列表: ['q', 'w', 'e', 'r', 't']
2025-06-20T09:46:47.829004+0800 - INFO - 第一排技能 - 检查技能: q
2025-06-20T09:46:47.830001+0800 - INFO - 第一排技能 - 检查技能: w
2025-06-20T09:46:47.830498+0800 - INFO - 弓箭手-奇美拉 找到可用技能: w
2025-06-20T09:46:47.830997+0800 - INFO - w
2025-06-20T09:46:47.834056+0800 - INFO - 已释放技能列表: ['q', 'w', 'e', 'r', 't']
2025-06-20T09:46:47.834568+0800 - INFO - 第一排技能 - 检查技能: q
2025-06-20T09:46:47.835572+0800 - INFO - 第一排技能 - 检查技能: w
2025-06-20T09:46:47.836177+0800 - INFO - 弓箭手-奇美拉 找到可用技能: w
2025-06-20T09:46:47.836177+0800 - INFO - w
2025-06-20T09:46:47.839173+0800 - INFO - 已释放技能列表: ['q', 'w', 'e', 'r', 't']
2025-06-20T09:46:47.839672+0800 - INFO - 第一排技能 - 检查技能: q
2025-06-20T09:46:47.840676+0800 - INFO - 第一排技能 - 检查技能: w
2025-06-20T09:46:47.841211+0800 - INFO - 弓箭手-奇美拉 找到可用技能: w
2025-06-20T09:46:47.841714+0800 - INFO - w
2025-06-20T09:46:47.844769+0800 - INFO - 已释放技能列表: ['q', 'w', 'e', 'r', 't']
2025-06-20T09:46:47.845773+0800 - INFO - 第一排技能 - 检查技能: q
2025-06-20T09:46:47.846804+0800 - INFO - 第一排技能 - 检查技能: w
2025-06-20T09:46:47.847400+0800 - INFO - 弓箭手-奇美拉 找到可用技能: w
2025-06-20T09:46:47.847900+0800 - INFO - w
2025-06-20T09:46:47.850445+0800 - INFO - 已释放技能列表: ['q', 'w', 'e', 'r', 't']
2025-06-20T09:46:47.850944+0800 - INFO - 第一排技能 - 检查技能: q
2025-06-20T09:46:47.851943+0800 - INFO - 第一排技能 - 检查技能: w
2025-06-20T09:46:47.851943+0800 - INFO - 弓箭手-奇美拉 找到可用技能: w
2025-06-20T09:46:47.851943+0800 - INFO - w
2025-06-20T09:46:47.856519+0800 - INFO - 已释放技能列表: ['q', 'w', 'e', 'r', 't']
2025-06-20T09:46:47.857018+0800 - INFO - 第一排技能 - 检查技能: q
2025-06-20T09:46:47.857517+0800 - INFO - 第一排技能 - 检查技能: w
2025-06-20T09:46:47.858516+0800 - INFO - 弓箭手-奇美拉 找到可用技能: w
2025-06-20T09:46:47.858516+0800 - INFO - w
2025-06-20T09:46:47.863082+0800 - INFO - 已释放技能列表: ['q', 'w', 'e', 'r', 't']
2025-06-20T09:46:47.863580+0800 - INFO - 第一排技能 - 检查技能: q
2025-06-20T09:46:47.864578+0800 - INFO - 第一排技能 - 检查技能: w
2025-06-20T09:46:47.864578+0800 - INFO - 弓箭手-奇美拉 找到可用技能: w
2025-06-20T09:46:47.864578+0800 - INFO - w
2025-06-20T09:46:47.869270+0800 - INFO - 已释放技能列表: ['q', 'w', 'e', 'r', 't']
2025-06-20T09:46:47.869769+0800 - INFO - 第一排技能 - 检查技能: q
2025-06-20T09:46:47.870771+0800 - INFO - 第一排技能 - 检查技能: w
2025-06-20T09:46:47.871266+0800 - INFO - 弓箭手-奇美拉 找到可用技能: w
2025-06-20T09:46:47.871266+0800 - INFO - w
2025-06-20T09:46:47.874875+0800 - INFO - 已释放技能列表: ['q', 'w', 'e', 'r', 't']
2025-06-20T09:46:47.874875+0800 - INFO - 第一排技能 - 检查技能: q
2025-06-20T09:46:47.876500+0800 - INFO - 第一排技能 - 检查技能: w
2025-06-20T09:46:47.877001+0800 - INFO - 弓箭手-奇美拉 找到可用技能: w
2025-06-20T09:46:47.877510+0800 - INFO - w
2025-06-20T09:46:47.880993+0800 - INFO - 已释放技能列表: ['q', 'w', 'e', 'r', 't']
2025-06-20T09:46:47.880993+0800 - INFO - 第一排技能 - 检查技能: q
2025-06-20T09:46:47.882541+0800 - INFO - 第一排技能 - 检查技能: w
2025-06-20T09:46:47.883039+0800 - INFO - 弓箭手-奇美拉 找到可用技能: w
2025-06-20T09:46:47.883039+0800 - INFO - w
2025-06-20T09:46:47.886668+0800 - INFO - 已释放技能列表: ['q', 'w', 'e', 'r', 't']
2025-06-20T09:46:47.886668+0800 - INFO - 第一排技能 - 检查技能: q
2025-06-20T09:46:47.888280+0800 - INFO - 第一排技能 - 检查技能: w
2025-06-20T09:46:47.888778+0800 - INFO - 弓箭手-奇美拉 找到可用技能: w
2025-06-20T09:46:47.888778+0800 - INFO - w
2025-06-20T09:46:47.892271+0800 - INFO - 已释放技能列表: ['q', 'w', 'e', 'r', 't']
2025-06-20T09:46:47.892769+0800 - INFO - 第一排技能 - 检查技能: q
2025-06-20T09:46:47.893268+0800 - INFO - 第一排技能 - 检查技能: w
2025-06-20T09:46:47.894274+0800 - INFO - 弓箭手-奇美拉 找到可用技能: w
2025-06-20T09:46:47.895384+0800 - INFO - w
2025-06-20T09:46:47.898901+0800 - INFO - 已释放技能列表: ['q', 'w', 'e', 'r', 't']
2025-06-20T09:46:47.898901+0800 - INFO - 第一排技能 - 检查技能: q
2025-06-20T09:46:47.899396+0800 - INFO - 第一排技能 - 检查技能: w
2025-06-20T09:46:47.900400+0800 - INFO - 弓箭手-奇美拉 找到可用技能: w
2025-06-20T09:46:47.900926+0800 - INFO - w
2025-06-20T09:46:47.904457+0800 - INFO - 已释放技能列表: ['q', 'w', 'e', 'r', 't']
2025-06-20T09:46:47.905462+0800 - INFO - 第一排技能 - 检查技能: q
2025-06-20T09:46:47.906492+0800 - INFO - 第一排技能 - 检查技能: w
2025-06-20T09:46:47.906990+0800 - INFO - 弓箭手-奇美拉 找到可用技能: w
2025-06-20T09:46:47.906990+0800 - INFO - w
2025-06-20T09:46:47.911667+0800 - INFO - 已释放技能列表: ['q', 'w', 'e', 'r', 't']
2025-06-20T09:46:47.912167+0800 - INFO - 第一排技能 - 检查技能: q
2025-06-20T09:46:47.913165+0800 - INFO - 第一排技能 - 检查技能: w
2025-06-20T09:46:47.913668+0800 - INFO - 弓箭手-奇美拉 找到可用技能: w
2025-06-20T09:46:47.913668+0800 - INFO - w
2025-06-20T09:46:47.918449+0800 - INFO - 已释放技能列表: ['q', 'w', 'e', 'r', 't']
2025-06-20T09:46:47.918952+0800 - INFO - 第一排技能 - 检查技能: q
2025-06-20T09:46:47.919948+0800 - INFO - 第一排技能 - 检查技能: w
2025-06-20T09:46:47.920447+0800 - INFO - 弓箭手-奇美拉 找到可用技能: w
2025-06-20T09:46:47.920945+0800 - INFO - w
2025-06-20T09:46:47.924542+0800 - INFO - 已释放技能列表: ['q', 'w', 'e', 'r', 't']
2025-06-20T09:46:47.924542+0800 - INFO - 第一排技能 - 检查技能: q
2025-06-20T09:46:47.926100+0800 - INFO - 第一排技能 - 检查技能: w
2025-06-20T09:46:47.926629+0800 - INFO - 弓箭手-奇美拉 找到可用技能: w
2025-06-20T09:46:47.927127+0800 - INFO - w
2025-06-20T09:46:47.930252+0800 - INFO - 已释放技能列表: ['q', 'w', 'e', 'r', 't']
2025-06-20T09:46:47.930752+0800 - INFO - 第一排技能 - 检查技能: q
2025-06-20T09:46:47.931749+0800 - INFO - 第一排技能 - 检查技能: w
2025-06-20T09:46:47.932248+0800 - INFO - 弓箭手-奇美拉 找到可用技能: w
2025-06-20T09:46:47.932747+0800 - INFO - w
2025-06-20T09:46:47.936948+0800 - INFO - 已释放技能列表: ['q', 'w', 'e', 'r', 't']
2025-06-20T09:46:47.937621+0800 - INFO - 第一排技能 - 检查技能: q
2025-06-20T09:46:47.938622+0800 - INFO - 第一排技能 - 检查技能: w
2025-06-20T09:46:47.939118+0800 - INFO - 弓箭手-奇美拉 找到可用技能: w
2025-06-20T09:46:47.939618+0800 - INFO - w
2025-06-20T09:46:47.943623+0800 - INFO - 已释放技能列表: ['q', 'w', 'e', 'r', 't']
2025-06-20T09:46:47.943623+0800 - INFO - 第一排技能 - 检查技能: q
2025-06-20T09:46:47.944753+0800 - INFO - 第一排技能 - 检查技能: w
2025-06-20T09:46:47.945762+0800 - INFO - 弓箭手-奇美拉 找到可用技能: w
2025-06-20T09:46:47.946291+0800 - INFO - w
2025-06-20T09:46:47.949838+0800 - INFO - 已释放技能列表: ['q', 'w', 'e', 'r', 't']
2025-06-20T09:46:47.950337+0800 - INFO - 第一排技能 - 检查技能: q
2025-06-20T09:46:47.950836+0800 - INFO - 第一排技能 - 检查技能: w
2025-06-20T09:46:47.951840+0800 - INFO - 弓箭手-奇美拉 找到可用技能: w
2025-06-20T09:46:47.952380+0800 - INFO - w
2025-06-20T09:46:47.957000+0800 - INFO - 已释放技能列表: ['q', 'w', 'e', 'r', 't']
2025-06-20T09:46:47.957985+0800 - INFO - 第一排技能 - 检查技能: q
2025-06-20T09:46:47.958984+0800 - INFO - 第一排技能 - 检查技能: w
2025-06-20T09:46:47.959480+0800 - INFO - 弓箭手-奇美拉 找到可用技能: w
2025-06-20T09:46:47.959977+0800 - INFO - w
2025-06-20T09:46:47.964669+0800 - INFO - 已释放技能列表: ['q', 'w', 'e', 'r', 't']
2025-06-20T09:46:47.965675+0800 - INFO - 第一排技能 - 检查技能: q
2025-06-20T09:46:47.966724+0800 - INFO - 第一排技能 - 检查技能: w
2025-06-20T09:46:47.967222+0800 - INFO - 弓箭手-奇美拉 找到可用技能: w
2025-06-20T09:46:47.967222+0800 - INFO - w
2025-06-20T09:46:47.971285+0800 - INFO - 已释放技能列表: ['q', 'w', 'e', 'r', 't']
2025-06-20T09:46:47.971285+0800 - INFO - 第一排技能 - 检查技能: q
2025-06-20T09:46:47.972295+0800 - INFO - 第一排技能 - 检查技能: w
2025-06-20T09:46:47.973351+0800 - INFO - 弓箭手-奇美拉 找到可用技能: w
2025-06-20T09:46:47.973896+0800 - INFO - w
2025-06-20T09:46:47.978536+0800 - INFO - 已释放技能列表: ['q', 'w', 'e', 'r', 't']
2025-06-20T09:46:47.979035+0800 - INFO - 第一排技能 - 检查技能: q
2025-06-20T09:46:47.980033+0800 - INFO - 第一排技能 - 检查技能: w
2025-06-20T09:46:47.980537+0800 - INFO - 弓箭手-奇美拉 找到可用技能: w
2025-06-20T09:46:47.981034+0800 - INFO - w
2025-06-20T09:46:47.984611+0800 - INFO - 已释放技能列表: ['q', 'w', 'e', 'r', 't']
2025-06-20T09:46:47.985616+0800 - INFO - 第一排技能 - 检查技能: q
2025-06-20T09:46:47.986142+0800 - INFO - 第一排技能 - 检查技能: w
2025-06-20T09:46:47.986640+0800 - INFO - 弓箭手-奇美拉 找到可用技能: w
2025-06-20T09:46:47.986640+0800 - INFO - w
2025-06-20T09:46:47.991732+0800 - INFO - 已释放技能列表: ['q', 'w', 'e', 'r', 't']
2025-06-20T09:46:47.992232+0800 - INFO - 第一排技能 - 检查技能: q
2025-06-20T09:46:47.993230+0800 - INFO - 第一排技能 - 检查技能: w
2025-06-20T09:46:47.993729+0800 - INFO - 弓箭手-奇美拉 找到可用技能: w
2025-06-20T09:46:47.993729+0800 - INFO - w
2025-06-20T09:46:47.998370+0800 - INFO - 已释放技能列表: ['q', 'w', 'e', 'r', 't']
2025-06-20T09:46:47.999369+0800 - INFO - 第一排技能 - 检查技能: q
2025-06-20T09:46:48.000868+0800 - INFO - 第一排技能 - 检查技能: w
2025-06-20T09:46:48.001867+0800 - INFO - 弓箭手-奇美拉 找到可用技能: w
2025-06-20T09:46:48.001867+0800 - INFO - w
2025-06-20T09:46:48.006012+0800 - INFO - 已释放技能列表: ['q', 'w', 'e', 'r', 't']
2025-06-20T09:46:48.006514+0800 - INFO - 第一排技能 - 检查技能: q
2025-06-20T09:46:48.007509+0800 - INFO - 第一排技能 - 检查技能: w
2025-06-20T09:46:48.008007+0800 - INFO - 弓箭手-奇美拉 找到可用技能: w
2025-06-20T09:46:48.008509+0800 - INFO - w
2025-06-20T09:46:48.013630+0800 - INFO - 已释放技能列表: ['q', 'w', 'e', 'r', 't']
2025-06-20T09:46:48.014136+0800 - INFO - 第一排技能 - 检查技能: q
2025-06-20T09:46:48.014629+0800 - INFO - 第一排技能 - 检查技能: w
2025-06-20T09:46:48.015633+0800 - INFO - 弓箭手-奇美拉 找到可用技能: w
2025-06-20T09:46:48.016177+0800 - INFO - w
2025-06-20T09:46:48.020502+0800 - INFO - 已释放技能列表: ['q', 'w', 'e', 'r', 't']
2025-06-20T09:46:48.021004+0800 - INFO - 第一排技能 - 检查技能: q
2025-06-20T09:46:48.022011+0800 - INFO - 第一排技能 - 检查技能: w
2025-06-20T09:46:48.022541+0800 - INFO - 弓箭手-奇美拉 找到可用技能: w
2025-06-20T09:46:48.023039+0800 - INFO - w
2025-06-20T09:46:48.026575+0800 - INFO - 已释放技能列表: ['q', 'w', 'e', 'r', 't']
2025-06-20T09:46:48.026575+0800 - INFO - 第一排技能 - 检查技能: q
2025-06-20T09:46:48.027574+0800 - INFO - 第一排技能 - 检查技能: w
2025-06-20T09:46:48.027574+0800 - INFO - 弓箭手-奇美拉 找到可用技能: w
2025-06-20T09:46:48.028578+0800 - INFO - w
2025-06-20T09:46:48.032657+0800 - INFO - 已释放技能列表: ['q', 'w', 'e', 'r', 't']
2025-06-20T09:46:48.032657+0800 - INFO - 第一排技能 - 检查技能: q
2025-06-20T09:46:48.033655+0800 - INFO - 第一排技能 - 检查技能: w
2025-06-20T09:46:48.033655+0800 - INFO - 弓箭手-奇美拉 找到可用技能: w
2025-06-20T09:46:48.034659+0800 - INFO - w
2025-06-20T09:46:48.037716+0800 - INFO - 已释放技能列表: ['q', 'w', 'e', 'r', 't']
2025-06-20T09:46:48.037716+0800 - INFO - 第一排技能 - 检查技能: q
2025-06-20T09:46:48.038798+0800 - INFO - 第一排技能 - 检查技能: w
2025-06-20T09:46:48.039800+0800 - INFO - 弓箭手-奇美拉 找到可用技能: w
2025-06-20T09:46:48.039800+0800 - INFO - w
2025-06-20T09:46:48.042794+0800 - INFO - 已释放技能列表: ['q', 'w', 'e', 'r', 't']
2025-06-20T09:46:48.043797+0800 - INFO - 第一排技能 - 检查技能: q
2025-06-20T09:46:48.044833+0800 - INFO - 第一排技能 - 检查技能: w
2025-06-20T09:46:48.045839+0800 - INFO - 弓箭手-奇美拉 找到可用技能: w
2025-06-20T09:46:48.046368+0800 - INFO - w
2025-06-20T09:46:48.051176+0800 - INFO - 已释放技能列表: ['q', 'w', 'e', 'r', 't']
2025-06-20T09:46:48.051679+0800 - INFO - 第一排技能 - 检查技能: q
2025-06-20T09:46:48.052680+0800 - INFO - 第一排技能 - 检查技能: w
2025-06-20T09:46:48.052680+0800 - INFO - 弓箭手-奇美拉 找到可用技能: w
2025-06-20T09:46:48.053742+0800 - INFO - w
2025-06-20T09:46:48.057819+0800 - INFO - 已释放技能列表: ['q', 'w', 'e', 'r', 't']
2025-06-20T09:46:48.057819+0800 - INFO - 第一排技能 - 检查技能: q
2025-06-20T09:46:48.058817+0800 - INFO - 第一排技能 - 检查技能: w
2025-06-20T09:46:48.059316+0800 - INFO - 弓箭手-奇美拉 找到可用技能: w
2025-06-20T09:46:48.059815+0800 - INFO - w
2025-06-20T09:46:48.063309+0800 - INFO - 已释放技能列表: ['q', 'w', 'e', 'r', 't']
2025-06-20T09:46:48.064313+0800 - INFO - 第一排技能 - 检查技能: q
2025-06-20T09:46:48.064849+0800 - INFO - 弓箭手-奇美拉 找到可用技能: q
2025-06-20T09:46:48.065854+0800 - INFO - q
2025-06-20T09:46:48.069054+0800 - INFO - 已释放技能列表: ['q', 'w', 'e', 'r', 't']
2025-06-20T09:46:48.069553+0800 - INFO - 第一排技能 - 检查技能: q
2025-06-20T09:46:48.070551+0800 - INFO - 弓箭手-奇美拉 找到可用技能: q
2025-06-20T09:46:48.070551+0800 - INFO - q
2025-06-20T09:46:48.074628+0800 - INFO - 已释放技能列表: ['q', 'w', 'e', 'r', 't']
2025-06-20T09:46:48.074628+0800 - INFO - 第一排技能 - 检查技能: q
2025-06-20T09:46:48.076169+0800 - INFO - 弓箭手-奇美拉 找到可用技能: q
2025-06-20T09:46:48.076169+0800 - INFO - q
2025-06-20T09:46:48.080284+0800 - INFO - 已释放技能列表: ['q', 'w', 'e', 'r', 't']
2025-06-20T09:46:48.080284+0800 - INFO - 第一排技能 - 检查技能: q
2025-06-20T09:46:48.081279+0800 - INFO - 弓箭手-奇美拉 找到可用技能: q
2025-06-20T09:46:48.081782+0800 - INFO - q
2025-06-20T09:46:48.084830+0800 - INFO - 已释放技能列表: ['q', 'w', 'e', 'r', 't']
2025-06-20T09:46:48.085836+0800 - INFO - 第一排技能 - 检查技能: q
2025-06-20T09:46:48.086371+0800 - INFO - 弓箭手-奇美拉 找到可用技能: q
2025-06-20T09:46:48.086371+0800 - INFO - q
2025-06-20T09:46:48.090949+0800 - INFO - 已释放技能列表: ['q', 'w', 'e', 'r', 't']
2025-06-20T09:46:48.091952+0800 - INFO - 第一排技能 - 检查技能: q
2025-06-20T09:46:48.092991+0800 - INFO - 弓箭手-奇美拉 找到可用技能: q
2025-06-20T09:46:48.092991+0800 - INFO - q
2025-06-20T09:46:48.097614+0800 - INFO - 已释放技能列表: ['q', 'w', 'e', 'r', 't']
2025-06-20T09:46:48.098115+0800 - INFO - 第一排技能 - 检查技能: q
2025-06-20T09:46:48.099112+0800 - INFO - 弓箭手-奇美拉 找到可用技能: q
2025-06-20T09:46:48.099618+0800 - INFO - q
2025-06-20T09:46:48.104104+0800 - INFO - 已释放技能列表: ['q', 'w', 'e', 'r', 't']
2025-06-20T09:46:48.104104+0800 - INFO - 第一排技能 - 检查技能: q
2025-06-20T09:46:48.105644+0800 - INFO - 弓箭手-奇美拉 找到可用技能: q
2025-06-20T09:46:48.105644+0800 - INFO - q
2025-06-20T09:46:48.110248+0800 - INFO - 已释放技能列表: ['q', 'w', 'e', 'r', 't']
2025-06-20T09:46:48.110248+0800 - INFO - 第一排技能 - 检查技能: q
2025-06-20T09:46:48.111252+0800 - INFO - 弓箭手-奇美拉 找到可用技能: q
2025-06-20T09:46:48.111252+0800 - INFO - q
2025-06-20T09:46:48.115588+0800 - INFO - 已释放技能列表: ['q', 'w', 'e', 'r', 't']
2025-06-20T09:46:48.116126+0800 - INFO - 第一排技能 - 检查技能: q
2025-06-20T09:46:48.117124+0800 - INFO - 弓箭手-奇美拉 找到可用技能: q
2025-06-20T09:46:48.117124+0800 - INFO - q
2025-06-20T09:46:48.120121+0800 - INFO - 已释放技能列表: ['q', 'w', 'e', 'r', 't']
2025-06-20T09:46:48.120621+0800 - INFO - 第一排技能 - 检查技能: q
2025-06-20T09:46:48.121619+0800 - INFO - 弓箭手-奇美拉 找到可用技能: q
2025-06-20T09:46:48.121619+0800 - INFO - q
2025-06-20T09:46:48.125661+0800 - INFO - 已释放技能列表: ['q', 'w', 'e', 'r', 't']
2025-06-20T09:46:48.125661+0800 - INFO - 第一排技能 - 检查技能: q
2025-06-20T09:46:48.126692+0800 - INFO - 弓箭手-奇美拉 找到可用技能: q
2025-06-20T09:46:48.127191+0800 - INFO - q
2025-06-20T09:46:48.130756+0800 - INFO - 已释放技能列表: ['q', 'w', 'e', 'r', 't']
2025-06-20T09:46:48.131286+0800 - INFO - 第一排技能 - 检查技能: q
2025-06-20T09:46:48.131788+0800 - INFO - 弓箭手-奇美拉 找到可用技能: q
2025-06-20T09:46:48.131788+0800 - INFO - q
2025-06-20T09:46:48.135880+0800 - INFO - 已释放技能列表: ['q', 'w', 'e', 'r', 't']
2025-06-20T09:46:48.136466+0800 - INFO - 第一排技能 - 检查技能: q
2025-06-20T09:46:48.136969+0800 - INFO - 弓箭手-奇美拉 找到可用技能: q
2025-06-20T09:46:48.137471+0800 - INFO - q
2025-06-20T09:46:48.139966+0800 - INFO - 已释放技能列表: ['q', 'w', 'e', 'r', 't']
2025-06-20T09:46:48.140970+0800 - INFO - 第一排技能 - 检查技能: q
2025-06-20T09:46:48.142006+0800 - INFO - 弓箭手-奇美拉 找到可用技能: q
2025-06-20T09:46:48.142006+0800 - INFO - q
2025-06-20T09:46:48.145565+0800 - INFO - 已释放技能列表: ['q', 'w', 'e', 'r', 't']
2025-06-20T09:46:48.146114+0800 - INFO - 第一排技能 - 检查技能: q
2025-06-20T09:46:48.147113+0800 - INFO - 弓箭手-奇美拉 找到可用技能: q
2025-06-20T09:46:48.147611+0800 - INFO - q
2025-06-20T09:46:48.150657+0800 - INFO - 已释放技能列表: ['q', 'w', 'e', 'r', 't']
2025-06-20T09:46:48.151156+0800 - INFO - 第一排技能 - 检查技能: q
2025-06-20T09:46:48.152154+0800 - INFO - 弓箭手-奇美拉 找到可用技能: q
2025-06-20T09:46:48.152154+0800 - INFO - q
2025-06-20T09:46:48.155839+0800 - INFO - 已释放技能列表: ['q', 'w', 'e', 'r', 't']
2025-06-20T09:46:48.156366+0800 - INFO - 第一排技能 - 检查技能: q
2025-06-20T09:46:48.157534+0800 - INFO - 弓箭手-奇美拉 找到可用技能: q
2025-06-20T09:46:48.157534+0800 - INFO - q
2025-06-20T09:46:48.161024+0800 - INFO - 已释放技能列表: ['q', 'w', 'e', 'r', 't']
2025-06-20T09:46:48.161523+0800 - INFO - 第一排技能 - 检查技能: q
2025-06-20T09:46:48.162522+0800 - INFO - 弓箭手-奇美拉 找到可用技能: q
2025-06-20T09:46:48.162522+0800 - INFO - q
2025-06-20T09:46:48.165578+0800 - INFO - 已释放技能列表: ['q', 'w', 'e', 'r', 't']
2025-06-20T09:46:48.165578+0800 - INFO - 第一排技能 - 检查技能: q
2025-06-20T09:46:48.167111+0800 - INFO - 弓箭手-奇美拉 找到可用技能: q
2025-06-20T09:46:48.167111+0800 - INFO - q
2025-06-20T09:46:48.171134+0800 - INFO - 已释放技能列表: ['q', 'w', 'e', 'r', 't']
2025-06-20T09:46:48.171632+0800 - INFO - 第一排技能 - 检查技能: q
2025-06-20T09:46:48.171632+0800 - INFO - 弓箭手-奇美拉 找到可用技能: q
2025-06-20T09:46:48.171632+0800 - INFO - q
2025-06-20T09:46:48.176301+0800 - INFO - 已释放技能列表: ['q', 'w', 'e', 'r', 't']
2025-06-20T09:46:48.176801+0800 - INFO - 第一排技能 - 检查技能: q
2025-06-20T09:46:48.177491+0800 - INFO - 弓箭手-奇美拉 找到可用技能: q
2025-06-20T09:46:48.177491+0800 - INFO - q
2025-06-20T09:46:48.180984+0800 - INFO - 已释放技能列表: ['q', 'w', 'e', 'r', 't']
2025-06-20T09:46:48.181988+0800 - INFO - 第一排技能 - 检查技能: q
2025-06-20T09:46:48.183032+0800 - INFO - 弓箭手-奇美拉 找到可用技能: q
2025-06-20T09:46:48.183032+0800 - INFO - q
2025-06-20T09:46:48.187134+0800 - INFO - 已释放技能列表: ['q', 'w', 'e', 'r', 't']
2025-06-20T09:46:48.187633+0800 - INFO - 第一排技能 - 检查技能: q
2025-06-20T09:46:48.188132+0800 - INFO - 弓箭手-奇美拉 找到可用技能: q
2025-06-20T09:46:48.188631+0800 - INFO - q
2025-06-20T09:46:48.192224+0800 - INFO - 已释放技能列表: ['q', 'w', 'e', 'r', 't']
2025-06-20T09:46:48.192731+0800 - INFO - 第一排技能 - 检查技能: q
2025-06-20T09:46:48.193735+0800 - INFO - 弓箭手-奇美拉 找到可用技能: q
2025-06-20T09:46:48.193735+0800 - INFO - q
2025-06-20T09:46:48.198163+0800 - INFO - 已释放技能列表: ['q', 'w', 'e', 'r', 't']
2025-06-20T09:46:48.198662+0800 - INFO - 第一排技能 - 检查技能: q
2025-06-20T09:46:48.199660+0800 - INFO - 弓箭手-奇美拉 找到可用技能: q
2025-06-20T09:46:48.199660+0800 - INFO - q
2025-06-20T09:46:48.203652+0800 - INFO - 已释放技能列表: ['q', 'w', 'e', 'r', 't']
2025-06-20T09:46:48.204152+0800 - INFO - 第一排技能 - 检查技能: q
2025-06-20T09:46:48.204650+0800 - INFO - 弓箭手-奇美拉 找到可用技能: q
2025-06-20T09:46:48.204650+0800 - INFO - q
2025-06-20T09:46:48.209211+0800 - INFO - 已释放技能列表: ['q', 'w', 'e', 'r', 't']
2025-06-20T09:46:48.209211+0800 - INFO - 第一排技能 - 检查技能: q
2025-06-20T09:46:48.210215+0800 - INFO - 弓箭手-奇美拉 找到可用技能: q
2025-06-20T09:46:48.210740+0800 - INFO - q
2025-06-20T09:46:48.214345+0800 - INFO - 已释放技能列表: ['q', 'w', 'e', 'r', 't']
2025-06-20T09:46:48.214847+0800 - INFO - 第一排技能 - 检查技能: q
2025-06-20T09:46:48.215856+0800 - INFO - 弓箭手-奇美拉 找到可用技能: q
2025-06-20T09:46:48.216382+0800 - INFO - q
2025-06-20T09:46:48.219912+0800 - INFO - 已释放技能列表: ['q', 'w', 'e', 'r', 't']
2025-06-20T09:46:48.219912+0800 - INFO - 第一排技能 - 检查技能: q
2025-06-20T09:46:48.220909+0800 - INFO - 弓箭手-奇美拉 找到可用技能: q
2025-06-20T09:46:48.220909+0800 - INFO - q
2025-06-20T09:46:48.224455+0800 - INFO - 已释放技能列表: ['q', 'w', 'e', 'r', 't']
2025-06-20T09:46:48.224455+0800 - INFO - 第一排技能 - 检查技能: q
2025-06-20T09:46:48.226005+0800 - INFO - 弓箭手-奇美拉 找到可用技能: q
2025-06-20T09:46:48.226505+0800 - INFO - q
2025-06-20T09:46:48.229498+0800 - INFO - 已释放技能列表: ['q', 'w', 'e', 'r', 't']
2025-06-20T09:46:48.230506+0800 - INFO - 第一排技能 - 检查技能: q
2025-06-20T09:46:48.231539+0800 - INFO - 弓箭手-奇美拉 找到可用技能: q
2025-06-20T09:46:48.231539+0800 - INFO - q
2025-06-20T09:46:48.235769+0800 - INFO - 已释放技能列表: ['q', 'w', 'e', 'r', 't']
2025-06-20T09:46:48.236288+0800 - INFO - 第一排技能 - 检查技能: q
2025-06-20T09:46:48.237289+0800 - INFO - 弓箭手-奇美拉 找到可用技能: q
2025-06-20T09:46:48.237289+0800 - INFO - q
2025-06-20T09:46:48.240783+0800 - INFO - 已释放技能列表: ['q', 'w', 'e', 'r', 't']
2025-06-20T09:46:48.241281+0800 - INFO - 第一排技能 - 检查技能: q
2025-06-20T09:46:48.242280+0800 - INFO - 弓箭手-奇美拉 找到可用技能: q
2025-06-20T09:46:48.242280+0800 - INFO - q
2025-06-20T09:46:48.245903+0800 - INFO - 已释放技能列表: ['q', 'w', 'e', 'r', 't']
2025-06-20T09:46:48.245903+0800 - INFO - 第一排技能 - 检查技能: q
2025-06-20T09:46:48.247509+0800 - INFO - 弓箭手-奇美拉 找到可用技能: q
2025-06-20T09:46:48.247509+0800 - INFO - q
2025-06-20T09:46:48.251014+0800 - INFO - 已释放技能列表: ['q', 'w', 'e', 'r', 't']
2025-06-20T09:46:48.251545+0800 - INFO - 第一排技能 - 检查技能: q
2025-06-20T09:46:48.252547+0800 - INFO - 弓箭手-奇美拉 找到可用技能: q
2025-06-20T09:46:48.252547+0800 - INFO - q
2025-06-20T09:46:48.256137+0800 - INFO - 已释放技能列表: ['q', 'w', 'e', 'r', 't']
2025-06-20T09:46:48.256637+0800 - INFO - 第一排技能 - 检查技能: q
2025-06-20T09:46:48.257635+0800 - INFO - 弓箭手-奇美拉 找到可用技能: q
2025-06-20T09:46:48.257635+0800 - INFO - q
2025-06-20T09:46:48.261676+0800 - INFO - 已释放技能列表: ['q', 'w', 'e', 'r', 't']
2025-06-20T09:46:48.262178+0800 - INFO - 第一排技能 - 检查技能: q
2025-06-20T09:46:48.262675+0800 - INFO - 弓箭手-奇美拉 找到可用技能: q
2025-06-20T09:46:48.263180+0800 - INFO - q
2025-06-20T09:46:48.267226+0800 - INFO - 已释放技能列表: ['q', 'w', 'e', 'r', 't']
2025-06-20T09:46:48.267723+0800 - INFO - 第一排技能 - 检查技能: q
2025-06-20T09:46:48.268727+0800 - INFO - 弓箭手-奇美拉 找到可用技能: q
2025-06-20T09:46:48.269265+0800 - INFO - q
2025-06-20T09:46:48.272298+0800 - INFO - 已释放技能列表: ['q', 'w', 'e', 'r', 't']
2025-06-20T09:46:48.272830+0800 - INFO - 第一排技能 - 检查技能: q
2025-06-20T09:46:48.273328+0800 - INFO - 弓箭手-奇美拉 找到可用技能: q
2025-06-20T09:46:48.273328+0800 - INFO - q
2025-06-20T09:46:48.278456+0800 - INFO - 已释放技能列表: ['q', 'w', 'e', 'r', 't']
2025-06-20T09:46:48.278456+0800 - INFO - 第一排技能 - 检查技能: q
2025-06-20T09:46:48.279456+0800 - INFO - 弓箭手-奇美拉 找到可用技能: q
2025-06-20T09:46:48.279956+0800 - INFO - q
2025-06-20T09:46:48.282949+0800 - INFO - 已释放技能列表: ['q', 'w', 'e', 'r', 't']
2025-06-20T09:46:48.283956+0800 - INFO - 第一排技能 - 检查技能: q
2025-06-20T09:46:48.284486+0800 - INFO - 弓箭手-奇美拉 找到可用技能: q
2025-06-20T09:46:48.284486+0800 - INFO - q
2025-06-20T09:46:48.288549+0800 - INFO - 已释放技能列表: ['q', 'w', 'e', 'r', 't']
2025-06-20T09:46:48.289048+0800 - INFO - 第一排技能 - 检查技能: q
2025-06-20T09:46:48.290047+0800 - INFO - 弓箭手-奇美拉 找到可用技能: q
2025-06-20T09:46:48.290047+0800 - INFO - q
2025-06-20T09:46:48.293092+0800 - INFO - 已释放技能列表: ['q', 'w', 'e', 'r', 't']
2025-06-20T09:46:48.293092+0800 - INFO - 第一排技能 - 检查技能: q
2025-06-20T09:46:48.294096+0800 - INFO - 弓箭手-奇美拉 找到可用技能: q
2025-06-20T09:46:48.294626+0800 - INFO - q
2025-06-20T09:46:48.299215+0800 - INFO - 已释放技能列表: ['q', 'w', 'e', 'r', 't']
2025-06-20T09:46:48.299714+0800 - INFO - 第一排技能 - 检查技能: q
2025-06-20T09:46:48.300213+0800 - INFO - 弓箭手-奇美拉 找到可用技能: q
2025-06-20T09:46:48.300712+0800 - INFO - q
2025-06-20T09:46:48.304206+0800 - INFO - 已释放技能列表: ['q', 'w', 'e', 'r', 't']
2025-06-20T09:46:48.304705+0800 - INFO - 第一排技能 - 检查技能: q
2025-06-20T09:46:48.304705+0800 - INFO - 弓箭手-奇美拉 找到可用技能: q
2025-06-20T09:46:48.305709+0800 - INFO - q
2025-06-20T09:46:48.309769+0800 - INFO - 已释放技能列表: ['q', 'w', 'e', 'r', 't']
2025-06-20T09:46:48.309769+0800 - INFO - 第一排技能 - 检查技能: q
2025-06-20T09:46:48.310768+0800 - INFO - 弓箭手-奇美拉 找到可用技能: q
2025-06-20T09:46:48.310768+0800 - INFO - q
2025-06-20T09:46:48.314938+0800 - INFO - 已释放技能列表: ['q', 'w', 'e', 'r', 't']
2025-06-20T09:46:48.314938+0800 - INFO - 第一排技能 - 检查技能: q
2025-06-20T09:46:48.315942+0800 - INFO - 弓箭手-奇美拉 找到可用技能: q
2025-06-20T09:46:48.316473+0800 - INFO - q
2025-06-20T09:46:48.319473+0800 - INFO - 已释放技能列表: ['q', 'w', 'e', 'r', 't']
2025-06-20T09:46:48.319473+0800 - INFO - 第一排技能 - 检查技能: q
2025-06-20T09:46:48.321001+0800 - INFO - 弓箭手-奇美拉 找到可用技能: q
2025-06-20T09:46:48.321001+0800 - INFO - q
2025-06-20T09:46:48.324536+0800 - INFO - 已释放技能列表: ['q', 'w', 'e', 'r', 't']
2025-06-20T09:46:48.325591+0800 - INFO - 第一排技能 - 检查技能: q
2025-06-20T09:46:48.326592+0800 - INFO - 弓箭手-奇美拉 找到可用技能: q
2025-06-20T09:46:48.326592+0800 - INFO - q
2025-06-20T09:46:48.331585+0800 - INFO - 已释放技能列表: ['q', 'w', 'e', 'r', 't']
2025-06-20T09:46:48.331585+0800 - INFO - 第一排技能 - 检查技能: q
2025-06-20T09:46:48.332084+0800 - INFO - 弓箭手-奇美拉 找到可用技能: q
2025-06-20T09:46:48.332084+0800 - INFO - q
2025-06-20T09:46:48.336243+0800 - INFO - 已释放技能列表: ['q', 'w', 'e', 'r', 't']
2025-06-20T09:46:48.336773+0800 - INFO - 第一排技能 - 检查技能: q
2025-06-20T09:46:48.337488+0800 - INFO - 弓箭手-奇美拉 找到可用技能: q
2025-06-20T09:46:48.337991+0800 - INFO - q
2025-06-20T09:46:48.341485+0800 - INFO - 已释放技能列表: ['q', 'w', 'e', 'r', 't']
2025-06-20T09:46:48.341985+0800 - INFO - 第一排技能 - 检查技能: q
2025-06-20T09:46:48.343479+0800 - INFO - 弓箭手-奇美拉 找到可用技能: q
2025-06-20T09:46:48.343479+0800 - INFO - q
2025-06-20T09:46:48.348091+0800 - INFO - 已释放技能列表: ['q', 'w', 'e', 'r', 't']
2025-06-20T09:46:48.348589+0800 - INFO - 第一排技能 - 检查技能: q
2025-06-20T09:46:48.349089+0800 - INFO - 弓箭手-奇美拉 找到可用技能: q
2025-06-20T09:46:48.349589+0800 - INFO - q
2025-06-20T09:46:48.352583+0800 - INFO - 已释放技能列表: ['q', 'w', 'e', 'r', 't']
2025-06-20T09:46:48.352583+0800 - INFO - 第一排技能 - 检查技能: q
2025-06-20T09:46:48.353588+0800 - INFO - 弓箭手-奇美拉 找到可用技能: q
2025-06-20T09:46:48.353588+0800 - INFO - q
2025-06-20T09:46:48.357750+0800 - INFO - 已释放技能列表: ['q', 'w', 'e', 'r', 't']
2025-06-20T09:46:48.358251+0800 - INFO - 第一排技能 - 检查技能: q
2025-06-20T09:46:48.359250+0800 - INFO - 弓箭手-奇美拉 找到可用技能: q
2025-06-20T09:46:48.359250+0800 - INFO - q
2025-06-20T09:46:48.363783+0800 - INFO - 已释放技能列表: ['q', 'w', 'e', 'r', 't']
2025-06-20T09:46:48.363783+0800 - INFO - 第一排技能 - 检查技能: q
2025-06-20T09:46:48.364780+0800 - INFO - 弓箭手-奇美拉 找到可用技能: q
2025-06-20T09:46:48.364780+0800 - INFO - q
2025-06-20T09:46:48.368314+0800 - INFO - 已释放技能列表: ['q', 'w', 'e', 'r', 't']
2025-06-20T09:46:48.368813+0800 - INFO - 第一排技能 - 检查技能: q
2025-06-20T09:46:48.369311+0800 - INFO - 弓箭手-奇美拉 找到可用技能: q
2025-06-20T09:46:48.369311+0800 - INFO - q
2025-06-20T09:46:48.374960+0800 - INFO - 已释放技能列表: ['q', 'w', 'e', 'r', 't']
2025-06-20T09:46:48.375463+0800 - INFO - 第一排技能 - 检查技能: q
2025-06-20T09:46:48.375972+0800 - INFO - 弓箭手-奇美拉 找到可用技能: q
2025-06-20T09:46:48.375972+0800 - INFO - q
2025-06-20T09:46:48.380549+0800 - INFO - 已释放技能列表: ['q', 'w', 'e', 'r', 't']
2025-06-20T09:46:48.381039+0800 - INFO - 第一排技能 - 检查技能: q
2025-06-20T09:46:48.382038+0800 - INFO - 弓箭手-奇美拉 找到可用技能: q
2025-06-20T09:46:48.382537+0800 - INFO - q
2025-06-20T09:46:48.387144+0800 - INFO - 已释放技能列表: ['q', 'w', 'e', 'r', 't']
2025-06-20T09:46:48.387674+0800 - INFO - 第一排技能 - 检查技能: q
2025-06-20T09:46:48.388697+0800 - INFO - 弓箭手-奇美拉 找到可用技能: q
2025-06-20T09:46:48.388697+0800 - INFO - q
2025-06-20T09:46:48.393188+0800 - INFO - 已释放技能列表: ['q', 'w', 'e', 'r', 't']
2025-06-20T09:46:48.393688+0800 - INFO - 第一排技能 - 检查技能: q
2025-06-20T09:46:48.394753+0800 - INFO - 弓箭手-奇美拉 找到可用技能: q
2025-06-20T09:46:48.394753+0800 - INFO - q
2025-06-20T09:46:48.398372+0800 - INFO - 已释放技能列表: ['q', 'w', 'e', 'r', 't']
2025-06-20T09:46:48.398871+0800 - INFO - 第一排技能 - 检查技能: q
2025-06-20T09:46:48.399869+0800 - INFO - 弓箭手-奇美拉 找到可用技能: q
2025-06-20T09:46:48.400374+0800 - INFO - q
2025-06-20T09:46:48.404862+0800 - INFO - 已释放技能列表: ['q', 'w', 'e', 'r', 't']
2025-06-20T09:46:48.404862+0800 - INFO - 第一排技能 - 检查技能: q
2025-06-20T09:46:48.406421+0800 - INFO - 弓箭手-奇美拉 找到可用技能: q
2025-06-20T09:46:48.406421+0800 - INFO - q
2025-06-20T09:46:48.411597+0800 - INFO - 已释放技能列表: ['q', 'w', 'e', 'r', 't']
2025-06-20T09:46:48.412098+0800 - INFO - 第一排技能 - 检查技能: q
2025-06-20T09:46:48.413096+0800 - INFO - 弓箭手-奇美拉 找到可用技能: q
2025-06-20T09:46:48.413595+0800 - INFO - q
2025-06-20T09:46:48.418227+0800 - INFO - 已释放技能列表: ['q', 'w', 'e', 'r', 't']
2025-06-20T09:46:48.418227+0800 - INFO - 第一排技能 - 检查技能: q
2025-06-20T09:46:48.419223+0800 - INFO - 弓箭手-奇美拉 找到可用技能: q
2025-06-20T09:46:48.419723+0800 - INFO - q
2025-06-20T09:46:48.423807+0800 - INFO - 已释放技能列表: ['q', 'w', 'e', 'r', 't']
2025-06-20T09:46:48.424307+0800 - INFO - 第一排技能 - 检查技能: q
2025-06-20T09:46:48.424805+0800 - INFO - 弓箭手-奇美拉 找到可用技能: q
2025-06-20T09:46:48.424805+0800 - INFO - q
2025-06-20T09:46:48.428894+0800 - INFO - 已释放技能列表: ['q', 'w', 'e', 'r', 't']
2025-06-20T09:46:48.429392+0800 - INFO - 第一排技能 - 检查技能: q
2025-06-20T09:46:48.430392+0800 - INFO - 弓箭手-奇美拉 找到可用技能: q
2025-06-20T09:46:48.430392+0800 - INFO - q
2025-06-20T09:46:48.434379+0800 - INFO - 已释放技能列表: ['q', 'w', 'e', 'r', 't']
2025-06-20T09:46:48.434379+0800 - INFO - 第一排技能 - 检查技能: q
2025-06-20T09:46:48.434878+0800 - INFO - 弓箭手-奇美拉 找到可用技能: q
2025-06-20T09:46:48.434878+0800 - INFO - q
2025-06-20T09:46:48.439546+0800 - INFO - 已释放技能列表: ['q', 'w', 'e', 'r', 't']
2025-06-20T09:46:48.440041+0800 - INFO - 第一排技能 - 检查技能: q
2025-06-20T09:46:48.441539+0800 - INFO - 弓箭手-奇美拉 找到可用技能: q
2025-06-20T09:46:48.441539+0800 - INFO - q
2025-06-20T09:46:48.445038+0800 - INFO - 已释放技能列表: ['q', 'w', 'e', 'r', 't']
2025-06-20T09:46:48.445038+0800 - INFO - 第一排技能 - 检查技能: q
2025-06-20T09:46:48.445570+0800 - INFO - 弓箭手-奇美拉 找到可用技能: q
2025-06-20T09:46:48.445570+0800 - INFO - q
2025-06-20T09:46:48.450648+0800 - INFO - 已释放技能列表: ['q', 'w', 'e', 'r', 't']
2025-06-20T09:46:48.450648+0800 - INFO - 第一排技能 - 检查技能: q
2025-06-20T09:46:48.451649+0800 - INFO - 弓箭手-奇美拉 找到可用技能: q
2025-06-20T09:46:48.452148+0800 - INFO - q
2025-06-20T09:46:48.457308+0800 - INFO - 已释放技能列表: ['q', 'w', 'e', 'r', 't']
2025-06-20T09:46:48.458313+0800 - INFO - 第一排技能 - 检查技能: q
2025-06-20T09:46:48.459343+0800 - INFO - 弓箭手-奇美拉 找到可用技能: q
2025-06-20T09:46:48.459842+0800 - INFO - q
2025-06-20T09:46:48.463942+0800 - INFO - 已释放技能列表: ['q', 'w', 'e', 'r', 't']
2025-06-20T09:46:48.463942+0800 - INFO - 第一排技能 - 检查技能: q
2025-06-20T09:46:48.464941+0800 - INFO - 弓箭手-奇美拉 找到可用技能: q
2025-06-20T09:46:48.464941+0800 - INFO - q
2025-06-20T09:46:48.469494+0800 - INFO - 已释放技能列表: ['q', 'w', 'e', 'r', 't']
2025-06-20T09:46:48.469993+0800 - INFO - 第一排技能 - 检查技能: q
2025-06-20T09:46:48.470991+0800 - INFO - 弓箭手-奇美拉 找到可用技能: q
2025-06-20T09:46:48.470991+0800 - INFO - q
2025-06-20T09:46:48.474566+0800 - INFO - 已释放技能列表: ['q', 'w', 'e', 'r', 't']
2025-06-20T09:46:48.474566+0800 - INFO - 第一排技能 - 检查技能: q
2025-06-20T09:46:48.475573+0800 - INFO - 弓箭手-奇美拉 找到可用技能: q
2025-06-20T09:46:48.476104+0800 - INFO - q
2025-06-20T09:46:48.480261+0800 - INFO - 已释放技能列表: ['q', 'w', 'e', 'r', 't']
2025-06-20T09:46:48.480261+0800 - INFO - 第一排技能 - 检查技能: q
2025-06-20T09:46:48.481253+0800 - INFO - 弓箭手-奇美拉 找到可用技能: q
2025-06-20T09:46:48.481754+0800 - INFO - q
2025-06-20T09:46:48.484747+0800 - INFO - 已释放技能列表: ['q', 'w', 'e', 'r', 't']
2025-06-20T09:46:48.485752+0800 - INFO - 第一排技能 - 检查技能: q
2025-06-20T09:46:48.486285+0800 - INFO - 弓箭手-奇美拉 找到可用技能: q
2025-06-20T09:46:48.486285+0800 - INFO - q
2025-06-20T09:46:48.491316+0800 - INFO - 已释放技能列表: ['q', 'w', 'e', 'r', 't']
2025-06-20T09:46:48.491815+0800 - INFO - 第一排技能 - 检查技能: q
2025-06-20T09:46:48.492315+0800 - INFO - 弓箭手-奇美拉 找到可用技能: q
2025-06-20T09:46:48.492812+0800 - INFO - q
2025-06-20T09:46:48.496359+0800 - INFO - 已释放技能列表: ['q', 'w', 'e', 'r', 't']
2025-06-20T09:46:48.497384+0800 - INFO - 第一排技能 - 检查技能: q
2025-06-20T09:46:48.497913+0800 - INFO - 弓箭手-奇美拉 找到可用技能: q
2025-06-20T09:46:48.497913+0800 - INFO - q
2025-06-20T09:46:48.502490+0800 - INFO - 已释放技能列表: ['q', 'w', 'e', 'r', 't']
2025-06-20T09:46:48.502990+0800 - INFO - 第一排技能 - 检查技能: q
2025-06-20T09:46:48.503987+0800 - INFO - 弓箭手-奇美拉 找到可用技能: q
2025-06-20T09:46:48.503987+0800 - INFO - q
2025-06-20T09:46:48.507696+0800 - INFO - 已释放技能列表: ['q', 'w', 'e', 'r', 't']
2025-06-20T09:46:48.508190+0800 - INFO - 第一排技能 - 检查技能: q
2025-06-20T09:46:48.509188+0800 - INFO - 弓箭手-奇美拉 找到可用技能: q
2025-06-20T09:46:48.509188+0800 - INFO - q
2025-06-20T09:46:48.512697+0800 - INFO - 已释放技能列表: ['q', 'w', 'e', 'r', 't']
2025-06-20T09:46:48.513255+0800 - INFO - 第一排技能 - 检查技能: q
2025-06-20T09:46:48.514254+0800 - INFO - 弓箭手-奇美拉 找到可用技能: q
2025-06-20T09:46:48.514254+0800 - INFO - q
2025-06-20T09:46:48.517787+0800 - INFO - 已释放技能列表: ['q', 'w', 'e', 'r', 't']
2025-06-20T09:46:48.518793+0800 - INFO - 第一排技能 - 检查技能: q
2025-06-20T09:46:48.519879+0800 - INFO - 弓箭手-奇美拉 找到可用技能: q
2025-06-20T09:46:48.519879+0800 - INFO - q
2025-06-20T09:46:48.523921+0800 - INFO - 已释放技能列表: ['q', 'w', 'e', 'r', 't']
2025-06-20T09:46:48.524920+0800 - INFO - 第一排技能 - 检查技能: q
2025-06-20T09:46:48.524920+0800 - INFO - 弓箭手-奇美拉 找到可用技能: q
2025-06-20T09:46:48.525927+0800 - INFO - q
2025-06-20T09:46:48.530477+0800 - INFO - 已释放技能列表: ['q', 'w', 'e', 'r', 't']
2025-06-20T09:46:48.530477+0800 - INFO - 第一排技能 - 检查技能: q
2025-06-20T09:46:48.531475+0800 - INFO - 弓箭手-奇美拉 找到可用技能: q
2025-06-20T09:46:48.531973+0800 - INFO - q
2025-06-20T09:46:48.536021+0800 - INFO - 已释放技能列表: ['q', 'w', 'e', 'r', 't']
2025-06-20T09:46:48.536021+0800 - INFO - 第一排技能 - 检查技能: q
2025-06-20T09:46:48.536520+0800 - INFO - 弓箭手-奇美拉 找到可用技能: q
2025-06-20T09:46:48.537524+0800 - INFO - q
2025-06-20T09:46:48.541667+0800 - INFO - 已释放技能列表: ['q', 'w', 'e', 'r', 't']
2025-06-20T09:46:48.542168+0800 - INFO - 第一排技能 - 检查技能: q
2025-06-20T09:46:48.542662+0800 - INFO - 弓箭手-奇美拉 找到可用技能: q
2025-06-20T09:46:48.543164+0800 - INFO - q
2025-06-20T09:46:48.547196+0800 - INFO - 已释放技能列表: ['q', 'w', 'e', 'r', 't']
2025-06-20T09:46:48.547196+0800 - INFO - 第一排技能 - 检查技能: q
2025-06-20T09:46:48.548741+0800 - INFO - 弓箭手-奇美拉 找到可用技能: q
2025-06-20T09:46:48.548741+0800 - INFO - q
2025-06-20T09:46:48.552736+0800 - INFO - 已释放技能列表: ['q', 'w', 'e', 'r', 't']
2025-06-20T09:46:48.553234+0800 - INFO - 第一排技能 - 检查技能: q
2025-06-20T09:46:48.554233+0800 - INFO - 弓箭手-奇美拉 找到可用技能: q
2025-06-20T09:46:48.554233+0800 - INFO - q
2025-06-20T09:46:48.557801+0800 - INFO - 已释放技能列表: ['q', 'w', 'e', 'r', 't']
2025-06-20T09:46:48.558300+0800 - INFO - 第一排技能 - 检查技能: q
2025-06-20T09:46:48.558799+0800 - INFO - 弓箭手-奇美拉 找到可用技能: q
2025-06-20T09:46:48.558799+0800 - INFO - q
2025-06-20T09:46:48.563360+0800 - INFO - 已释放技能列表: ['q', 'w', 'e', 'r', 't']
2025-06-20T09:46:48.564391+0800 - INFO - 第一排技能 - 检查技能: q
2025-06-20T09:46:48.564890+0800 - INFO - 弓箭手-奇美拉 找到可用技能: q
2025-06-20T09:46:48.564890+0800 - INFO - q
2025-06-20T09:46:48.569420+0800 - INFO - 已释放技能列表: ['q', 'w', 'e', 'r', 't']
2025-06-20T09:46:48.569918+0800 - INFO - 第一排技能 - 检查技能: q
2025-06-20T09:46:48.570919+0800 - INFO - 弓箭手-奇美拉 找到可用技能: q
2025-06-20T09:46:48.570919+0800 - INFO - q
2025-06-20T09:46:48.574468+0800 - INFO - 已释放技能列表: ['q', 'w', 'e', 'r', 't']
2025-06-20T09:46:48.575499+0800 - INFO - 第一排技能 - 检查技能: q
2025-06-20T09:46:48.576521+0800 - INFO - 弓箭手-奇美拉 找到可用技能: q
2025-06-20T09:46:48.576521+0800 - INFO - q
2025-06-20T09:46:48.580581+0800 - INFO - 已释放技能列表: ['q', 'w', 'e', 'r', 't']
2025-06-20T09:46:48.581103+0800 - INFO - 第一排技能 - 检查技能: q
2025-06-20T09:46:48.582103+0800 - INFO - 弓箭手-奇美拉 找到可用技能: q
2025-06-20T09:46:48.582103+0800 - INFO - q
2025-06-20T09:46:48.586639+0800 - INFO - 已释放技能列表: ['q', 'w', 'e', 'r', 't']
2025-06-20T09:46:48.586639+0800 - INFO - 第一排技能 - 检查技能: q
2025-06-20T09:46:48.587645+0800 - INFO - 弓箭手-奇美拉 找到可用技能: q
2025-06-20T09:46:48.587645+0800 - INFO - q
2025-06-20T09:46:48.592719+0800 - INFO - 已释放技能列表: ['q', 'w', 'e', 'r', 't']
2025-06-20T09:46:48.593219+0800 - INFO - 第一排技能 - 检查技能: q
2025-06-20T09:46:48.594217+0800 - INFO - 弓箭手-奇美拉 找到可用技能: q
2025-06-20T09:46:48.594716+0800 - INFO - q
2025-06-20T09:46:48.598872+0800 - INFO - 已释放技能列表: ['q', 'w', 'e', 'r', 't']
2025-06-20T09:46:48.599400+0800 - INFO - 第一排技能 - 检查技能: q
2025-06-20T09:46:48.600403+0800 - INFO - 弓箭手-奇美拉 找到可用技能: q
2025-06-20T09:46:48.600403+0800 - INFO - q
2025-06-20T09:46:48.604467+0800 - INFO - 已释放技能列表: ['q', 'w', 'e', 'r', 't']
2025-06-20T09:46:48.604467+0800 - INFO - 第一排技能 - 检查技能: q
2025-06-20T09:46:48.606001+0800 - INFO - 弓箭手-奇美拉 找到可用技能: q
2025-06-20T09:46:48.606001+0800 - INFO - q
2025-06-20T09:46:48.609998+0800 - INFO - 已释放技能列表: ['q', 'w', 'e', 'r', 't']
2025-06-20T09:46:48.610999+0800 - INFO - 第一排技能 - 检查技能: q
2025-06-20T09:46:48.611993+0800 - INFO - 弓箭手-奇美拉 找到可用技能: q
2025-06-20T09:46:48.612493+0800 - INFO - q
2025-06-20T09:46:48.616608+0800 - INFO - 已释放技能列表: ['q', 'w', 'e', 'r', 't']
2025-06-20T09:46:48.617108+0800 - INFO - 第一排技能 - 检查技能: q
2025-06-20T09:46:48.618106+0800 - INFO - 弓箭手-奇美拉 找到可用技能: q
2025-06-20T09:46:48.618106+0800 - INFO - q
2025-06-20T09:46:48.623216+0800 - INFO - 已释放技能列表: ['q', 'w', 'e', 'r', 't']
2025-06-20T09:46:48.624222+0800 - INFO - 第一排技能 - 检查技能: q
2025-06-20T09:46:48.624787+0800 - INFO - 弓箭手-奇美拉 找到可用技能: q
2025-06-20T09:46:48.624787+0800 - INFO - q
2025-06-20T09:46:48.629342+0800 - INFO - 已释放技能列表: ['q', 'w', 'e', 'r', 't']
2025-06-20T09:46:48.629842+0800 - INFO - 第一排技能 - 检查技能: q
2025-06-20T09:46:48.630844+0800 - INFO - 弓箭手-奇美拉 找到可用技能: q
2025-06-20T09:46:48.631343+0800 - INFO - q
2025-06-20T09:46:48.636365+0800 - INFO - 已释放技能列表: ['q', 'w', 'e', 'r', 't']
2025-06-20T09:46:48.636863+0800 - INFO - 第一排技能 - 检查技能: q
2025-06-20T09:46:48.637873+0800 - INFO - 弓箭手-奇美拉 找到可用技能: q
2025-06-20T09:46:48.637873+0800 - INFO - q
2025-06-20T09:46:48.643059+0800 - INFO - 已释放技能列表: ['q', 'w', 'e', 'r', 't']
2025-06-20T09:46:48.643059+0800 - INFO - 第一排技能 - 检查技能: q
2025-06-20T09:46:48.644057+0800 - INFO - 弓箭手-奇美拉 找到可用技能: q
2025-06-20T09:46:48.644555+0800 - INFO - q
2025-06-20T09:46:48.649694+0800 - INFO - 已释放技能列表: ['q', 'w', 'e', 'r', 't']
2025-06-20T09:46:48.650199+0800 - INFO - 第一排技能 - 检查技能: q
2025-06-20T09:46:48.651197+0800 - INFO - 弓箭手-奇美拉 找到可用技能: q
2025-06-20T09:46:48.651197+0800 - INFO - q
2025-06-20T09:46:48.654688+0800 - INFO - 已释放技能列表: ['q', 'w', 'e', 'r', 't']
2025-06-20T09:46:48.655691+0800 - INFO - 第一排技能 - 检查技能: q
2025-06-20T09:46:48.656770+0800 - INFO - 弓箭手-奇美拉 找到可用技能: q
2025-06-20T09:46:48.656770+0800 - INFO - q
2025-06-20T09:46:48.661840+0800 - INFO - 已释放技能列表: ['q', 'w', 'e', 'r', 't']
2025-06-20T09:46:48.662339+0800 - INFO - 第一排技能 - 检查技能: q
2025-06-20T09:46:48.662339+0800 - INFO - 弓箭手-奇美拉 找到可用技能: q
2025-06-20T09:46:48.663346+0800 - INFO - q
2025-06-20T09:46:48.667980+0800 - INFO - 已释放技能列表: ['q', 'w', 'e', 'r', 't']
2025-06-20T09:46:48.668477+0800 - INFO - 第一排技能 - 检查技能: q
2025-06-20T09:46:48.669475+0800 - INFO - 弓箭手-奇美拉 找到可用技能: q
2025-06-20T09:46:48.669475+0800 - INFO - q
2025-06-20T09:46:48.674170+0800 - INFO - 已释放技能列表: ['q', 'w', 'e', 'r', 't']
2025-06-20T09:46:48.674170+0800 - INFO - 第一排技能 - 检查技能: q
2025-06-20T09:46:48.675699+0800 - INFO - 弓箭手-奇美拉 找到可用技能: q
2025-06-20T09:46:48.675699+0800 - INFO - q
2025-06-20T09:46:48.680224+0800 - INFO - 已释放技能列表: ['q', 'w', 'e', 'r', 't']
2025-06-20T09:46:48.680724+0800 - INFO - 第一排技能 - 检查技能: q
2025-06-20T09:46:48.681729+0800 - INFO - 弓箭手-奇美拉 找到可用技能: q
2025-06-20T09:46:48.682276+0800 - INFO - q
2025-06-20T09:46:48.684832+0800 - INFO - 已释放技能列表: ['q', 'w', 'e', 'r', 't']
2025-06-20T09:46:48.685836+0800 - INFO - 第一排技能 - 检查技能: q
2025-06-20T09:46:48.686866+0800 - INFO - 弓箭手-奇美拉 找到可用技能: q
2025-06-20T09:46:48.687365+0800 - INFO - q
2025-06-20T09:46:48.691004+0800 - INFO - 已释放技能列表: ['q', 'w', 'e', 'r', 't']
2025-06-20T09:46:48.691503+0800 - INFO - 第一排技能 - 检查技能: q
2025-06-20T09:46:48.692503+0800 - INFO - 弓箭手-奇美拉 找到可用技能: q
2025-06-20T09:46:48.692503+0800 - INFO - q
2025-06-20T09:46:48.695503+0800 - INFO - 已释放技能列表: ['q', 'w', 'e', 'r', 't']
2025-06-20T09:46:48.696555+0800 - INFO - 第一排技能 - 检查技能: q
2025-06-20T09:46:48.697580+0800 - INFO - 弓箭手-奇美拉 找到可用技能: q
2025-06-20T09:46:48.697580+0800 - INFO - q
2025-06-20T09:46:48.701164+0800 - INFO - 已释放技能列表: ['q', 'w', 'e', 'r', 't']
2025-06-20T09:46:48.701164+0800 - INFO - 第一排技能 - 检查技能: q
2025-06-20T09:46:48.702723+0800 - INFO - 弓箭手-奇美拉 找到可用技能: q
2025-06-20T09:46:48.703222+0800 - INFO - q
2025-06-20T09:46:48.706330+0800 - INFO - 已释放技能列表: ['q', 'w', 'e', 'r', 't']
2025-06-20T09:46:48.706832+0800 - INFO - 第一排技能 - 检查技能: q
2025-06-20T09:46:48.707489+0800 - INFO - 弓箭手-奇美拉 找到可用技能: q
2025-06-20T09:46:48.707489+0800 - INFO - q
2025-06-20T09:46:48.711980+0800 - INFO - 已释放技能列表: ['q', 'w', 'e', 'r', 't']
2025-06-20T09:46:48.712478+0800 - INFO - 第一排技能 - 检查技能: q
2025-06-20T09:46:48.713477+0800 - INFO - 弓箭手-奇美拉 找到可用技能: q
2025-06-20T09:46:48.713477+0800 - INFO - q
2025-06-20T09:46:48.717106+0800 - INFO - 已释放技能列表: ['q', 'w', 'e', 'r', 't']
2025-06-20T09:46:48.717106+0800 - INFO - 第一排技能 - 检查技能: q
2025-06-20T09:46:48.718106+0800 - INFO - 弓箭手-奇美拉 找到可用技能: q
2025-06-20T09:46:48.718106+0800 - INFO - q
2025-06-20T09:46:48.721600+0800 - INFO - 已释放技能列表: ['q', 'w', 'e', 'r', 't']
2025-06-20T09:46:48.721600+0800 - INFO - 第一排技能 - 检查技能: q
2025-06-20T09:46:48.722604+0800 - INFO - 弓箭手-奇美拉 找到可用技能: q
2025-06-20T09:46:48.723147+0800 - INFO - q
2025-06-20T09:46:48.726302+0800 - INFO - 已释放技能列表: ['q', 'w', 'e', 'r', 't']
2025-06-20T09:46:48.726821+0800 - INFO - 第一排技能 - 检查技能: q
2025-06-20T09:46:48.727319+0800 - INFO - 弓箭手-奇美拉 找到可用技能: q
2025-06-20T09:46:48.727825+0800 - INFO - q
2025-06-20T09:46:48.731818+0800 - INFO - 已释放技能列表: ['q', 'w', 'e', 'r', 't']
2025-06-20T09:46:48.731818+0800 - INFO - 第一排技能 - 检查技能: q
2025-06-20T09:46:48.732812+0800 - INFO - 弓箭手-奇美拉 找到可用技能: q
2025-06-20T09:46:48.733313+0800 - INFO - q
2025-06-20T09:46:48.737427+0800 - INFO - 已释放技能列表: ['q', 'w', 'e', 'r', 't']
2025-06-20T09:46:48.737926+0800 - INFO - 第一排技能 - 检查技能: q
2025-06-20T09:46:48.738935+0800 - INFO - 弓箭手-奇美拉 找到可用技能: q
2025-06-20T09:46:48.739473+0800 - INFO - q
2025-06-20T09:46:48.743584+0800 - INFO - 已释放技能列表: ['q', 'w', 'e', 'r', 't']
2025-06-20T09:46:48.743584+0800 - INFO - 第一排技能 - 检查技能: q
2025-06-20T09:46:48.744082+0800 - INFO - 弓箭手-奇美拉 找到可用技能: q
2025-06-20T09:46:48.744082+0800 - INFO - q
2025-06-20T09:46:48.748726+0800 - INFO - 已释放技能列表: ['q', 'w', 'e', 'r', 't']
2025-06-20T09:46:48.749225+0800 - INFO - 第一排技能 - 检查技能: q
2025-06-20T09:46:48.750223+0800 - INFO - 弓箭手-奇美拉 找到可用技能: q
2025-06-20T09:46:48.750223+0800 - INFO - q
2025-06-20T09:46:48.753775+0800 - INFO - 已释放技能列表: ['q', 'w', 'e', 'r', 't']
2025-06-20T09:46:48.754274+0800 - INFO - 第一排技能 - 检查技能: q
2025-06-20T09:46:48.754776+0800 - INFO - 弓箭手-奇美拉 找到可用技能: q
2025-06-20T09:46:48.754776+0800 - INFO - q
2025-06-20T09:46:48.759433+0800 - INFO - 已释放技能列表: ['q', 'w', 'e', 'r', 't']
2025-06-20T09:46:48.759433+0800 - INFO - 第一排技能 - 检查技能: q
2025-06-20T09:46:48.760432+0800 - INFO - 弓箭手-奇美拉 找到可用技能: q
2025-06-20T09:46:48.760432+0800 - INFO - q
2025-06-20T09:46:48.764008+0800 - INFO - 已释放技能列表: ['q', 'w', 'e', 'r', 't']
2025-06-20T09:46:48.764507+0800 - INFO - 第一排技能 - 检查技能: q
2025-06-20T09:46:48.764507+0800 - INFO - 弓箭手-奇美拉 找到可用技能: q
2025-06-20T09:46:48.765514+0800 - INFO - q
2025-06-20T09:46:48.770156+0800 - INFO - 已释放技能列表: ['q', 'w', 'e', 'r', 't']
2025-06-20T09:46:48.770656+0800 - INFO - 第一排技能 - 检查技能: q
2025-06-20T09:46:48.771152+0800 - INFO - 弓箭手-奇美拉 找到可用技能: q
2025-06-20T09:46:48.771651+0800 - INFO - q
2025-06-20T09:46:48.774700+0800 - INFO - 已释放技能列表: ['q', 'w', 'e', 'r', 't']
2025-06-20T09:46:48.774700+0800 - INFO - 第一排技能 - 检查技能: q
2025-06-20T09:46:48.776272+0800 - INFO - 弓箭手-奇美拉 找到可用技能: q
2025-06-20T09:46:48.776272+0800 - INFO - q
2025-06-20T09:46:48.780404+0800 - INFO - 已释放技能列表: ['q', 'w', 'e', 'r', 't']
2025-06-20T09:46:48.780404+0800 - INFO - 第一排技能 - 检查技能: q
2025-06-20T09:46:48.781401+0800 - INFO - 弓箭手-奇美拉 找到可用技能: q
2025-06-20T09:46:48.781900+0800 - INFO - q
2025-06-20T09:46:48.785485+0800 - INFO - 已释放技能列表: ['q', 'w', 'e', 'r', 't']
2025-06-20T09:46:48.785485+0800 - INFO - 第一排技能 - 检查技能: q
2025-06-20T09:46:48.787050+0800 - INFO - 弓箭手-奇美拉 找到可用技能: q
2025-06-20T09:46:48.787550+0800 - INFO - q
2025-06-20T09:46:48.791611+0800 - INFO - 已释放技能列表: ['q', 'w', 'e', 'r', 't']
2025-06-20T09:46:48.792616+0800 - INFO - 第一排技能 - 检查技能: q
2025-06-20T09:46:48.793661+0800 - INFO - 弓箭手-奇美拉 找到可用技能: q
2025-06-20T09:46:48.794154+0800 - INFO - q
2025-06-20T09:46:48.798237+0800 - INFO - 已释放技能列表: ['q', 'w', 'e', 'r', 't']
2025-06-20T09:46:48.798237+0800 - INFO - 第一排技能 - 检查技能: q
2025-06-20T09:46:48.799797+0800 - INFO - 弓箭手-奇美拉 找到可用技能: q
2025-06-20T09:46:48.799797+0800 - INFO - q
2025-06-20T09:46:48.803337+0800 - INFO - 已释放技能列表: ['q', 'w', 'e', 'r', 't']
2025-06-20T09:46:48.803337+0800 - INFO - 第一排技能 - 检查技能: q
2025-06-20T09:46:48.804943+0800 - INFO - 弓箭手-奇美拉 找到可用技能: q
2025-06-20T09:46:48.804943+0800 - INFO - q
2025-06-20T09:46:48.810534+0800 - INFO - 已释放技能列表: ['q', 'w', 'e', 'r', 't']
2025-06-20T09:46:48.811032+0800 - INFO - 第一排技能 - 检查技能: q
2025-06-20T09:46:48.812041+0800 - INFO - 弓箭手-奇美拉 找到可用技能: q
2025-06-20T09:46:48.812533+0800 - INFO - q
2025-06-20T09:46:48.816589+0800 - INFO - 已释放技能列表: ['q', 'w', 'e', 'r', 't']
2025-06-20T09:46:48.817088+0800 - INFO - 第一排技能 - 检查技能: q
2025-06-20T09:46:48.817088+0800 - INFO - 弓箭手-奇美拉 找到可用技能: q
2025-06-20T09:46:48.818186+0800 - INFO - q
2025-06-20T09:46:48.823294+0800 - INFO - 已释放技能列表: ['q', 'w', 'e', 'r', 't']
2025-06-20T09:46:48.823791+0800 - INFO - 第一排技能 - 检查技能: q
2025-06-20T09:46:48.824801+0800 - INFO - 弓箭手-奇美拉 找到可用技能: q
2025-06-20T09:46:48.824801+0800 - INFO - q
2025-06-20T09:46:48.830622+0800 - INFO - 已释放技能列表: ['q', 'w', 'e', 'r', 't']
2025-06-20T09:46:48.831125+0800 - INFO - 第一排技能 - 检查技能: q
2025-06-20T09:46:48.832122+0800 - INFO - 弓箭手-奇美拉 找到可用技能: q
2025-06-20T09:46:48.832623+0800 - INFO - q
2025-06-20T09:46:48.836721+0800 - INFO - 已释放技能列表: ['q', 'w', 'e', 'r', 't']
2025-06-20T09:46:48.837220+0800 - INFO - 第一排技能 - 检查技能: q
2025-06-20T09:46:48.838217+0800 - INFO - 弓箭手-奇美拉 找到可用技能: q
2025-06-20T09:46:48.838217+0800 - INFO - q
2025-06-20T09:46:48.842857+0800 - INFO - 已释放技能列表: ['q', 'w', 'e', 'r', 't']
2025-06-20T09:46:48.843863+0800 - INFO - 第一排技能 - 检查技能: q
2025-06-20T09:46:48.844903+0800 - INFO - 弓箭手-奇美拉 找到可用技能: q
2025-06-20T09:46:48.844903+0800 - INFO - q
2025-06-20T09:46:48.849083+0800 - INFO - 已释放技能列表: ['q', 'w', 'e', 'r', 't']
2025-06-20T09:46:48.849581+0800 - INFO - 第一排技能 - 检查技能: q
2025-06-20T09:46:48.850580+0800 - INFO - 弓箭手-奇美拉 找到可用技能: q
2025-06-20T09:46:48.851078+0800 - INFO - q
2025-06-20T09:46:48.854607+0800 - INFO - 已释放技能列表: ['q', 'w', 'e', 'r', 't']
2025-06-20T09:46:48.855612+0800 - INFO - 第一排技能 - 检查技能: q
2025-06-20T09:46:48.856708+0800 - INFO - 弓箭手-奇美拉 找到可用技能: q
2025-06-20T09:46:48.856708+0800 - INFO - q
2025-06-20T09:46:48.861209+0800 - INFO - 已释放技能列表: ['q', 'w', 'e', 'r', 't']
2025-06-20T09:46:48.861706+0800 - INFO - 第一排技能 - 检查技能: q
2025-06-20T09:46:48.862704+0800 - INFO - 弓箭手-奇美拉 找到可用技能: q
2025-06-20T09:46:48.862704+0800 - INFO - q
2025-06-20T09:46:48.866244+0800 - INFO - 已释放技能列表: ['q', 'w', 'e', 'r', 't']
2025-06-20T09:46:48.866244+0800 - INFO - 第一排技能 - 检查技能: q
2025-06-20T09:46:48.867241+0800 - INFO - 弓箭手-奇美拉 找到可用技能: q
2025-06-20T09:46:48.867739+0800 - INFO - q
2025-06-20T09:46:48.870785+0800 - INFO - 已释放技能列表: ['q', 'w', 'e', 'r', 't']
2025-06-20T09:46:48.871789+0800 - INFO - 第一排技能 - 检查技能: q
2025-06-20T09:46:48.872334+0800 - INFO - 弓箭手-奇美拉 找到可用技能: q
2025-06-20T09:46:48.872828+0800 - INFO - q
2025-06-20T09:46:48.875856+0800 - INFO - 已释放技能列表: ['q', 'w', 'e', 'r', 't']
2025-06-20T09:46:48.876370+0800 - INFO - 第一排技能 - 检查技能: q
2025-06-20T09:46:48.877369+0800 - INFO - 弓箭手-奇美拉 找到可用技能: q
2025-06-20T09:46:48.877369+0800 - INFO - q
2025-06-20T09:46:48.880916+0800 - INFO - 已释放技能列表: ['q', 'w', 'e', 'r', 't']
2025-06-20T09:46:48.880916+0800 - INFO - 第一排技能 - 检查技能: q
2025-06-20T09:46:48.881914+0800 - INFO - 弓箭手-奇美拉 找到可用技能: q
2025-06-20T09:46:48.882413+0800 - INFO - q
2025-06-20T09:46:48.885991+0800 - INFO - 已释放技能列表: ['q', 'w', 'e', 'r', 't']
2025-06-20T09:46:48.886488+0800 - INFO - 第一排技能 - 检查技能: q
2025-06-20T09:46:48.887488+0800 - INFO - 弓箭手-奇美拉 找到可用技能: q
2025-06-20T09:46:48.887488+0800 - INFO - q
2025-06-20T09:46:48.891039+0800 - INFO - 已释放技能列表: ['q', 'w', 'e', 'r', 't']
2025-06-20T09:46:48.892046+0800 - INFO - 第一排技能 - 检查技能: q
2025-06-20T09:46:48.893035+0800 - INFO - 弓箭手-奇美拉 找到可用技能: q
2025-06-20T09:46:48.893035+0800 - INFO - q
2025-06-20T09:46:48.897194+0800 - INFO - 已释放技能列表: ['q', 'w', 'e', 'r', 't']
2025-06-20T09:46:48.897194+0800 - INFO - 第一排技能 - 检查技能: q
2025-06-20T09:46:48.898191+0800 - INFO - 弓箭手-奇美拉 找到可用技能: q
2025-06-20T09:46:48.898191+0800 - INFO - q
2025-06-20T09:46:48.901782+0800 - INFO - 已释放技能列表: ['q', 'w', 'e', 'r', 't']
2025-06-20T09:46:48.902288+0800 - INFO - 第一排技能 - 检查技能: q
2025-06-20T09:46:48.902780+0800 - INFO - 弓箭手-奇美拉 找到可用技能: q
2025-06-20T09:46:48.903278+0800 - INFO - q
2025-06-20T09:46:48.907844+0800 - INFO - 已释放技能列表: ['q', 'w', 'e', 'r', 't']
2025-06-20T09:46:48.908344+0800 - INFO - 第一排技能 - 检查技能: q
2025-06-20T09:46:48.909347+0800 - INFO - 弓箭手-奇美拉 找到可用技能: q
2025-06-20T09:46:48.909347+0800 - INFO - q
2025-06-20T09:46:48.912862+0800 - INFO - 已释放技能列表: ['q', 'w', 'e', 'r', 't']
2025-06-20T09:46:48.912862+0800 - INFO - 第一排技能 - 检查技能: q
2025-06-20T09:46:48.913861+0800 - INFO - 弓箭手-奇美拉 找到可用技能: q
2025-06-20T09:46:48.914359+0800 - INFO - q
2025-06-20T09:46:48.917383+0800 - INFO - 已释放技能列表: ['q', 'w', 'e', 'r', 't']
2025-06-20T09:46:48.917883+0800 - INFO - 第一排技能 - 检查技能: q
2025-06-20T09:46:48.918882+0800 - INFO - 弓箭手-奇美拉 找到可用技能: q
2025-06-20T09:46:48.918882+0800 - INFO - q
2025-06-20T09:46:48.922421+0800 - INFO - 已释放技能列表: ['q', 'w', 'e', 'r', 't']
2025-06-20T09:46:48.922956+0800 - INFO - 第一排技能 - 检查技能: q
2025-06-20T09:46:48.923457+0800 - INFO - 弓箭手-奇美拉 找到可用技能: q
2025-06-20T09:46:48.923956+0800 - INFO - q
2025-06-20T09:46:48.927491+0800 - INFO - 已释放技能列表: ['q', 'w', 'e', 'r', 't']
2025-06-20T09:46:48.927990+0800 - INFO - 第一排技能 - 检查技能: q
2025-06-20T09:46:48.928489+0800 - INFO - 弓箭手-奇美拉 找到可用技能: q
2025-06-20T09:46:48.928989+0800 - INFO - q
2025-06-20T09:46:48.932017+0800 - INFO - 已释放技能列表: ['q', 'w', 'e', 'r', 't']
2025-06-20T09:46:48.932517+0800 - INFO - 第一排技能 - 检查技能: q
2025-06-20T09:46:48.933514+0800 - INFO - 弓箭手-奇美拉 找到可用技能: q
2025-06-20T09:46:48.933514+0800 - INFO - q
2025-06-20T09:46:48.937554+0800 - INFO - 已释放技能列表: ['q', 'w', 'e', 'r', 't']
2025-06-20T09:46:48.938054+0800 - INFO - 第一排技能 - 检查技能: q
2025-06-20T09:46:48.938552+0800 - INFO - 弓箭手-奇美拉 找到可用技能: q
2025-06-20T09:46:48.939052+0800 - INFO - q
2025-06-20T09:46:48.943085+0800 - INFO - 已释放技能列表: ['q', 'w', 'e', 'r', 't']
2025-06-20T09:46:48.943583+0800 - INFO - 第一排技能 - 检查技能: q
2025-06-20T09:46:48.944083+0800 - INFO - 弓箭手-奇美拉 找到可用技能: q
2025-06-20T09:46:48.945091+0800 - INFO - q
2025-06-20T09:46:48.949203+0800 - INFO - 已释放技能列表: ['q', 'w', 'e', 'r', 't']
2025-06-20T09:46:48.949203+0800 - INFO - 第一排技能 - 检查技能: q
2025-06-20T09:46:48.950741+0800 - INFO - 弓箭手-奇美拉 找到可用技能: q
2025-06-20T09:46:48.951239+0800 - INFO - q
2025-06-20T09:46:48.954233+0800 - INFO - 已释放技能列表: ['q', 'w', 'e', 'r', 't']
2025-06-20T09:46:48.955238+0800 - INFO - 第一排技能 - 检查技能: q
2025-06-20T09:46:48.955770+0800 - INFO - 弓箭手-奇美拉 找到可用技能: q
2025-06-20T09:46:48.955770+0800 - INFO - q
2025-06-20T09:46:48.959834+0800 - INFO - 已释放技能列表: ['q', 'w', 'e', 'r', 't']
2025-06-20T09:46:48.960333+0800 - INFO - 第一排技能 - 检查技能: q
2025-06-20T09:46:48.961329+0800 - INFO - 弓箭手-奇美拉 找到可用技能: q
2025-06-20T09:46:48.961329+0800 - INFO - q
2025-06-20T09:46:48.964823+0800 - INFO - 已释放技能列表: ['q', 'w', 'e', 'r', 't']
2025-06-20T09:46:48.964823+0800 - INFO - 第一排技能 - 检查技能: q
2025-06-20T09:46:48.966375+0800 - INFO - 弓箭手-奇美拉 找到可用技能: q
2025-06-20T09:46:48.966375+0800 - INFO - q
2025-06-20T09:46:48.970397+0800 - INFO - 已释放技能列表: ['q', 'w', 'e', 'r', 't']
2025-06-20T09:46:48.970397+0800 - INFO - 第一排技能 - 检查技能: q
2025-06-20T09:46:48.971516+0800 - INFO - 弓箭手-奇美拉 找到可用技能: q
2025-06-20T09:46:48.971516+0800 - INFO - q
2025-06-20T09:46:48.974537+0800 - INFO - 已释放技能列表: ['q', 'w', 'e', 'r', 't']
2025-06-20T09:46:48.976102+0800 - INFO - 第一排技能 - 检查技能: q
2025-06-20T09:46:48.976621+0800 - INFO - 弓箭手-奇美拉 找到可用技能: q
2025-06-20T09:46:48.977120+0800 - INFO - q
2025-06-20T09:46:48.980619+0800 - INFO - 已释放技能列表: ['q', 'w', 'e', 'r', 't']
2025-06-20T09:46:48.980619+0800 - INFO - 第一排技能 - 检查技能: q
2025-06-20T09:46:48.981651+0800 - INFO - 弓箭手-奇美拉 找到可用技能: q
2025-06-20T09:46:48.981651+0800 - INFO - q
2025-06-20T09:46:48.985661+0800 - INFO - 已释放技能列表: ['q', 'w', 'e', 'r', 't']
2025-06-20T09:46:48.985661+0800 - INFO - 第一排技能 - 检查技能: q
2025-06-20T09:46:48.986700+0800 - INFO - 弓箭手-奇美拉 找到可用技能: q
2025-06-20T09:46:48.987240+0800 - INFO - q
2025-06-20T09:46:48.990299+0800 - INFO - 已释放技能列表: ['q', 'w', 'e', 'r', 't']
2025-06-20T09:46:48.991421+0800 - INFO - 第一排技能 - 检查技能: q
2025-06-20T09:46:48.992423+0800 - INFO - 弓箭手-奇美拉 找到可用技能: q
2025-06-20T09:46:48.992924+0800 - INFO - q
2025-06-20T09:46:48.996979+0800 - INFO - 已释放技能列表: ['q', 'w', 'e', 'r', 't']
2025-06-20T09:46:48.997533+0800 - INFO - 第一排技能 - 检查技能: q
2025-06-20T09:46:48.998525+0800 - INFO - 弓箭手-奇美拉 找到可用技能: q
2025-06-20T09:46:48.998525+0800 - INFO - q
2025-06-20T09:46:49.003053+0800 - INFO - 已释放技能列表: ['q', 'w', 'e', 'r', 't']
2025-06-20T09:46:49.003553+0800 - INFO - 第一排技能 - 检查技能: q
2025-06-20T09:46:49.004053+0800 - INFO - 弓箭手-奇美拉 找到可用技能: q
2025-06-20T09:46:49.004552+0800 - INFO - q
2025-06-20T09:46:49.007671+0800 - INFO - 已释放技能列表: ['q', 'w', 'e', 'r', 't']
2025-06-20T09:46:49.008166+0800 - INFO - 第一排技能 - 检查技能: q
2025-06-20T09:46:49.009159+0800 - INFO - 弓箭手-奇美拉 找到可用技能: q
2025-06-20T09:46:49.009658+0800 - INFO - q
2025-06-20T09:46:49.013882+0800 - INFO - 已释放技能列表: ['q', 'w', 'e', 'r', 't']
2025-06-20T09:46:49.014382+0800 - INFO - 第一排技能 - 检查技能: q
2025-06-20T09:46:49.014880+0800 - INFO - 弓箭手-奇美拉 找到可用技能: q
2025-06-20T09:46:49.015884+0800 - INFO - q
2025-06-20T09:46:49.019579+0800 - INFO - 已释放技能列表: ['q', 'w', 'e', 'r', 't']
2025-06-20T09:46:49.020078+0800 - INFO - 第一排技能 - 检查技能: q
2025-06-20T09:46:49.020576+0800 - INFO - 弓箭手-奇美拉 找到可用技能: q
2025-06-20T09:46:49.020576+0800 - INFO - q
2025-06-20T09:46:49.024195+0800 - INFO - 已释放技能列表: ['q', 'w', 'e', 'r', 't']
2025-06-20T09:46:49.024694+0800 - INFO - 第一排技能 - 检查技能: q
2025-06-20T09:46:49.024694+0800 - INFO - 弓箭手-奇美拉 找到可用技能: q
2025-06-20T09:46:49.025700+0800 - INFO - q
2025-06-20T09:46:49.028958+0800 - INFO - 已释放技能列表: ['q', 'w', 'e', 'r', 't']
2025-06-20T09:46:49.029457+0800 - INFO - 第一排技能 - 检查技能: q
2025-06-20T09:46:49.030455+0800 - INFO - 弓箭手-奇美拉 找到可用技能: q
2025-06-20T09:46:49.030455+0800 - INFO - q
2025-06-20T09:46:49.034634+0800 - INFO - 已释放技能列表: ['q', 'w', 'e', 'r', 't']
2025-06-20T09:46:49.034634+0800 - INFO - 第一排技能 - 检查技能: q
2025-06-20T09:46:49.035641+0800 - INFO - 弓箭手-奇美拉 找到可用技能: q
2025-06-20T09:46:49.036171+0800 - INFO - q
2025-06-20T09:46:49.039164+0800 - INFO - 已释放技能列表: ['q', 'w', 'e', 'r', 't']
2025-06-20T09:46:49.039662+0800 - INFO - 第一排技能 - 检查技能: q
2025-06-20T09:46:49.040665+0800 - INFO - 弓箭手-奇美拉 找到可用技能: q
2025-06-20T09:46:49.040665+0800 - INFO - q
2025-06-20T09:46:49.044706+0800 - INFO - 已释放技能列表: ['q', 'w', 'e', 'r', 't']
2025-06-20T09:46:49.044706+0800 - INFO - 第一排技能 - 检查技能: q
2025-06-20T09:46:49.046240+0800 - INFO - 弓箭手-奇美拉 找到可用技能: q
2025-06-20T09:46:49.046240+0800 - INFO - q
2025-06-20T09:46:49.050796+0800 - INFO - 已释放技能列表: ['q', 'w', 'e', 'r', 't']
2025-06-20T09:46:49.051795+0800 - INFO - 第一排技能 - 检查技能: q
2025-06-20T09:46:49.052793+0800 - INFO - 弓箭手-奇美拉 找到可用技能: q
2025-06-20T09:46:49.052793+0800 - INFO - q
2025-06-20T09:46:49.055880+0800 - INFO - 已释放技能列表: ['q', 'w', 'e', 'r', 't']
2025-06-20T09:46:49.056916+0800 - INFO - 第一排技能 - 检查技能: q
2025-06-20T09:46:49.057986+0800 - INFO - 弓箭手-奇美拉 找到可用技能: q
2025-06-20T09:46:49.057986+0800 - INFO - q
2025-06-20T09:46:49.061474+0800 - INFO - 已释放技能列表: ['q', 'w', 'e', 'r', 't']
2025-06-20T09:46:49.061976+0800 - INFO - 第一排技能 - 检查技能: q
2025-06-20T09:46:49.062971+0800 - INFO - 弓箭手-奇美拉 找到可用技能: q
2025-06-20T09:46:49.062971+0800 - INFO - q
2025-06-20T09:46:49.066511+0800 - INFO - 已释放技能列表: ['q', 'w', 'e', 'r', 't']
2025-06-20T09:46:49.067006+0800 - INFO - 第一排技能 - 检查技能: q
2025-06-20T09:46:49.067006+0800 - INFO - 弓箭手-奇美拉 找到可用技能: q
2025-06-20T09:46:49.068014+0800 - INFO - q
2025-06-20T09:46:49.071040+0800 - INFO - 已释放技能列表: ['q', 'w', 'e', 'r', 't']
2025-06-20T09:46:49.071040+0800 - INFO - 第一排技能 - 检查技能: q
2025-06-20T09:46:49.072043+0800 - INFO - 弓箭手-奇美拉 找到可用技能: q
2025-06-20T09:46:49.072043+0800 - INFO - q
2025-06-20T09:46:49.075122+0800 - INFO - 已释放技能列表: ['q', 'w', 'e', 'r', 't']
2025-06-20T09:46:49.075652+0800 - INFO - 第一排技能 - 检查技能: q
2025-06-20T09:46:49.076679+0800 - INFO - 弓箭手-奇美拉 找到可用技能: q
2025-06-20T09:46:49.077176+0800 - INFO - q
2025-06-20T09:46:49.081173+0800 - INFO - 已释放技能列表: ['q', 'w', 'e', 'r', 't']
2025-06-20T09:46:49.081673+0800 - INFO - 第一排技能 - 检查技能: q
2025-06-20T09:46:49.082677+0800 - INFO - 弓箭手-奇美拉 找到可用技能: q
2025-06-20T09:46:49.082677+0800 - INFO - q
2025-06-20T09:46:49.086269+0800 - INFO - 已释放技能列表: ['q', 'w', 'e', 'r', 't']
2025-06-20T09:46:49.086269+0800 - INFO - 第一排技能 - 检查技能: q
2025-06-20T09:46:49.087271+0800 - INFO - 弓箭手-奇美拉 找到可用技能: q
2025-06-20T09:46:49.087271+0800 - INFO - q
2025-06-20T09:46:49.091398+0800 - INFO - 已释放技能列表: ['q', 'w', 'e', 'r', 't']
2025-06-20T09:46:49.091900+0800 - INFO - 第一排技能 - 检查技能: q
2025-06-20T09:46:49.092394+0800 - INFO - 弓箭手-奇美拉 找到可用技能: q
2025-06-20T09:46:49.092898+0800 - INFO - q
2025-06-20T09:46:49.097017+0800 - INFO - 已释放技能列表: ['q', 'w', 'e', 'r', 't']
2025-06-20T09:46:49.098069+0800 - INFO - 第一排技能 - 检查技能: q
2025-06-20T09:46:49.099100+0800 - INFO - 弓箭手-奇美拉 找到可用技能: q
2025-06-20T09:46:49.099597+0800 - INFO - q
2025-06-20T09:46:49.103675+0800 - INFO - 已释放技能列表: ['q', 'w', 'e', 'r', 't']
2025-06-20T09:46:49.103675+0800 - INFO - 第一排技能 - 检查技能: q
2025-06-20T09:46:49.104674+0800 - INFO - 弓箭手-奇美拉 找到可用技能: q
2025-06-20T09:46:49.104674+0800 - INFO - q
2025-06-20T09:46:49.108233+0800 - INFO - 已释放技能列表: ['q', 'w', 'e', 'r', 't']
2025-06-20T09:46:49.108763+0800 - INFO - 第一排技能 - 检查技能: q
2025-06-20T09:46:49.109788+0800 - INFO - 弓箭手-奇美拉 找到可用技能: q
2025-06-20T09:46:49.110288+0800 - INFO - q
2025-06-20T09:46:49.114276+0800 - INFO - 已释放技能列表: ['q', 'w', 'e', 'r', 't']
2025-06-20T09:46:49.114774+0800 - INFO - 第一排技能 - 检查技能: q
2025-06-20T09:46:49.115778+0800 - INFO - 弓箭手-奇美拉 找到可用技能: q
2025-06-20T09:46:49.116322+0800 - INFO - q
2025-06-20T09:46:49.119490+0800 - INFO - 已释放技能列表: ['q', 'w', 'e', 'r', 't']
2025-06-20T09:46:49.119490+0800 - INFO - 第一排技能 - 检查技能: q
2025-06-20T09:46:49.120488+0800 - INFO - 弓箭手-奇美拉 找到可用技能: q
2025-06-20T09:46:49.120488+0800 - INFO - q
2025-06-20T09:46:49.124547+0800 - INFO - 已释放技能列表: ['q', 'w', 'e', 'r', 't']
2025-06-20T09:46:49.124547+0800 - INFO - 第一排技能 - 检查技能: q
2025-06-20T09:46:49.126089+0800 - INFO - 弓箭手-奇美拉 找到可用技能: q
2025-06-20T09:46:49.126587+0800 - INFO - q
2025-06-20T09:46:49.131116+0800 - INFO - 已释放技能列表: ['q', 'w', 'e', 'r', 't']
2025-06-20T09:46:49.131614+0800 - INFO - 第一排技能 - 检查技能: q
2025-06-20T09:46:49.132613+0800 - INFO - 弓箭手-奇美拉 找到可用技能: q
2025-06-20T09:46:49.132613+0800 - INFO - q
2025-06-20T09:46:49.136515+0800 - INFO - 已释放技能列表: ['q', 'w', 'e', 'r', 't']
2025-06-20T09:46:49.136515+0800 - INFO - 第一排技能 - 检查技能: q
2025-06-20T09:46:49.137582+0800 - INFO - 弓箭手-奇美拉 找到可用技能: q
2025-06-20T09:46:49.137582+0800 - INFO - q
2025-06-20T09:46:49.142229+0800 - INFO - 已释放技能列表: ['q', 'w', 'e', 'r', 't']
2025-06-20T09:46:49.142229+0800 - INFO - 第一排技能 - 检查技能: q
2025-06-20T09:46:49.143227+0800 - INFO - 弓箭手-奇美拉 找到可用技能: q
2025-06-20T09:46:49.143726+0800 - INFO - q
2025-06-20T09:46:49.147850+0800 - INFO - 已释放技能列表: ['q', 'w', 'e', 'r', 't']
2025-06-20T09:46:49.148914+0800 - INFO - 第一排技能 - 检查技能: q
2025-06-20T09:46:49.149938+0800 - INFO - 弓箭手-奇美拉 找到可用技能: q
2025-06-20T09:46:49.149938+0800 - INFO - q
2025-06-20T09:46:49.153432+0800 - INFO - 已释放技能列表: ['q', 'w', 'e', 'r', 't']
2025-06-20T09:46:49.153930+0800 - INFO - 第一排技能 - 检查技能: q
2025-06-20T09:46:49.154929+0800 - INFO - 弓箭手-奇美拉 找到可用技能: q
2025-06-20T09:46:49.154929+0800 - INFO - q
2025-06-20T09:46:49.158018+0800 - INFO - 已释放技能列表: ['q', 'w', 'e', 'r', 't']
2025-06-20T09:46:49.159022+0800 - INFO - 第一排技能 - 检查技能: q
2025-06-20T09:46:49.160053+0800 - INFO - 弓箭手-奇美拉 找到可用技能: q
2025-06-20T09:46:49.160053+0800 - INFO - q
2025-06-20T09:46:49.163546+0800 - INFO - 已释放技能列表: ['q', 'w', 'e', 'r', 't']
2025-06-20T09:46:49.164045+0800 - INFO - 第一排技能 - 检查技能: q
2025-06-20T09:46:49.164544+0800 - INFO - 弓箭手-奇美拉 找到可用技能: q
2025-06-20T09:46:49.164544+0800 - INFO - q
2025-06-20T09:46:49.168635+0800 - INFO - 已释放技能列表: ['q', 'w', 'e', 'r', 't']
2025-06-20T09:46:49.168635+0800 - INFO - 第一排技能 - 检查技能: q
2025-06-20T09:46:49.169643+0800 - INFO - 弓箭手-奇美拉 找到可用技能: q
2025-06-20T09:46:49.169643+0800 - INFO - q
2025-06-20T09:46:49.173230+0800 - INFO - 已释放技能列表: ['q', 'w', 'e', 'r', 't']
2025-06-20T09:46:49.173230+0800 - INFO - 第一排技能 - 检查技能: q
2025-06-20T09:46:49.174234+0800 - INFO - 弓箭手-奇美拉 找到可用技能: q
2025-06-20T09:46:49.174780+0800 - INFO - q
2025-06-20T09:46:49.177922+0800 - INFO - 已释放技能列表: ['q', 'w', 'e', 'r', 't']
2025-06-20T09:46:49.178423+0800 - INFO - 第一排技能 - 检查技能: q
2025-06-20T09:46:49.178924+0800 - INFO - 弓箭手-奇美拉 找到可用技能: q
2025-06-20T09:46:49.179418+0800 - INFO - q
2025-06-20T09:46:49.182912+0800 - INFO - 已释放技能列表: ['q', 'w', 'e', 'r', 't']
2025-06-20T09:46:49.182912+0800 - INFO - 第一排技能 - 检查技能: q
2025-06-20T09:46:49.183411+0800 - INFO - 弓箭手-奇美拉 找到可用技能: q
2025-06-20T09:46:49.183411+0800 - INFO - q
2025-06-20T09:46:49.187560+0800 - INFO - 已释放技能列表: ['q', 'w', 'e', 'r', 't']
2025-06-20T09:46:49.188059+0800 - INFO - 第一排技能 - 检查技能: q
2025-06-20T09:46:49.188558+0800 - INFO - 弓箭手-奇美拉 找到可用技能: q
2025-06-20T09:46:49.189057+0800 - INFO - q
2025-06-20T09:46:49.192190+0800 - INFO - 已释放技能列表: ['q', 'w', 'e', 'r', 't']
2025-06-20T09:46:49.192694+0800 - INFO - 第一排技能 - 检查技能: q
2025-06-20T09:46:49.193686+0800 - INFO - 弓箭手-奇美拉 找到可用技能: q
2025-06-20T09:46:49.193686+0800 - INFO - q
2025-06-20T09:46:49.198300+0800 - INFO - 已释放技能列表: ['q', 'w', 'e', 'r', 't']
2025-06-20T09:46:49.198300+0800 - INFO - 第一排技能 - 检查技能: q
2025-06-20T09:46:49.198799+0800 - INFO - 弓箭手-奇美拉 找到可用技能: q
2025-06-20T09:46:49.198799+0800 - INFO - q
2025-06-20T09:46:49.202869+0800 - INFO - 已释放技能列表: ['q', 'w', 'e', 'r', 't']
2025-06-20T09:46:49.203367+0800 - INFO - 第一排技能 - 检查技能: q
2025-06-20T09:46:49.204368+0800 - INFO - 弓箭手-奇美拉 找到可用技能: q
2025-06-20T09:46:49.204368+0800 - INFO - q
2025-06-20T09:46:49.207889+0800 - INFO - 已释放技能列表: ['q', 'w', 'e', 'r', 't']
2025-06-20T09:46:49.208388+0800 - INFO - 第一排技能 - 检查技能: q
2025-06-20T09:46:49.208887+0800 - INFO - 弓箭手-奇美拉 找到可用技能: q
2025-06-20T09:46:49.208887+0800 - INFO - q
2025-06-20T09:46:49.212937+0800 - INFO - 已释放技能列表: ['q', 'w', 'e', 'r', 't']
2025-06-20T09:46:49.213436+0800 - INFO - 第一排技能 - 检查技能: q
2025-06-20T09:46:49.214434+0800 - INFO - 弓箭手-奇美拉 找到可用技能: q
2025-06-20T09:46:49.214434+0800 - INFO - q
2025-06-20T09:46:49.219026+0800 - INFO - 已释放技能列表: ['q', 'w', 'e', 'r', 't']
2025-06-20T09:46:49.219026+0800 - INFO - 第一排技能 - 检查技能: q
2025-06-20T09:46:49.220554+0800 - INFO - 弓箭手-奇美拉 找到可用技能: q
2025-06-20T09:46:49.220554+0800 - INFO - q
2025-06-20T09:46:49.224105+0800 - INFO - 已释放技能列表: ['q', 'w', 'e', 'r', 't']
2025-06-20T09:46:49.224105+0800 - INFO - 第一排技能 - 检查技能: q
2025-06-20T09:46:49.225654+0800 - INFO - 弓箭手-奇美拉 找到可用技能: q
2025-06-20T09:46:49.225654+0800 - INFO - q
2025-06-20T09:46:49.229163+0800 - INFO - 已释放技能列表: ['q', 'w', 'e', 'r', 't']
2025-06-20T09:46:49.229662+0800 - INFO - 第一排技能 - 检查技能: q
2025-06-20T09:46:49.230665+0800 - INFO - 弓箭手-奇美拉 找到可用技能: q
2025-06-20T09:46:49.230665+0800 - INFO - q
2025-06-20T09:46:49.234189+0800 - INFO - 已释放技能列表: ['q', 'w', 'e', 'r', 't']
2025-06-20T09:46:49.235198+0800 - INFO - 第一排技能 - 检查技能: q
2025-06-20T09:46:49.235774+0800 - INFO - 弓箭手-奇美拉 找到可用技能: q
2025-06-20T09:46:49.236286+0800 - INFO - q
2025-06-20T09:46:49.239322+0800 - INFO - 已释放技能列表: ['q', 'w', 'e', 'r', 't']
2025-06-20T09:46:49.240320+0800 - INFO - 第一排技能 - 检查技能: q
2025-06-20T09:46:49.240819+0800 - INFO - 弓箭手-奇美拉 找到可用技能: q
2025-06-20T09:46:49.240819+0800 - INFO - q
2025-06-20T09:46:49.245919+0800 - INFO - 已释放技能列表: ['q', 'w', 'e', 'r', 't']
2025-06-20T09:46:49.246430+0800 - INFO - 第一排技能 - 检查技能: q
2025-06-20T09:46:49.247952+0800 - INFO - 弓箭手-奇美拉 找到可用技能: q
2025-06-20T09:46:49.247952+0800 - INFO - q
2025-06-20T09:46:49.252011+0800 - INFO - 已释放技能列表: ['q', 'w', 'e', 'r', 't']
2025-06-20T09:46:49.252509+0800 - INFO - 第一排技能 - 检查技能: q
2025-06-20T09:46:49.253506+0800 - INFO - 弓箭手-奇美拉 找到可用技能: q
2025-06-20T09:46:49.253506+0800 - INFO - q
2025-06-20T09:46:49.257656+0800 - INFO - 已释放技能列表: ['q', 'w', 'e', 'r', 't']
2025-06-20T09:46:49.258737+0800 - INFO - 第一排技能 - 检查技能: q
2025-06-20T09:46:49.259740+0800 - INFO - 弓箭手-奇美拉 找到可用技能: q
2025-06-20T09:46:49.259740+0800 - INFO - q
2025-06-20T09:46:49.263770+0800 - INFO - 已释放技能列表: ['q', 'w', 'e', 'r', 't']
2025-06-20T09:46:49.263770+0800 - INFO - 第一排技能 - 检查技能: q
2025-06-20T09:46:49.264771+0800 - INFO - 弓箭手-奇美拉 找到可用技能: q
2025-06-20T09:46:49.264771+0800 - INFO - q
2025-06-20T09:46:49.269144+0800 - INFO - 已释放技能列表: ['q', 'w', 'e', 'r', 't']
2025-06-20T09:46:49.269643+0800 - INFO - 第一排技能 - 检查技能: q
2025-06-20T09:46:49.270142+0800 - INFO - 弓箭手-奇美拉 找到可用技能: q
2025-06-20T09:46:49.270142+0800 - INFO - q
2025-06-20T09:46:49.274725+0800 - INFO - 已释放技能列表: ['q', 'w', 'e', 'r', 't']
2025-06-20T09:46:49.274725+0800 - INFO - 第一排技能 - 检查技能: q
2025-06-20T09:46:49.276265+0800 - INFO - 弓箭手-奇美拉 找到可用技能: q
2025-06-20T09:46:49.276265+0800 - INFO - q
2025-06-20T09:46:49.279827+0800 - INFO - 已释放技能列表: ['q', 'w', 'e', 'r', 't']
2025-06-20T09:46:49.280326+0800 - INFO - 第一排技能 - 检查技能: q
2025-06-20T09:46:49.281324+0800 - INFO - 弓箭手-奇美拉 找到可用技能: q
2025-06-20T09:46:49.281324+0800 - INFO - q
2025-06-20T09:46:49.284818+0800 - INFO - 已释放技能列表: ['q', 'w', 'e', 'r', 't']
2025-06-20T09:46:49.284818+0800 - INFO - 第一排技能 - 检查技能: q
2025-06-20T09:46:49.285822+0800 - INFO - 弓箭手-奇美拉 找到可用技能: q
2025-06-20T09:46:49.286352+0800 - INFO - q
2025-06-20T09:46:49.289367+0800 - INFO - 已释放技能列表: ['q', 'w', 'e', 'r', 't']
2025-06-20T09:46:49.289866+0800 - INFO - 第一排技能 - 检查技能: q
2025-06-20T09:46:49.290365+0800 - INFO - 弓箭手-奇美拉 找到可用技能: q
2025-06-20T09:46:49.290365+0800 - INFO - q
2025-06-20T09:46:49.295937+0800 - INFO - 已释放技能列表: ['q', 'w', 'e', 'r', 't']
2025-06-20T09:46:49.296485+0800 - INFO - 第一排技能 - 检查技能: q
2025-06-20T09:46:49.297488+0800 - INFO - 弓箭手-奇美拉 找到可用技能: q
2025-06-20T09:46:49.298007+0800 - INFO - q
2025-06-20T09:46:49.300547+0800 - INFO - 已释放技能列表: ['q', 'w', 'e', 'r', 't']
2025-06-20T09:46:49.301557+0800 - INFO - 第一排技能 - 检查技能: q
2025-06-20T09:46:49.301557+0800 - INFO - 弓箭手-奇美拉 找到可用技能: q
2025-06-20T09:46:49.302599+0800 - INFO - q
2025-06-20T09:46:49.306179+0800 - INFO - 已释放技能列表: ['q', 'w', 'e', 'r', 't']
2025-06-20T09:46:49.306179+0800 - INFO - 第一排技能 - 检查技能: q
2025-06-20T09:46:49.306676+0800 - INFO - 弓箭手-奇美拉 找到可用技能: q
2025-06-20T09:46:49.307655+0800 - INFO - q
2025-06-20T09:46:49.311715+0800 - INFO - 已释放技能列表: ['q', 'w', 'e', 'r', 't']
2025-06-20T09:46:49.312263+0800 - INFO - 第一排技能 - 检查技能: q
2025-06-20T09:46:49.313262+0800 - INFO - 弓箭手-奇美拉 找到可用技能: q
2025-06-20T09:46:49.313262+0800 - INFO - q
2025-06-20T09:46:49.317295+0800 - INFO - 已释放技能列表: ['q', 'w', 'e', 'r', 't']
2025-06-20T09:46:49.317295+0800 - INFO - 第一排技能 - 检查技能: q
2025-06-20T09:46:49.318292+0800 - INFO - 弓箭手-奇美拉 找到可用技能: q
2025-06-20T09:46:49.318292+0800 - INFO - q
2025-06-20T09:46:49.322356+0800 - INFO - 已释放技能列表: ['q', 'w', 'e', 'r', 't']
2025-06-20T09:46:49.322356+0800 - INFO - 第一排技能 - 检查技能: q
2025-06-20T09:46:49.323354+0800 - INFO - 弓箭手-奇美拉 找到可用技能: q
2025-06-20T09:46:49.323354+0800 - INFO - q
2025-06-20T09:46:49.327439+0800 - INFO - 已释放技能列表: ['q', 'w', 'e', 'r', 't']
2025-06-20T09:46:49.327439+0800 - INFO - 第一排技能 - 检查技能: q
2025-06-20T09:46:49.328439+0800 - INFO - 弓箭手-奇美拉 找到可用技能: q
2025-06-20T09:46:49.328939+0800 - INFO - q
2025-06-20T09:46:49.332497+0800 - INFO - 已释放技能列表: ['q', 'w', 'e', 'r', 't']
2025-06-20T09:46:49.332996+0800 - INFO - 第一排技能 - 检查技能: q
2025-06-20T09:46:49.333496+0800 - INFO - 弓箭手-奇美拉 找到可用技能: q
2025-06-20T09:46:49.333994+0800 - INFO - q
2025-06-20T09:46:49.338093+0800 - INFO - 已释放技能列表: ['q', 'w', 'e', 'r', 't']
2025-06-20T09:46:49.338093+0800 - INFO - 第一排技能 - 检查技能: q
2025-06-20T09:46:49.339093+0800 - INFO - 弓箭手-奇美拉 找到可用技能: q
2025-06-20T09:46:49.339592+0800 - INFO - q
2025-06-20T09:46:49.343199+0800 - INFO - 已释放技能列表: ['q', 'w', 'e', 'r', 't']
2025-06-20T09:46:49.343697+0800 - INFO - 第一排技能 - 检查技能: q
2025-06-20T09:46:49.344697+0800 - INFO - 弓箭手-奇美拉 找到可用技能: q
2025-06-20T09:46:49.344697+0800 - INFO - q
2025-06-20T09:46:49.349314+0800 - INFO - 已释放技能列表: ['q', 'w', 'e', 'r', 't']
2025-06-20T09:46:49.349812+0800 - INFO - 第一排技能 - 检查技能: q
2025-06-20T09:46:49.350311+0800 - INFO - 弓箭手-奇美拉 找到可用技能: q
2025-06-20T09:46:49.350810+0800 - INFO - q
2025-06-20T09:46:49.353851+0800 - INFO - 已释放技能列表: ['q', 'w', 'e', 'r', 't']
2025-06-20T09:46:49.354350+0800 - INFO - 第一排技能 - 检查技能: q
2025-06-20T09:46:49.354852+0800 - INFO - 弓箭手-奇美拉 找到可用技能: q
2025-06-20T09:46:49.354852+0800 - INFO - q
2025-06-20T09:46:49.359438+0800 - INFO - 已释放技能列表: ['q', 'w', 'e', 'r', 't']
2025-06-20T09:46:49.359937+0800 - INFO - 第一排技能 - 检查技能: q
2025-06-20T09:46:49.360437+0800 - INFO - 弓箭手-奇美拉 找到可用技能: q
2025-06-20T09:46:49.360437+0800 - INFO - q
2025-06-20T09:46:49.364082+0800 - INFO - 已释放技能列表: ['q', 'w', 'e', 'r', 't']
2025-06-20T09:46:49.364581+0800 - INFO - 第一排技能 - 检查技能: q
2025-06-20T09:46:49.365584+0800 - INFO - 弓箭手-奇美拉 找到可用技能: q
2025-06-20T09:46:49.365584+0800 - INFO - q
2025-06-20T09:46:49.369634+0800 - INFO - 已释放技能列表: ['q', 'w', 'e', 'r', 't']
2025-06-20T09:46:49.369634+0800 - INFO - 第一排技能 - 检查技能: q
2025-06-20T09:46:49.370629+0800 - INFO - 弓箭手-奇美拉 找到可用技能: q
2025-06-20T09:46:49.370629+0800 - INFO - q
2025-06-20T09:46:49.374236+0800 - INFO - 已释放技能列表: ['q', 'w', 'e', 'r', 't']
2025-06-20T09:46:49.374733+0800 - INFO - 第一排技能 - 检查技能: q
2025-06-20T09:46:49.375737+0800 - INFO - 弓箭手-奇美拉 找到可用技能: q
2025-06-20T09:46:49.375737+0800 - INFO - q
2025-06-20T09:46:49.379306+0800 - INFO - 已释放技能列表: ['q', 'w', 'e', 'r', 't']
2025-06-20T09:46:49.379802+0800 - INFO - 第一排技能 - 检查技能: q
2025-06-20T09:46:49.380800+0800 - INFO - 弓箭手-奇美拉 找到可用技能: q
2025-06-20T09:46:49.380800+0800 - INFO - q
2025-06-20T09:46:49.384845+0800 - INFO - 已释放技能列表: ['q', 'w', 'e', 'r', 't']
2025-06-20T09:46:49.384845+0800 - INFO - 第一排技能 - 检查技能: q
2025-06-20T09:46:49.385905+0800 - INFO - 弓箭手-奇美拉 找到可用技能: q
2025-06-20T09:46:49.386407+0800 - INFO - q
2025-06-20T09:46:49.389938+0800 - INFO - 已释放技能列表: ['q', 'w', 'e', 'r', 't']
2025-06-20T09:46:49.390437+0800 - INFO - 第一排技能 - 检查技能: q
2025-06-20T09:46:49.391435+0800 - INFO - 弓箭手-奇美拉 找到可用技能: q
2025-06-20T09:46:49.391435+0800 - INFO - q
2025-06-20T09:46:49.395540+0800 - INFO - 已释放技能列表: ['q', 'w', 'e', 'r', 't']
2025-06-20T09:46:49.396079+0800 - INFO - 第一排技能 - 检查技能: q
2025-06-20T09:46:49.396578+0800 - INFO - 弓箭手-奇美拉 找到可用技能: q
2025-06-20T09:46:49.396578+0800 - INFO - q
2025-06-20T09:46:49.400604+0800 - INFO - 已释放技能列表: ['q', 'w', 'e', 'r', 't']
2025-06-20T09:46:49.401103+0800 - INFO - 第一排技能 - 检查技能: q
2025-06-20T09:46:49.401602+0800 - INFO - 弓箭手-奇美拉 找到可用技能: q
2025-06-20T09:46:49.401602+0800 - INFO - q
2025-06-20T09:46:49.406251+0800 - INFO - 已释放技能列表: ['q', 'w', 'e', 'r', 't']
2025-06-20T09:46:49.406251+0800 - INFO - 第一排技能 - 检查技能: q
2025-06-20T09:46:49.407248+0800 - INFO - 弓箭手-奇美拉 找到可用技能: q
2025-06-20T09:46:49.407248+0800 - INFO - q
2025-06-20T09:46:49.411245+0800 - INFO - 已释放技能列表: ['q', 'w', 'e', 'r', 't']
2025-06-20T09:46:49.411245+0800 - INFO - 第一排技能 - 检查技能: q
2025-06-20T09:46:49.412369+0800 - INFO - 弓箭手-奇美拉 找到可用技能: q
2025-06-20T09:46:49.412369+0800 - INFO - q
2025-06-20T09:46:49.416979+0800 - INFO - 已释放技能列表: ['q', 'w', 'e', 'r', 't']
2025-06-20T09:46:49.417481+0800 - INFO - 第一排技能 - 检查技能: q
2025-06-20T09:46:49.417980+0800 - INFO - 弓箭手-奇美拉 找到可用技能: q
2025-06-20T09:46:49.418480+0800 - INFO - q
2025-06-20T09:46:49.423604+0800 - INFO - 已释放技能列表: ['q', 'w', 'e', 'r', 't']
2025-06-20T09:46:49.424107+0800 - INFO - 第一排技能 - 检查技能: q
2025-06-20T09:46:49.424605+0800 - INFO - 弓箭手-奇美拉 找到可用技能: q
2025-06-20T09:46:49.424605+0800 - INFO - q
2025-06-20T09:46:49.429709+0800 - INFO - 已释放技能列表: ['q', 'w', 'e', 'r', 't']
2025-06-20T09:46:49.430217+0800 - INFO - 第一排技能 - 检查技能: q
2025-06-20T09:46:49.431207+0800 - INFO - 弓箭手-奇美拉 找到可用技能: q
2025-06-20T09:46:49.431707+0800 - INFO - q
2025-06-20T09:46:49.436271+0800 - INFO - 已释放技能列表: ['q', 'w', 'e', 'r', 't']
2025-06-20T09:46:49.436771+0800 - INFO - 第一排技能 - 检查技能: q
2025-06-20T09:46:49.437769+0800 - INFO - 弓箭手-奇美拉 找到可用技能: q
2025-06-20T09:46:49.437769+0800 - INFO - q
2025-06-20T09:46:49.443385+0800 - INFO - 已释放技能列表: ['q', 'w', 'e', 'r', 't']
2025-06-20T09:46:49.444455+0800 - INFO - 第一排技能 - 检查技能: q
2025-06-20T09:46:49.444958+0800 - INFO - 弓箭手-奇美拉 找到可用技能: q
2025-06-20T09:46:49.444958+0800 - INFO - q
2025-06-20T09:46:49.450028+0800 - INFO - 已释放技能列表: ['q', 'w', 'e', 'r', 't']
2025-06-20T09:46:49.450527+0800 - INFO - 第一排技能 - 检查技能: q
2025-06-20T09:46:49.451525+0800 - INFO - 弓箭手-奇美拉 找到可用技能: q
2025-06-20T09:46:49.451525+0800 - INFO - q
2025-06-20T09:46:49.456133+0800 - INFO - 已释放技能列表: ['q', 'w', 'e', 'r', 't']
2025-06-20T09:46:49.456632+0800 - INFO - 第一排技能 - 检查技能: q
2025-06-20T09:46:49.457636+0800 - INFO - 弓箭手-奇美拉 找到可用技能: q
2025-06-20T09:46:49.458180+0800 - INFO - q
2025-06-20T09:46:49.462669+0800 - INFO - 已释放技能列表: ['q', 'w', 'e', 'r', 't']
2025-06-20T09:46:49.462669+0800 - INFO - 第一排技能 - 检查技能: q
2025-06-20T09:46:49.463169+0800 - INFO - 弓箭手-奇美拉 找到可用技能: q
2025-06-20T09:46:49.464172+0800 - INFO - q
2025-06-20T09:46:49.468293+0800 - INFO - 已释放技能列表: ['q', 'w', 'e', 'r', 't']
2025-06-20T09:46:49.468293+0800 - INFO - 第一排技能 - 检查技能: q
2025-06-20T09:46:49.469792+0800 - INFO - 弓箭手-奇美拉 找到可用技能: q
2025-06-20T09:46:49.469792+0800 - INFO - q
2025-06-20T09:46:49.473311+0800 - INFO - 已释放技能列表: ['q', 'w', 'e', 'r', 't']
2025-06-20T09:46:49.474314+0800 - INFO - 第一排技能 - 检查技能: q
2025-06-20T09:46:49.474837+0800 - INFO - 弓箭手-奇美拉 找到可用技能: q
2025-06-20T09:46:49.474837+0800 - INFO - q
2025-06-20T09:46:49.479915+0800 - INFO - 已释放技能列表: ['q', 'w', 'e', 'r', 't']
2025-06-20T09:46:49.479915+0800 - INFO - 第一排技能 - 检查技能: q
2025-06-20T09:46:49.480912+0800 - INFO - 弓箭手-奇美拉 找到可用技能: q
2025-06-20T09:46:49.481412+0800 - INFO - q
2025-06-20T09:46:49.484406+0800 - INFO - 已释放技能列表: ['q', 'w', 'e', 'r', 't']
2025-06-20T09:46:49.484406+0800 - INFO - 第一排技能 - 检查技能: q
2025-06-20T09:46:49.485999+0800 - INFO - 弓箭手-奇美拉 找到可用技能: q
2025-06-20T09:46:49.486512+0800 - INFO - q
2025-06-20T09:46:49.490034+0800 - INFO - 已释放技能列表: ['q', 'w', 'e', 'r', 't']
2025-06-20T09:46:49.490533+0800 - INFO - 第一排技能 - 检查技能: q
2025-06-20T09:46:49.491035+0800 - INFO - 弓箭手-奇美拉 找到可用技能: q
2025-06-20T09:46:49.491532+0800 - INFO - q
2025-06-20T09:46:49.495726+0800 - INFO - 已释放技能列表: ['q', 'w', 'e', 'r', 't']
2025-06-20T09:46:49.496235+0800 - INFO - 第一排技能 - 检查技能: q
2025-06-20T09:46:49.496734+0800 - INFO - 弓箭手-奇美拉 找到可用技能: q
2025-06-20T09:46:49.496734+0800 - INFO - q
2025-06-20T09:46:49.500761+0800 - INFO - 已释放技能列表: ['q', 'w', 'e', 'r', 't']
2025-06-20T09:46:49.501259+0800 - INFO - 第一排技能 - 检查技能: q
2025-06-20T09:46:49.502256+0800 - INFO - 弓箭手-奇美拉 找到可用技能: q
2025-06-20T09:46:49.502256+0800 - INFO - q
2025-06-20T09:46:49.506379+0800 - INFO - 已释放技能列表: ['q', 'w', 'e', 'r', 't']
2025-06-20T09:46:49.506892+0800 - INFO - 第一排技能 - 检查技能: q
2025-06-20T09:46:49.507391+0800 - INFO - 弓箭手-奇美拉 找到可用技能: q
2025-06-20T09:46:49.507892+0800 - INFO - q
2025-06-20T09:46:49.511391+0800 - INFO - 已释放技能列表: ['q', 'w', 'e', 'r', 't']
2025-06-20T09:46:49.511890+0800 - INFO - 第一排技能 - 检查技能: q
2025-06-20T09:46:49.512888+0800 - INFO - 弓箭手-奇美拉 找到可用技能: q
2025-06-20T09:46:49.512888+0800 - INFO - q
2025-06-20T09:46:49.517001+0800 - INFO - 已释放技能列表: ['q', 'w', 'e', 'r', 't']
2025-06-20T09:46:49.517501+0800 - INFO - 第一排技能 - 检查技能: q
2025-06-20T09:46:49.518002+0800 - INFO - 弓箭手-奇美拉 找到可用技能: q
2025-06-20T09:46:49.518501+0800 - INFO - q
2025-06-20T09:46:49.521495+0800 - INFO - 已释放技能列表: ['q', 'w', 'e', 'r', 't']
2025-06-20T09:46:49.522499+0800 - INFO - 第一排技能 - 检查技能: q
2025-06-20T09:46:49.523526+0800 - INFO - 弓箭手-奇美拉 找到可用技能: q
2025-06-20T09:46:49.523526+0800 - INFO - q
2025-06-20T09:46:49.527684+0800 - INFO - 已释放技能列表: ['q', 'w', 'e', 'r', 't']
2025-06-20T09:46:49.528183+0800 - INFO - 第一排技能 - 检查技能: q
2025-06-20T09:46:49.529181+0800 - INFO - 弓箭手-奇美拉 找到可用技能: q
2025-06-20T09:46:49.529181+0800 - INFO - q
2025-06-20T09:46:49.533210+0800 - INFO - 已释放技能列表: ['q', 'w', 'e', 'r', 't']
2025-06-20T09:46:49.533708+0800 - INFO - 第一排技能 - 检查技能: q
2025-06-20T09:46:49.534207+0800 - INFO - 弓箭手-奇美拉 找到可用技能: q
2025-06-20T09:46:49.534207+0800 - INFO - q
2025-06-20T09:46:49.538298+0800 - INFO - 已释放技能列表: ['q', 'w', 'e', 'r', 't']
2025-06-20T09:46:49.538797+0800 - INFO - 第一排技能 - 检查技能: q
2025-06-20T09:46:49.539297+0800 - INFO - 弓箭手-奇美拉 找到可用技能: q
2025-06-20T09:46:49.539297+0800 - INFO - q
2025-06-20T09:46:49.543346+0800 - INFO - 已释放技能列表: ['q', 'w', 'e', 'r', 't']
2025-06-20T09:46:49.543346+0800 - INFO - 第一排技能 - 检查技能: q
2025-06-20T09:46:49.544387+0800 - INFO - 弓箭手-奇美拉 找到可用技能: q
2025-06-20T09:46:49.544387+0800 - INFO - q
2025-06-20T09:46:49.548522+0800 - INFO - 已释放技能列表: ['q', 'w', 'e', 'r', 't']
2025-06-20T09:46:49.548522+0800 - INFO - 第一排技能 - 检查技能: q
2025-06-20T09:46:49.549522+0800 - INFO - 弓箭手-奇美拉 找到可用技能: q
2025-06-20T09:46:49.550020+0800 - INFO - q
2025-06-20T09:46:49.554012+0800 - INFO - 已释放技能列表: ['q', 'w', 'e', 'r', 't']
2025-06-20T09:46:49.554511+0800 - INFO - 第一排技能 - 检查技能: q
2025-06-20T09:46:49.555517+0800 - INFO - 弓箭手-奇美拉 找到可用技能: q
2025-06-20T09:46:49.555517+0800 - INFO - q
2025-06-20T09:46:49.559115+0800 - INFO - 已释放技能列表: ['q', 'w', 'e', 'r', 't']
2025-06-20T09:46:49.559614+0800 - INFO - 第一排技能 - 检查技能: q
2025-06-20T09:46:49.560612+0800 - INFO - 弓箭手-奇美拉 找到可用技能: q
2025-06-20T09:46:49.560612+0800 - INFO - q
2025-06-20T09:46:49.564605+0800 - INFO - 已释放技能列表: ['q', 'w', 'e', 'r', 't']
2025-06-20T09:46:49.565609+0800 - INFO - 第一排技能 - 检查技能: q
2025-06-20T09:46:49.566650+0800 - INFO - 弓箭手-奇美拉 找到可用技能: q
2025-06-20T09:46:49.566650+0800 - INFO - q
2025-06-20T09:46:49.570212+0800 - INFO - 已释放技能列表: ['q', 'w', 'e', 'r', 't']
2025-06-20T09:46:49.570711+0800 - INFO - 第一排技能 - 检查技能: q
2025-06-20T09:46:49.571210+0800 - INFO - 弓箭手-奇美拉 找到可用技能: q
2025-06-20T09:46:49.571709+0800 - INFO - q
2025-06-20T09:46:49.576051+0800 - INFO - 已释放技能列表: ['q', 'w', 'e', 'r', 't']
2025-06-20T09:46:49.576051+0800 - INFO - 第一排技能 - 检查技能: q
2025-06-20T09:46:49.577593+0800 - INFO - 弓箭手-奇美拉 找到可用技能: q
2025-06-20T09:46:49.578092+0800 - INFO - q
2025-06-20T09:46:49.582151+0800 - INFO - 已释放技能列表: ['q', 'w', 'e', 'r', 't']
2025-06-20T09:46:49.582650+0800 - INFO - 第一排技能 - 检查技能: q
2025-06-20T09:46:49.583648+0800 - INFO - 弓箭手-奇美拉 找到可用技能: q
2025-06-20T09:46:49.583648+0800 - INFO - q
2025-06-20T09:46:49.588194+0800 - INFO - 已释放技能列表: ['q', 'w', 'e', 'r', 't']
2025-06-20T09:46:49.588736+0800 - INFO - 第一排技能 - 检查技能: q
2025-06-20T09:46:49.589234+0800 - INFO - 弓箭手-奇美拉 找到可用技能: q
2025-06-20T09:46:49.589733+0800 - INFO - q
2025-06-20T09:46:49.592778+0800 - INFO - 已释放技能列表: ['q', 'w', 'e', 'r', 't']
2025-06-20T09:46:49.593999+0800 - INFO - 第一排技能 - 检查技能: q
2025-06-20T09:46:49.594502+0800 - INFO - 弓箭手-奇美拉 找到可用技能: q
2025-06-20T09:46:49.595505+0800 - INFO - q
2025-06-20T09:46:49.599078+0800 - INFO - 已释放技能列表: ['q', 'w', 'e', 'r', 't']
2025-06-20T09:46:49.599577+0800 - INFO - 第一排技能 - 检查技能: q
2025-06-20T09:46:49.600575+0800 - INFO - 弓箭手-奇美拉 找到可用技能: q
2025-06-20T09:46:49.600575+0800 - INFO - q
2025-06-20T09:46:49.604072+0800 - INFO - 已释放技能列表: ['q', 'w', 'e', 'r', 't']
2025-06-20T09:46:49.604153+0800 - INFO - 第一排技能 - 检查技能: q
2025-06-20T09:46:49.604656+0800 - INFO - 弓箭手-奇美拉 找到可用技能: q
2025-06-20T09:46:49.604656+0800 - INFO - q
2025-06-20T09:46:49.610292+0800 - INFO - 已释放技能列表: ['q', 'w', 'e', 'r', 't']
2025-06-20T09:46:49.610789+0800 - INFO - 第一排技能 - 检查技能: q
2025-06-20T09:46:49.611788+0800 - INFO - 弓箭手-奇美拉 找到可用技能: q
2025-06-20T09:46:49.612287+0800 - INFO - q
2025-06-20T09:46:49.615786+0800 - INFO - 已释放技能列表: ['q', 'w', 'e', 'r', 't']
2025-06-20T09:46:49.615786+0800 - INFO - 第一排技能 - 检查技能: q
2025-06-20T09:46:49.617367+0800 - INFO - 弓箭手-奇美拉 找到可用技能: q
2025-06-20T09:46:49.617367+0800 - INFO - q
2025-06-20T09:46:49.621362+0800 - INFO - 已释放技能列表: ['q', 'w', 'e', 'r', 't']
2025-06-20T09:46:49.621861+0800 - INFO - 第一排技能 - 检查技能: q
2025-06-20T09:46:49.622926+0800 - INFO - 弓箭手-奇美拉 找到可用技能: q
2025-06-20T09:46:49.622926+0800 - INFO - q
2025-06-20T09:46:49.628010+0800 - INFO - 已释放技能列表: ['q', 'w', 'e', 'r', 't']
2025-06-20T09:46:49.628010+0800 - INFO - 第一排技能 - 检查技能: q
2025-06-20T09:46:49.629545+0800 - INFO - 弓箭手-奇美拉 找到可用技能: q
2025-06-20T09:46:49.629545+0800 - INFO - q
2025-06-20T09:46:49.633076+0800 - INFO - 已释放技能列表: ['q', 'w', 'e', 'r', 't']
2025-06-20T09:46:49.633575+0800 - INFO - 第一排技能 - 检查技能: q
2025-06-20T09:46:49.634074+0800 - INFO - 弓箭手-奇美拉 找到可用技能: q
2025-06-20T09:46:49.634573+0800 - INFO - q
2025-06-20T09:46:49.638181+0800 - INFO - 已释放技能列表: ['q', 'w', 'e', 'r', 't']
2025-06-20T09:46:49.638680+0800 - INFO - 第一排技能 - 检查技能: q
2025-06-20T09:46:49.639179+0800 - INFO - 弓箭手-奇美拉 找到可用技能: q
2025-06-20T09:46:49.639678+0800 - INFO - q
2025-06-20T09:46:49.644798+0800 - INFO - 已释放技能列表: ['q', 'w', 'e', 'r', 't']
2025-06-20T09:46:49.644798+0800 - INFO - 第一排技能 - 检查技能: q
2025-06-20T09:46:49.646341+0800 - INFO - 弓箭手-奇美拉 找到可用技能: q
2025-06-20T09:46:49.646341+0800 - INFO - q
2025-06-20T09:46:49.651434+0800 - INFO - 已释放技能列表: ['q', 'w', 'e', 'r', 't']
2025-06-20T09:46:49.651937+0800 - INFO - 第一排技能 - 检查技能: q
2025-06-20T09:46:49.652931+0800 - INFO - 弓箭手-奇美拉 找到可用技能: q
2025-06-20T09:46:49.652931+0800 - INFO - q
2025-06-20T09:46:49.656456+0800 - INFO - 已释放技能列表: ['q', 'w', 'e', 'r', 't']
2025-06-20T09:46:49.657460+0800 - INFO - 第一排技能 - 检查技能: q
2025-06-20T09:46:49.658503+0800 - INFO - 弓箭手-奇美拉 找到可用技能: q
2025-06-20T09:46:49.659043+0800 - INFO - q
2025-06-20T09:46:49.663038+0800 - INFO - 已释放技能列表: ['q', 'w', 'e', 'r', 't']
2025-06-20T09:46:49.663536+0800 - INFO - 第一排技能 - 检查技能: q
2025-06-20T09:46:49.664535+0800 - INFO - 弓箭手-奇美拉 找到可用技能: q
2025-06-20T09:46:49.664535+0800 - INFO - q
2025-06-20T09:46:49.668681+0800 - INFO - 已释放技能列表: ['q', 'w', 'e', 'r', 't']
2025-06-20T09:46:49.669180+0800 - INFO - 第一排技能 - 检查技能: q
2025-06-20T09:46:49.670184+0800 - INFO - 弓箭手-奇美拉 找到可用技能: q
2025-06-20T09:46:49.670720+0800 - INFO - q
2025-06-20T09:46:49.674262+0800 - INFO - 已释放技能列表: ['q', 'w', 'e', 'r', 't']
2025-06-20T09:46:49.674759+0800 - INFO - 第一排技能 - 检查技能: q
2025-06-20T09:46:49.675764+0800 - INFO - 弓箭手-奇美拉 找到可用技能: q
2025-06-20T09:46:49.675858+0800 - INFO - q
2025-06-20T09:46:49.680414+0800 - INFO - 已释放技能列表: ['q', 'w', 'e', 'r', 't']
2025-06-20T09:46:49.680913+0800 - INFO - 第一排技能 - 检查技能: q
2025-06-20T09:46:49.681912+0800 - INFO - 弓箭手-奇美拉 找到可用技能: q
2025-06-20T09:46:49.681912+0800 - INFO - q
2025-06-20T09:46:49.686588+0800 - INFO - 已释放技能列表: ['q', 'w', 'e', 'r', 't']
2025-06-20T09:46:49.687087+0800 - INFO - 第一排技能 - 检查技能: q
2025-06-20T09:46:49.688085+0800 - INFO - 弓箭手-奇美拉 找到可用技能: q
2025-06-20T09:46:49.688085+0800 - INFO - q
2025-06-20T09:46:49.692117+0800 - INFO - 已释放技能列表: ['q', 'w', 'e', 'r', 't']
2025-06-20T09:46:49.692117+0800 - INFO - 第一排技能 - 检查技能: q
2025-06-20T09:46:49.693660+0800 - INFO - 弓箭手-奇美拉 找到可用技能: q
2025-06-20T09:46:49.693660+0800 - INFO - q
2025-06-20T09:46:49.697273+0800 - INFO - 已释放技能列表: ['q', 'w', 'e', 'r', 't']
2025-06-20T09:46:49.697273+0800 - INFO - 第一排技能 - 检查技能: q
2025-06-20T09:46:49.698277+0800 - INFO - 弓箭手-奇美拉 找到可用技能: q
2025-06-20T09:46:49.698828+0800 - INFO - q
2025-06-20T09:46:49.702321+0800 - INFO - 已释放技能列表: ['q', 'w', 'e', 'r', 't']
2025-06-20T09:46:49.702321+0800 - INFO - 第一排技能 - 检查技能: q
2025-06-20T09:46:49.702821+0800 - INFO - 弓箭手-奇美拉 找到可用技能: q
2025-06-20T09:46:49.703319+0800 - INFO - q
2025-06-20T09:46:49.707457+0800 - INFO - 已释放技能列表: ['q', 'w', 'e', 'r', 't']
2025-06-20T09:46:49.707457+0800 - INFO - 第一排技能 - 检查技能: q
2025-06-20T09:46:49.708995+0800 - INFO - 弓箭手-奇美拉 找到可用技能: q
2025-06-20T09:46:49.709494+0800 - INFO - q
2025-06-20T09:46:49.712536+0800 - INFO - 已释放技能列表: ['q', 'w', 'e', 'r', 't']
2025-06-20T09:46:49.713035+0800 - INFO - 第一排技能 - 检查技能: q
2025-06-20T09:46:49.714033+0800 - INFO - 弓箭手-奇美拉 找到可用技能: q
2025-06-20T09:46:49.714033+0800 - INFO - q
2025-06-20T09:46:49.717572+0800 - INFO - 已释放技能列表: ['q', 'w', 'e', 'r', 't']
2025-06-20T09:46:49.717572+0800 - INFO - 第一排技能 - 检查技能: q
2025-06-20T09:46:49.719130+0800 - INFO - 弓箭手-奇美拉 找到可用技能: q
2025-06-20T09:46:49.719130+0800 - INFO - q
2025-06-20T09:46:49.722130+0800 - INFO - 已释放技能列表: ['q', 'w', 'e', 'r', 't']
2025-06-20T09:46:49.722649+0800 - INFO - 第一排技能 - 检查技能: q
2025-06-20T09:46:49.723149+0800 - INFO - 弓箭手-奇美拉 找到可用技能: q
2025-06-20T09:46:49.723648+0800 - INFO - q
2025-06-20T09:46:49.727200+0800 - INFO - 已释放技能列表: ['q', 'w', 'e', 'r', 't']
2025-06-20T09:46:49.727698+0800 - INFO - 第一排技能 - 检查技能: q
2025-06-20T09:46:49.728695+0800 - INFO - 弓箭手-奇美拉 找到可用技能: q
2025-06-20T09:46:49.729194+0800 - INFO - q
2025-06-20T09:46:49.732733+0800 - INFO - 已释放技能列表: ['q', 'w', 'e', 'r', 't']
2025-06-20T09:46:49.733737+0800 - INFO - 第一排技能 - 检查技能: q
2025-06-20T09:46:49.734268+0800 - INFO - 弓箭手-奇美拉 找到可用技能: q
2025-06-20T09:46:49.734767+0800 - INFO - q
2025-06-20T09:46:49.738868+0800 - INFO - 已释放技能列表: ['q', 'w', 'e', 'r', 't']
2025-06-20T09:46:49.739370+0800 - INFO - 第一排技能 - 检查技能: q
2025-06-20T09:46:49.739869+0800 - INFO - 弓箭手-奇美拉 找到可用技能: q
2025-06-20T09:46:49.740369+0800 - INFO - q
2025-06-20T09:46:49.744074+0800 - INFO - 已释放技能列表: ['q', 'w', 'e', 'r', 't']
2025-06-20T09:46:49.744074+0800 - INFO - 第一排技能 - 检查技能: q
2025-06-20T09:46:49.745082+0800 - INFO - 弓箭手-奇美拉 找到可用技能: q
2025-06-20T09:46:49.745632+0800 - INFO - q
2025-06-20T09:46:49.748696+0800 - INFO - 已释放技能列表: ['q', 'w', 'e', 'r', 't']
2025-06-20T09:46:49.749194+0800 - INFO - 第一排技能 - 检查技能: q
2025-06-20T09:46:49.750192+0800 - INFO - 弓箭手-奇美拉 找到可用技能: q
2025-06-20T09:46:49.750192+0800 - INFO - q
2025-06-20T09:46:49.753719+0800 - INFO - 已释放技能列表: ['q', 'w', 'e', 'r', 't']
2025-06-20T09:46:49.753719+0800 - INFO - 第一排技能 - 检查技能: q
2025-06-20T09:46:49.754717+0800 - INFO - 弓箭手-奇美拉 找到可用技能: q
2025-06-20T09:46:49.754717+0800 - INFO - q
2025-06-20T09:46:49.757743+0800 - INFO - 已释放技能列表: ['q', 'w', 'e', 'r', 't']
2025-06-20T09:46:49.758819+0800 - INFO - 第一排技能 - 检查技能: q
2025-06-20T09:46:49.759836+0800 - INFO - 弓箭手-奇美拉 找到可用技能: q
2025-06-20T09:46:49.760336+0800 - INFO - q
2025-06-20T09:46:49.763830+0800 - INFO - 已释放技能列表: ['q', 'w', 'e', 'r', 't']
2025-06-20T09:46:49.764331+0800 - INFO - 第一排技能 - 检查技能: q
2025-06-20T09:46:49.764829+0800 - INFO - 弓箭手-奇美拉 找到可用技能: q
2025-06-20T09:46:49.764829+0800 - INFO - q
2025-06-20T09:46:49.769375+0800 - INFO - 已释放技能列表: ['q', 'w', 'e', 'r', 't']
2025-06-20T09:46:49.769906+0800 - INFO - 第一排技能 - 检查技能: q
2025-06-20T09:46:49.770903+0800 - INFO - 弓箭手-奇美拉 找到可用技能: q
2025-06-20T09:46:49.770903+0800 - INFO - q
2025-06-20T09:46:49.773980+0800 - INFO - 已释放技能列表: ['q', 'w', 'e', 'r', 't']
2025-06-20T09:46:49.774479+0800 - INFO - 第一排技能 - 检查技能: q
2025-06-20T09:46:49.774978+0800 - INFO - 弓箭手-奇美拉 找到可用技能: q
2025-06-20T09:46:49.774978+0800 - INFO - q
2025-06-20T09:46:49.778644+0800 - INFO - 已释放技能列表: ['q', 'w', 'e', 'r', 't']
2025-06-20T09:46:49.779649+0800 - INFO - 第一排技能 - 检查技能: q
2025-06-20T09:46:49.780683+0800 - INFO - 弓箭手-奇美拉 找到可用技能: q
2025-06-20T09:46:49.780683+0800 - INFO - q
2025-06-20T09:46:49.784682+0800 - INFO - 已释放技能列表: ['q', 'w', 'e', 'r', 't']
2025-06-20T09:46:49.784682+0800 - INFO - 第一排技能 - 检查技能: q
2025-06-20T09:46:49.785717+0800 - INFO - 弓箭手-奇美拉 找到可用技能: q
2025-06-20T09:46:49.786245+0800 - INFO - q
2025-06-20T09:46:49.789145+0800 - INFO - 已释放技能列表: ['q', 'w', 'e', 'r', 't']
2025-06-20T09:46:49.789637+0800 - INFO - 第一排技能 - 检查技能: q
2025-06-20T09:46:49.790138+0800 - INFO - 弓箭手-奇美拉 找到可用技能: q
2025-06-20T09:46:49.790637+0800 - INFO - q
2025-06-20T09:46:49.794167+0800 - INFO - 已释放技能列表: ['q', 'w', 'e', 'r', 't']
2025-06-20T09:46:49.794167+0800 - INFO - 第一排技能 - 检查技能: q
2025-06-20T09:46:49.795171+0800 - INFO - 弓箭手-奇美拉 找到可用技能: q
2025-06-20T09:46:49.795720+0800 - INFO - q
2025-06-20T09:46:49.799926+0800 - INFO - 已释放技能列表: ['q', 'w', 'e', 'r', 't']
2025-06-20T09:46:49.800428+0800 - INFO - 第一排技能 - 检查技能: q
2025-06-20T09:46:49.800927+0800 - INFO - 弓箭手-奇美拉 找到可用技能: q
2025-06-20T09:46:49.801429+0800 - INFO - q
2025-06-20T09:46:49.805433+0800 - INFO - 已释放技能列表: ['q', 'w', 'e', 'r', 't']
2025-06-20T09:46:49.805986+0800 - INFO - 第一排技能 - 检查技能: q
2025-06-20T09:46:49.807024+0800 - INFO - 弓箭手-奇美拉 找到可用技能: q
2025-06-20T09:46:49.807524+0800 - INFO - q
2025-06-20T09:46:49.811065+0800 - INFO - 已释放技能列表: ['q', 'w', 'e', 'r', 't']
2025-06-20T09:46:49.811565+0800 - INFO - 第一排技能 - 检查技能: q
2025-06-20T09:46:49.812064+0800 - INFO - 弓箭手-奇美拉 找到可用技能: q
2025-06-20T09:46:49.812064+0800 - INFO - q
2025-06-20T09:46:49.816645+0800 - INFO - 已释放技能列表: ['q', 'w', 'e', 'r', 't']
2025-06-20T09:46:49.817144+0800 - INFO - 第一排技能 - 检查技能: q
2025-06-20T09:46:49.818143+0800 - INFO - 弓箭手-奇美拉 找到可用技能: q
2025-06-20T09:46:49.818143+0800 - INFO - q
2025-06-20T09:46:49.821694+0800 - INFO - 已释放技能列表: ['q', 'w', 'e', 'r', 't']
2025-06-20T09:46:49.822194+0800 - INFO - 第一排技能 - 检查技能: q
2025-06-20T09:46:49.822194+0800 - INFO - 弓箭手-奇美拉 找到可用技能: q
2025-06-20T09:46:49.823201+0800 - INFO - q
2025-06-20T09:46:49.827298+0800 - INFO - 已释放技能列表: ['q', 'w', 'e', 'r', 't']
2025-06-20T09:46:49.827798+0800 - INFO - 第一排技能 - 检查技能: q
2025-06-20T09:46:49.828297+0800 - INFO - 弓箭手-奇美拉 找到可用技能: q
2025-06-20T09:46:49.828796+0800 - INFO - q
2025-06-20T09:46:49.832288+0800 - INFO - 已释放技能列表: ['q', 'w', 'e', 'r', 't']
2025-06-20T09:46:49.832288+0800 - INFO - 第一排技能 - 检查技能: q
2025-06-20T09:46:49.832787+0800 - INFO - 弓箭手-奇美拉 找到可用技能: q
2025-06-20T09:46:49.832787+0800 - INFO - q
2025-06-20T09:46:49.838391+0800 - INFO - 已释放技能列表: ['q', 'w', 'e', 'r', 't']
2025-06-20T09:46:49.838890+0800 - INFO - 第一排技能 - 检查技能: q
2025-06-20T09:46:49.839389+0800 - INFO - 弓箭手-奇美拉 找到可用技能: q
2025-06-20T09:46:49.840459+0800 - INFO - q
2025-06-20T09:46:49.846551+0800 - INFO - 已释放技能列表: ['q', 'w', 'e', 'r', 't']
2025-06-20T09:46:49.847549+0800 - INFO - 第一排技能 - 检查技能: q
2025-06-20T09:46:49.848048+0800 - INFO - 弓箭手-奇美拉 找到可用技能: q
2025-06-20T09:46:49.849052+0800 - INFO - q
2025-06-20T09:46:49.853131+0800 - INFO - 已释放技能列表: ['q', 'w', 'e', 'r', 't']
2025-06-20T09:46:49.853131+0800 - INFO - 第一排技能 - 检查技能: q
2025-06-20T09:46:49.854136+0800 - INFO - 弓箭手-奇美拉 找到可用技能: q
2025-06-20T09:46:49.854663+0800 - INFO - q
2025-06-20T09:46:49.859858+0800 - INFO - 已释放技能列表: ['q', 'w', 'e', 'r', 't']
2025-06-20T09:46:49.859858+0800 - INFO - 第一排技能 - 检查技能: q
2025-06-20T09:46:49.860863+0800 - INFO - 弓箭手-奇美拉 找到可用技能: q
2025-06-20T09:46:49.861496+0800 - INFO - q
2025-06-20T09:46:49.866576+0800 - INFO - 已释放技能列表: ['q', 'w', 'e', 'r', 't']
2025-06-20T09:46:49.867076+0800 - INFO - 第一排技能 - 检查技能: q
2025-06-20T09:46:49.867577+0800 - INFO - 弓箭手-奇美拉 找到可用技能: q
2025-06-20T09:46:49.868076+0800 - INFO - q
2025-06-20T09:46:49.872129+0800 - INFO - 已释放技能列表: ['q', 'w', 'e', 'r', 't']
2025-06-20T09:46:49.872629+0800 - INFO - 第一排技能 - 检查技能: q
2025-06-20T09:46:49.873628+0800 - INFO - 弓箭手-奇美拉 找到可用技能: q
2025-06-20T09:46:49.873628+0800 - INFO - q
2025-06-20T09:46:49.878272+0800 - INFO - 已释放技能列表: ['q', 'w', 'e', 'r', 't']
2025-06-20T09:46:49.878771+0800 - INFO - 第一排技能 - 检查技能: q
2025-06-20T09:46:49.879769+0800 - INFO - 弓箭手-奇美拉 找到可用技能: q
2025-06-20T09:46:49.880269+0800 - INFO - q
2025-06-20T09:46:49.884813+0800 - INFO - 已释放技能列表: ['q', 'w', 'e', 'r', 't']
2025-06-20T09:46:49.884813+0800 - INFO - 第一排技能 - 检查技能: q
2025-06-20T09:46:49.885817+0800 - INFO - 弓箭手-奇美拉 找到可用技能: q
2025-06-20T09:46:49.885817+0800 - INFO - q
2025-06-20T09:46:49.890870+0800 - INFO - 已释放技能列表: ['q', 'w', 'e', 'r', 't']
2025-06-20T09:46:49.891370+0800 - INFO - 第一排技能 - 检查技能: q
2025-06-20T09:46:49.892364+0800 - INFO - 弓箭手-奇美拉 找到可用技能: q
2025-06-20T09:46:49.892862+0800 - INFO - q
2025-06-20T09:46:49.895902+0800 - INFO - 已释放技能列表: ['q', 'w', 'e', 'r', 't']
2025-06-20T09:46:49.896926+0800 - INFO - 第一排技能 - 检查技能: q
2025-06-20T09:46:49.897456+0800 - INFO - 弓箭手-奇美拉 找到可用技能: q
2025-06-20T09:46:49.897456+0800 - INFO - q
2025-06-20T09:46:49.903052+0800 - INFO - 已释放技能列表: ['q', 'w', 'e', 'r', 't']
2025-06-20T09:46:49.903052+0800 - INFO - 第一排技能 - 检查技能: q
2025-06-20T09:46:49.904049+0800 - INFO - 弓箭手-奇美拉 找到可用技能: q
2025-06-20T09:46:49.904549+0800 - INFO - q
2025-06-20T09:46:49.908128+0800 - INFO - 已释放技能列表: ['q', 'w', 'e', 'r', 't']
2025-06-20T09:46:49.908628+0800 - INFO - 第一排技能 - 检查技能: q
2025-06-20T09:46:49.909627+0800 - INFO - 弓箭手-奇美拉 找到可用技能: q
2025-06-20T09:46:49.910126+0800 - INFO - q
2025-06-20T09:46:49.914235+0800 - INFO - 已释放技能列表: ['q', 'w', 'e', 'r', 't']
2025-06-20T09:46:49.914733+0800 - INFO - 第一排技能 - 检查技能: q
2025-06-20T09:46:49.915742+0800 - INFO - 弓箭手-奇美拉 找到可用技能: q
2025-06-20T09:46:49.915796+0800 - INFO - q
2025-06-20T09:46:49.919799+0800 - INFO - 已释放技能列表: ['q', 'w', 'e', 'r', 't']
2025-06-20T09:46:49.920299+0800 - INFO - 第一排技能 - 检查技能: q
2025-06-20T09:46:49.920797+0800 - INFO - 弓箭手-奇美拉 找到可用技能: q
2025-06-20T09:46:49.921802+0800 - INFO - q
2025-06-20T09:46:49.924855+0800 - INFO - 已释放技能列表: ['q', 'w', 'e', 'r', 't']
2025-06-20T09:46:49.924855+0800 - INFO - 第一排技能 - 检查技能: q
2025-06-20T09:46:49.925926+0800 - INFO - 弓箭手-奇美拉 找到可用技能: q
2025-06-20T09:46:49.926428+0800 - INFO - q
2025-06-20T09:46:49.930676+0800 - INFO - 已释放技能列表: ['q', 'w', 'e', 'r', 't']
2025-06-20T09:46:49.930676+0800 - INFO - 第一排技能 - 检查技能: q
2025-06-20T09:46:49.931674+0800 - INFO - 弓箭手-奇美拉 找到可用技能: q
2025-06-20T09:46:49.931674+0800 - INFO - q
2025-06-20T09:46:49.935672+0800 - INFO - 已释放技能列表: ['q', 'w', 'e', 'r', 't']
2025-06-20T09:46:49.936212+0800 - INFO - 第一排技能 - 检查技能: q
2025-06-20T09:46:49.936742+0800 - INFO - 弓箭手-奇美拉 找到可用技能: q
2025-06-20T09:46:49.936742+0800 - INFO - q
2025-06-20T09:46:49.940770+0800 - INFO - 已释放技能列表: ['q', 'w', 'e', 'r', 't']
2025-06-20T09:46:49.941269+0800 - INFO - 第一排技能 - 检查技能: q
2025-06-20T09:46:49.941269+0800 - INFO - 弓箭手-奇美拉 找到可用技能: q
2025-06-20T09:46:49.942274+0800 - INFO - q
2025-06-20T09:46:49.945846+0800 - INFO - 已释放技能列表: ['q', 'w', 'e', 'r', 't']
2025-06-20T09:46:49.946378+0800 - INFO - 第一排技能 - 检查技能: q
2025-06-20T09:46:49.946913+0800 - INFO - 弓箭手-奇美拉 找到可用技能: q
2025-06-20T09:46:49.946913+0800 - INFO - q
2025-06-20T09:46:49.951484+0800 - INFO - 已释放技能列表: ['q', 'w', 'e', 'r', 't']
2025-06-20T09:46:49.951983+0800 - INFO - 第一排技能 - 检查技能: q
2025-06-20T09:46:49.952986+0800 - INFO - 弓箭手-奇美拉 找到可用技能: q
2025-06-20T09:46:49.952986+0800 - INFO - q
2025-06-20T09:46:49.957086+0800 - INFO - 已释放技能列表: ['q', 'w', 'e', 'r', 't']
2025-06-20T09:46:49.957588+0800 - INFO - 第一排技能 - 检查技能: q
2025-06-20T09:46:49.958587+0800 - INFO - 弓箭手-奇美拉 找到可用技能: q
2025-06-20T09:46:49.958587+0800 - INFO - q
2025-06-20T09:46:49.962631+0800 - INFO - 已释放技能列表: ['q', 'w', 'e', 'r', 't']
2025-06-20T09:46:49.963177+0800 - INFO - 第一排技能 - 检查技能: q
2025-06-20T09:46:49.963701+0800 - INFO - 弓箭手-奇美拉 找到可用技能: q
2025-06-20T09:46:49.964196+0800 - INFO - q
2025-06-20T09:46:49.967748+0800 - INFO - 已释放技能列表: ['q', 'w', 'e', 'r', 't']
2025-06-20T09:46:49.967748+0800 - INFO - 第一排技能 - 检查技能: q
2025-06-20T09:46:49.968746+0800 - INFO - 弓箭手-奇美拉 找到可用技能: q
2025-06-20T09:46:49.969246+0800 - INFO - q
2025-06-20T09:46:49.973289+0800 - INFO - 已释放技能列表: ['q', 'w', 'e', 'r', 't']
2025-06-20T09:46:49.973289+0800 - INFO - 第一排技能 - 检查技能: q
2025-06-20T09:46:49.974342+0800 - INFO - 弓箭手-奇美拉 找到可用技能: q
2025-06-20T09:46:49.974839+0800 - INFO - q
2025-06-20T09:46:49.978935+0800 - INFO - 已释放技能列表: ['q', 'w', 'e', 'r', 't']
2025-06-20T09:46:49.979930+0800 - INFO - 第一排技能 - 检查技能: q
2025-06-20T09:46:49.980428+0800 - INFO - 弓箭手-奇美拉 找到可用技能: q
2025-06-20T09:46:49.980927+0800 - INFO - q
2025-06-20T09:46:49.984508+0800 - INFO - 已释放技能列表: ['q', 'w', 'e', 'r', 't']
2025-06-20T09:46:49.985007+0800 - INFO - 第一排技能 - 检查技能: q
2025-06-20T09:46:49.985007+0800 - INFO - 弓箭手-奇美拉 找到可用技能: q
2025-06-20T09:46:49.986015+0800 - INFO - q
2025-06-20T09:46:49.989085+0800 - INFO - 已释放技能列表: ['q', 'w', 'e', 'r', 't']
2025-06-20T09:46:49.989584+0800 - INFO - 第一排技能 - 检查技能: q
2025-06-20T09:46:49.990085+0800 - INFO - 弓箭手-奇美拉 找到可用技能: q
2025-06-20T09:46:49.990584+0800 - INFO - q
2025-06-20T09:46:49.994577+0800 - INFO - 已释放技能列表: ['q', 'w', 'e', 'r', 't']
2025-06-20T09:46:49.994577+0800 - INFO - 第一排技能 - 检查技能: q
2025-06-20T09:46:49.995582+0800 - INFO - 弓箭手-奇美拉 找到可用技能: q
2025-06-20T09:46:49.995582+0800 - INFO - q
2025-06-20T09:46:49.999240+0800 - INFO - 已释放技能列表: ['q', 'w', 'e', 'r', 't']
2025-06-20T09:46:49.999740+0800 - INFO - 第一排技能 - 检查技能: q
2025-06-20T09:46:50.000738+0800 - INFO - 弓箭手-奇美拉 找到可用技能: q
2025-06-20T09:46:50.001238+0800 - INFO - q
2025-06-20T09:46:50.004312+0800 - INFO - 已释放技能列表: ['q', 'w', 'e', 'r', 't']
2025-06-20T09:46:50.004811+0800 - INFO - 第一排技能 - 检查技能: q
2025-06-20T09:46:50.005817+0800 - INFO - 弓箭手-奇美拉 找到可用技能: q
2025-06-20T09:46:50.005817+0800 - INFO - q
2025-06-20T09:46:50.009866+0800 - INFO - 已释放技能列表: ['q', 'w', 'e', 'r', 't']
2025-06-20T09:46:50.010364+0800 - INFO - 第一排技能 - 检查技能: q
2025-06-20T09:46:50.010863+0800 - INFO - 弓箭手-奇美拉 找到可用技能: q
2025-06-20T09:46:50.011364+0800 - INFO - q
2025-06-20T09:46:50.015924+0800 - INFO - 已释放技能列表: ['q', 'w', 'e', 'r', 't']
2025-06-20T09:46:50.016472+0800 - INFO - 第一排技能 - 检查技能: q
2025-06-20T09:46:50.016971+0800 - INFO - 弓箭手-奇美拉 找到可用技能: q
2025-06-20T09:46:50.016971+0800 - INFO - q
2025-06-20T09:46:50.020511+0800 - INFO - 已释放技能列表: ['q', 'w', 'e', 'r', 't']
2025-06-20T09:46:50.021011+0800 - INFO - 第一排技能 - 检查技能: q
2025-06-20T09:46:50.022008+0800 - INFO - 弓箭手-奇美拉 找到可用技能: q
2025-06-20T09:46:50.022008+0800 - INFO - q
2025-06-20T09:46:50.025588+0800 - INFO - 已释放技能列表: ['q', 'w', 'e', 'r', 't']
2025-06-20T09:46:50.025588+0800 - INFO - 第一排技能 - 检查技能: q
2025-06-20T09:46:50.026630+0800 - INFO - 弓箭手-奇美拉 找到可用技能: q
2025-06-20T09:46:50.027132+0800 - INFO - q
2025-06-20T09:46:50.030166+0800 - INFO - 已释放技能列表: ['q', 'w', 'e', 'r', 't']
2025-06-20T09:46:50.030669+0800 - INFO - 第一排技能 - 检查技能: q
2025-06-20T09:46:50.031167+0800 - INFO - 弓箭手-奇美拉 找到可用技能: q
2025-06-20T09:46:50.031663+0800 - INFO - q
2025-06-20T09:46:50.034658+0800 - INFO - 已释放技能列表: ['q', 'w', 'e', 'r', 't']
2025-06-20T09:46:50.035664+0800 - INFO - 第一排技能 - 检查技能: q
2025-06-20T09:46:50.036208+0800 - INFO - 弓箭手-奇美拉 找到可用技能: q
2025-06-20T09:46:50.036708+0800 - INFO - q
2025-06-20T09:46:50.040310+0800 - INFO - 已释放技能列表: ['q', 'w', 'e', 'r', 't']
2025-06-20T09:46:50.040805+0800 - INFO - 第一排技能 - 检查技能: q
2025-06-20T09:46:50.041304+0800 - INFO - 弓箭手-奇美拉 找到可用技能: q
2025-06-20T09:46:50.041804+0800 - INFO - q
2025-06-20T09:46:50.046964+0800 - INFO - 已释放技能列表: ['q', 'w', 'e', 'r', 't']
2025-06-20T09:46:50.047534+0800 - INFO - 第一排技能 - 检查技能: q
2025-06-20T09:46:50.048033+0800 - INFO - 弓箭手-奇美拉 找到可用技能: q
2025-06-20T09:46:50.048033+0800 - INFO - q
2025-06-20T09:46:50.052623+0800 - INFO - 已释放技能列表: ['q', 'w', 'e', 'r', 't']
2025-06-20T09:46:50.052623+0800 - INFO - 第一排技能 - 检查技能: q
2025-06-20T09:46:50.053621+0800 - INFO - 弓箭手-奇美拉 找到可用技能: q
2025-06-20T09:46:50.054125+0800 - INFO - q
2025-06-20T09:46:50.058171+0800 - INFO - 已释放技能列表: ['q', 'w', 'e', 'r', 't']
2025-06-20T09:46:50.058171+0800 - INFO - 第一排技能 - 检查技能: q
2025-06-20T09:46:50.059739+0800 - INFO - 弓箭手-奇美拉 找到可用技能: q
2025-06-20T09:46:50.060266+0800 - INFO - q
2025-06-20T09:46:50.064794+0800 - INFO - 已释放技能列表: ['q', 'w', 'e', 'r', 't']
2025-06-20T09:46:50.064794+0800 - INFO - 第一排技能 - 检查技能: q
2025-06-20T09:46:50.066389+0800 - INFO - 弓箭手-奇美拉 找到可用技能: q
2025-06-20T09:46:50.066389+0800 - INFO - q
2025-06-20T09:46:50.070146+0800 - INFO - 已释放技能列表: ['q', 'w', 'e', 'r', 't']
2025-06-20T09:46:50.070146+0800 - INFO - 第一排技能 - 检查技能: q
2025-06-20T09:46:50.071160+0800 - INFO - 弓箭手-奇美拉 找到可用技能: q
2025-06-20T09:46:50.071160+0800 - INFO - q
2025-06-20T09:46:50.075279+0800 - INFO - 已释放技能列表: ['q', 'w', 'e', 'r', 't']
2025-06-20T09:46:50.075828+0800 - INFO - 第一排技能 - 检查技能: q
2025-06-20T09:46:50.076857+0800 - INFO - 弓箭手-奇美拉 找到可用技能: q
2025-06-20T09:46:50.076857+0800 - INFO - q
2025-06-20T09:46:50.081010+0800 - INFO - 已释放技能列表: ['q', 'w', 'e', 'r', 't']
2025-06-20T09:46:50.081506+0800 - INFO - 第一排技能 - 检查技能: q
2025-06-20T09:46:50.082503+0800 - INFO - 弓箭手-奇美拉 找到可用技能: q
2025-06-20T09:46:50.083005+0800 - INFO - q
2025-06-20T09:46:50.086593+0800 - INFO - 已释放技能列表: ['q', 'w', 'e', 'r', 't']
2025-06-20T09:46:50.087094+0800 - INFO - 第一排技能 - 检查技能: q
2025-06-20T09:46:50.088091+0800 - INFO - 弓箭手-奇美拉 找到可用技能: q
2025-06-20T09:46:50.088091+0800 - INFO - q
2025-06-20T09:46:50.091128+0800 - INFO - 已释放技能列表: ['q', 'w', 'e', 'r', 't']
2025-06-20T09:46:50.091627+0800 - INFO - 第一排技能 - 检查技能: q
2025-06-20T09:46:50.092626+0800 - INFO - 弓箭手-奇美拉 找到可用技能: q
2025-06-20T09:46:50.092626+0800 - INFO - q
2025-06-20T09:46:50.097183+0800 - INFO - 已释放技能列表: ['q', 'w', 'e', 'r', 't']
2025-06-20T09:46:50.097183+0800 - INFO - 第一排技能 - 检查技能: q
2025-06-20T09:46:50.097719+0800 - INFO - 弓箭手-奇美拉 找到可用技能: q
2025-06-20T09:46:50.097719+0800 - INFO - q
2025-06-20T09:46:50.101798+0800 - INFO - 已释放技能列表: ['q', 'w', 'e', 'r', 't']
2025-06-20T09:46:50.102297+0800 - INFO - 第一排技能 - 检查技能: q
2025-06-20T09:46:50.102796+0800 - INFO - 弓箭手-奇美拉 找到可用技能: q
2025-06-20T09:46:50.103295+0800 - INFO - q
2025-06-20T09:46:50.107417+0800 - INFO - 已释放技能列表: ['q', 'w', 'e', 'r', 't']
2025-06-20T09:46:50.107919+0800 - INFO - 第一排技能 - 检查技能: q
2025-06-20T09:46:50.108917+0800 - INFO - 弓箭手-奇美拉 找到可用技能: q
2025-06-20T09:46:50.109417+0800 - INFO - q
2025-06-20T09:46:50.112417+0800 - INFO - 已释放技能列表: ['q', 'w', 'e', 'r', 't']
2025-06-20T09:46:50.112911+0800 - INFO - 第一排技能 - 检查技能: q
2025-06-20T09:46:50.113409+0800 - INFO - 弓箭手-奇美拉 找到可用技能: q
2025-06-20T09:46:50.113908+0800 - INFO - q
2025-06-20T09:46:50.116550+0800 - INFO - 已释放技能列表: ['q', 'w', 'e', 'r', 't']
2025-06-20T09:46:50.117495+0800 - INFO - 第一排技能 - 检查技能: q
2025-06-20T09:46:50.117994+0800 - INFO - 弓箭手-奇美拉 找到可用技能: q
2025-06-20T09:46:50.117994+0800 - INFO - q
2025-06-20T09:46:50.121527+0800 - INFO - 已释放技能列表: ['q', 'w', 'e', 'r', 't']
2025-06-20T09:46:50.122036+0800 - INFO - 第一排技能 - 检查技能: q
2025-06-20T09:46:50.122535+0800 - INFO - 弓箭手-奇美拉 找到可用技能: q
2025-06-20T09:46:50.123035+0800 - INFO - q
2025-06-20T09:46:50.126085+0800 - INFO - 已释放技能列表: ['q', 'w', 'e', 'r', 't']
2025-06-20T09:46:50.126618+0800 - INFO - 第一排技能 - 检查技能: q
2025-06-20T09:46:50.127615+0800 - INFO - 弓箭手-奇美拉 找到可用技能: q
2025-06-20T09:46:50.128117+0800 - INFO - q
2025-06-20T09:46:50.131110+0800 - INFO - 已释放技能列表: ['q', 'w', 'e', 'r', 't']
2025-06-20T09:46:50.131609+0800 - INFO - 第一排技能 - 检查技能: q
2025-06-20T09:46:50.132605+0800 - INFO - 弓箭手-奇美拉 找到可用技能: q
2025-06-20T09:46:50.132605+0800 - INFO - q
2025-06-20T09:46:50.136149+0800 - INFO - 已释放技能列表: ['q', 'w', 'e', 'r', 't']
2025-06-20T09:46:50.136650+0800 - INFO - 第一排技能 - 检查技能: q
2025-06-20T09:46:50.137150+0800 - INFO - 弓箭手-奇美拉 找到可用技能: q
2025-06-20T09:46:50.137651+0800 - INFO - q
2025-06-20T09:46:50.140146+0800 - INFO - 已释放技能列表: ['q', 'w', 'e', 'r', 't']
2025-06-20T09:46:50.141153+0800 - INFO - 第一排技能 - 检查技能: q
2025-06-20T09:46:50.142204+0800 - INFO - 弓箭手-奇美拉 找到可用技能: q
2025-06-20T09:46:50.142204+0800 - INFO - q
2025-06-20T09:46:50.145759+0800 - INFO - 已释放技能列表: ['q', 'w', 'e', 'r', 't']
2025-06-20T09:46:50.146282+0800 - INFO - 第一排技能 - 检查技能: q
2025-06-20T09:46:50.147287+0800 - INFO - 弓箭手-奇美拉 找到可用技能: q
2025-06-20T09:46:50.147287+0800 - INFO - q
2025-06-20T09:46:50.152411+0800 - INFO - 已释放技能列表: ['q', 'w', 'e', 'r', 't']
2025-06-20T09:46:50.152915+0800 - INFO - 第一排技能 - 检查技能: q
2025-06-20T09:46:50.153409+0800 - INFO - 弓箭手-奇美拉 找到可用技能: q
2025-06-20T09:46:50.153908+0800 - INFO - q
2025-06-20T09:46:50.157436+0800 - INFO - 已释放技能列表: ['q', 'w', 'e', 'r', 't']
2025-06-20T09:46:50.157436+0800 - INFO - 第一排技能 - 检查技能: q
2025-06-20T09:46:50.158435+0800 - INFO - 弓箭手-奇美拉 找到可用技能: q
2025-06-20T09:46:50.158933+0800 - INFO - q
2025-06-20T09:46:50.162678+0800 - INFO - 已释放技能列表: ['q', 'w', 'e', 'r', 't']
2025-06-20T09:46:50.162678+0800 - INFO - 第一排技能 - 检查技能: q
2025-06-20T09:46:50.163677+0800 - INFO - 弓箭手-奇美拉 找到可用技能: q
2025-06-20T09:46:50.164175+0800 - INFO - q
2025-06-20T09:46:50.166734+0800 - INFO - 已释放技能列表: ['q', 'w', 'e', 'r', 't']
2025-06-20T09:46:50.166734+0800 - INFO - 第一排技能 - 检查技能: q
2025-06-20T09:46:50.168155+0800 - INFO - 弓箭手-奇美拉 找到可用技能: q
2025-06-20T09:46:50.168657+0800 - INFO - q
2025-06-20T09:46:50.172206+0800 - INFO - 已释放技能列表: ['q', 'w', 'e', 'r', 't']
2025-06-20T09:46:50.172704+0800 - INFO - 第一排技能 - 检查技能: q
2025-06-20T09:46:50.173700+0800 - INFO - 弓箭手-奇美拉 找到可用技能: q
2025-06-20T09:46:50.173700+0800 - INFO - q
2025-06-20T09:46:50.177237+0800 - INFO - 已释放技能列表: ['q', 'w', 'e', 'r', 't']
2025-06-20T09:46:50.177773+0800 - INFO - 第一排技能 - 检查技能: q
2025-06-20T09:46:50.178791+0800 - INFO - 弓箭手-奇美拉 找到可用技能: q
2025-06-20T09:46:50.178791+0800 - INFO - q
2025-06-20T09:46:50.182358+0800 - INFO - 已释放技能列表: ['q', 'w', 'e', 'r', 't']
2025-06-20T09:46:50.182358+0800 - INFO - 第一排技能 - 检查技能: q
2025-06-20T09:46:50.183359+0800 - INFO - 弓箭手-奇美拉 找到可用技能: q
2025-06-20T09:46:50.183860+0800 - INFO - q
2025-06-20T09:46:50.187923+0800 - INFO - 已释放技能列表: ['q', 'w', 'e', 'r', 't']
2025-06-20T09:46:50.187923+0800 - INFO - 第一排技能 - 检查技能: q
2025-06-20T09:46:50.188921+0800 - INFO - 弓箭手-奇美拉 找到可用技能: q
2025-06-20T09:46:50.188921+0800 - INFO - q
2025-06-20T09:46:50.192970+0800 - INFO - 已释放技能列表: ['q', 'w', 'e', 'r', 't']
2025-06-20T09:46:50.192970+0800 - INFO - 第一排技能 - 检查技能: q
2025-06-20T09:46:50.193968+0800 - INFO - 弓箭手-奇美拉 找到可用技能: q
2025-06-20T09:46:50.194468+0800 - INFO - q
2025-06-20T09:46:50.196498+0800 - INFO - 已释放技能列表: ['q', 'w', 'e', 'r', 't']
2025-06-20T09:46:50.197502+0800 - INFO - 第一排技能 - 检查技能: q
2025-06-20T09:46:50.198025+0800 - INFO - 弓箭手-奇美拉 找到可用技能: q
2025-06-20T09:46:50.198025+0800 - INFO - q
2025-06-20T09:46:50.202612+0800 - INFO - 已释放技能列表: ['q', 'w', 'e', 'r', 't']
2025-06-20T09:46:50.202612+0800 - INFO - 第一排技能 - 检查技能: q
2025-06-20T09:46:50.203648+0800 - INFO - 弓箭手-奇美拉 找到可用技能: q
2025-06-20T09:46:50.203648+0800 - INFO - q
2025-06-20T09:46:50.207791+0800 - INFO - 已释放技能列表: ['q', 'w', 'e', 'r', 't']
2025-06-20T09:46:50.208289+0800 - INFO - 第一排技能 - 检查技能: q
2025-06-20T09:46:50.209290+0800 - INFO - 弓箭手-奇美拉 找到可用技能: q
2025-06-20T09:46:50.209787+0800 - INFO - q
2025-06-20T09:46:50.214279+0800 - INFO - 已释放技能列表: ['q', 'w', 'e', 'r', 't']
2025-06-20T09:46:50.214778+0800 - INFO - 第一排技能 - 检查技能: q
2025-06-20T09:46:50.216365+0800 - INFO - 弓箭手-奇美拉 找到可用技能: q
2025-06-20T09:46:50.216865+0800 - INFO - q
2025-06-20T09:46:50.220899+0800 - INFO - 已释放技能列表: ['q', 'w', 'e', 'r', 't']
2025-06-20T09:46:50.220899+0800 - INFO - 第一排技能 - 检查技能: q
2025-06-20T09:46:50.221908+0800 - INFO - 弓箭手-奇美拉 找到可用技能: q
2025-06-20T09:46:50.222958+0800 - INFO - q
2025-06-20T09:46:50.227134+0800 - INFO - 已释放技能列表: ['q', 'w', 'e', 'r', 't']
2025-06-20T09:46:50.227134+0800 - INFO - 第一排技能 - 检查技能: q
2025-06-20T09:46:50.229194+0800 - INFO - 弓箭手-奇美拉 找到可用技能: q
2025-06-20T09:46:50.229194+0800 - INFO - q
2025-06-20T09:46:50.233187+0800 - INFO - 已释放技能列表: ['q', 'w', 'e', 'r', 't']
2025-06-20T09:46:50.233687+0800 - INFO - 第一排技能 - 检查技能: q
2025-06-20T09:46:50.234685+0800 - INFO - 弓箭手-奇美拉 找到可用技能: q
2025-06-20T09:46:50.234685+0800 - INFO - q
2025-06-20T09:46:50.237781+0800 - INFO - 已释放技能列表: ['q', 'w', 'e', 'r', 't']
2025-06-20T09:46:50.238280+0800 - INFO - 第一排技能 - 检查技能: q
2025-06-20T09:46:50.239278+0800 - INFO - 弓箭手-奇美拉 找到可用技能: q
2025-06-20T09:46:50.239278+0800 - INFO - q
2025-06-20T09:46:50.242274+0800 - INFO - 已释放技能列表: ['q', 'w', 'e', 'r', 't']
2025-06-20T09:46:50.243288+0800 - INFO - 第一排技能 - 检查技能: q
2025-06-20T09:46:50.243841+0800 - INFO - 弓箭手-奇美拉 找到可用技能: q
2025-06-20T09:46:50.244335+0800 - INFO - q
2025-06-20T09:46:50.248006+0800 - INFO - 已释放技能列表: ['q', 'w', 'e', 'r', 't']
2025-06-20T09:46:50.248546+0800 - INFO - 第一排技能 - 检查技能: q
2025-06-20T09:46:50.248546+0800 - INFO - 弓箭手-奇美拉 找到可用技能: q
2025-06-20T09:46:50.249552+0800 - INFO - q
2025-06-20T09:46:50.254618+0800 - INFO - 已释放技能列表: ['q', 'w', 'e', 'r', 't']
2025-06-20T09:46:50.254618+0800 - INFO - 第一排技能 - 检查技能: q
2025-06-20T09:46:50.255622+0800 - INFO - 弓箭手-奇美拉 找到可用技能: q
2025-06-20T09:46:50.256150+0800 - INFO - q
2025-06-20T09:46:50.260149+0800 - INFO - 已释放技能列表: ['q', 'w', 'e', 'r', 't']
2025-06-20T09:46:50.260686+0800 - INFO - 第一排技能 - 检查技能: q
2025-06-20T09:46:50.261185+0800 - INFO - 弓箭手-奇美拉 找到可用技能: q
2025-06-20T09:46:50.261684+0800 - INFO - q
2025-06-20T09:46:50.264741+0800 - INFO - 已释放技能列表: ['q', 'w', 'e', 'r', 't']
2025-06-20T09:46:50.265745+0800 - INFO - 第一排技能 - 检查技能: q
2025-06-20T09:46:50.266293+0800 - INFO - 弓箭手-奇美拉 找到可用技能: q
2025-06-20T09:46:50.267297+0800 - INFO - q
2025-06-20T09:46:50.270484+0800 - INFO - 已释放技能列表: ['q', 'w', 'e', 'r', 't']
2025-06-20T09:46:50.270484+0800 - INFO - 第一排技能 - 检查技能: q
2025-06-20T09:46:50.271482+0800 - INFO - 弓箭手-奇美拉 找到可用技能: q
2025-06-20T09:46:50.271482+0800 - INFO - q
2025-06-20T09:46:50.276037+0800 - INFO - 已释放技能列表: ['q', 'w', 'e', 'r', 't']
2025-06-20T09:46:50.276037+0800 - INFO - 第一排技能 - 检查技能: q
2025-06-20T09:46:50.277071+0800 - INFO - 弓箭手-奇美拉 找到可用技能: q
2025-06-20T09:46:50.277569+0800 - INFO - q
2025-06-20T09:46:50.281095+0800 - INFO - 已释放技能列表: ['q', 'w', 'e', 'r', 't']
2025-06-20T09:46:50.281095+0800 - INFO - 第一排技能 - 检查技能: q
2025-06-20T09:46:50.282093+0800 - INFO - 弓箭手-奇美拉 找到可用技能: q
2025-06-20T09:46:50.282592+0800 - INFO - q
2025-06-20T09:46:50.285638+0800 - INFO - 已释放技能列表: ['q', 'w', 'e', 'r', 't']
2025-06-20T09:46:50.285638+0800 - INFO - 第一排技能 - 检查技能: q
2025-06-20T09:46:50.286664+0800 - INFO - 弓箭手-奇美拉 找到可用技能: q
2025-06-20T09:46:50.286664+0800 - INFO - q
2025-06-20T09:46:50.290834+0800 - INFO - 已释放技能列表: ['q', 'w', 'e', 'r', 't']
2025-06-20T09:46:50.291334+0800 - INFO - 第一排技能 - 检查技能: q
2025-06-20T09:46:50.291832+0800 - INFO - 弓箭手-奇美拉 找到可用技能: q
2025-06-20T09:46:50.292332+0800 - INFO - q
2025-06-20T09:46:50.296425+0800 - INFO - 已释放技能列表: ['q', 'w', 'e', 'r', 't']
2025-06-20T09:46:50.296923+0800 - INFO - 第一排技能 - 检查技能: q
2025-06-20T09:46:50.297425+0800 - INFO - 弓箭手-奇美拉 找到可用技能: q
2025-06-20T09:46:50.298431+0800 - INFO - q
2025-06-20T09:46:50.301587+0800 - INFO - 已释放技能列表: ['q', 'w', 'e', 'r', 't']
2025-06-20T09:46:50.302085+0800 - INFO - 第一排技能 - 检查技能: q
2025-06-20T09:46:50.302585+0800 - INFO - 弓箭手-奇美拉 找到可用技能: q
2025-06-20T09:46:50.303084+0800 - INFO - q
2025-06-20T09:46:50.306168+0800 - INFO - 已释放技能列表: ['q', 'w', 'e', 'r', 't']
2025-06-20T09:46:50.306168+0800 - INFO - 第一排技能 - 检查技能: q
2025-06-20T09:46:50.307244+0800 - INFO - 弓箭手-奇美拉 找到可用技能: q
2025-06-20T09:46:50.307244+0800 - INFO - q
2025-06-20T09:46:50.311379+0800 - INFO - 已释放技能列表: ['q', 'w', 'e', 'r', 't']
2025-06-20T09:46:50.311876+0800 - INFO - 第一排技能 - 检查技能: q
2025-06-20T09:46:50.312874+0800 - INFO - 弓箭手-奇美拉 找到可用技能: q
2025-06-20T09:46:50.312874+0800 - INFO - q
2025-06-20T09:46:50.317431+0800 - INFO - 已释放技能列表: ['q', 'w', 'e', 'r', 't']
2025-06-20T09:46:50.317927+0800 - INFO - 第一排技能 - 检查技能: q
2025-06-20T09:46:50.318929+0800 - INFO - 弓箭手-奇美拉 找到可用技能: q
2025-06-20T09:46:50.318929+0800 - INFO - q
2025-06-20T09:46:50.321450+0800 - INFO - 已释放技能列表: ['q', 'w', 'e', 'r', 't']
2025-06-20T09:46:50.322454+0800 - INFO - 第一排技能 - 检查技能: q
2025-06-20T09:46:50.323504+0800 - INFO - 弓箭手-奇美拉 找到可用技能: q
2025-06-20T09:46:50.324005+0800 - INFO - q
2025-06-20T09:46:50.327568+0800 - INFO - 已释放技能列表: ['q', 'w', 'e', 'r', 't']
2025-06-20T09:46:50.327568+0800 - INFO - 第一排技能 - 检查技能: q
2025-06-20T09:46:50.329170+0800 - INFO - 弓箭手-奇美拉 找到可用技能: q
2025-06-20T09:46:50.329170+0800 - INFO - q
2025-06-20T09:46:50.333688+0800 - INFO - 已释放技能列表: ['q', 'w', 'e', 'r', 't']
2025-06-20T09:46:50.334187+0800 - INFO - 第一排技能 - 检查技能: q
2025-06-20T09:46:50.334686+0800 - INFO - 弓箭手-奇美拉 找到可用技能: q
2025-06-20T09:46:50.334686+0800 - INFO - q
2025-06-20T09:46:50.339216+0800 - INFO - 已释放技能列表: ['q', 'w', 'e', 'r', 't']
2025-06-20T09:46:50.339715+0800 - INFO - 第一排技能 - 检查技能: q
2025-06-20T09:46:50.340718+0800 - INFO - 弓箭手-奇美拉 找到可用技能: q
2025-06-20T09:46:50.340718+0800 - INFO - q
2025-06-20T09:46:50.344207+0800 - INFO - 已释放技能列表: ['q', 'w', 'e', 'r', 't']
2025-06-20T09:46:50.344207+0800 - INFO - 第一排技能 - 检查技能: q
2025-06-20T09:46:50.345779+0800 - INFO - 弓箭手-奇美拉 找到可用技能: q
2025-06-20T09:46:50.345779+0800 - INFO - q
2025-06-20T09:46:50.351492+0800 - INFO - 已释放技能列表: ['q', 'w', 'e', 'r', 't']
2025-06-20T09:46:50.351492+0800 - INFO - 第一排技能 - 检查技能: q
2025-06-20T09:46:50.352490+0800 - INFO - 弓箭手-奇美拉 找到可用技能: q
2025-06-20T09:46:50.352490+0800 - INFO - q
2025-06-20T09:46:50.356028+0800 - INFO - 已释放技能列表: ['q', 'w', 'e', 'r', 't']
2025-06-20T09:46:50.356028+0800 - INFO - 第一排技能 - 检查技能: q
2025-06-20T09:46:50.357064+0800 - INFO - 弓箭手-奇美拉 找到可用技能: q
2025-06-20T09:46:50.357564+0800 - INFO - q
2025-06-20T09:46:50.361644+0800 - INFO - 已释放技能列表: ['q', 'w', 'e', 'r', 't']
2025-06-20T09:46:50.362143+0800 - INFO - 第一排技能 - 检查技能: q
2025-06-20T09:46:50.363139+0800 - INFO - 弓箭手-奇美拉 找到可用技能: q
2025-06-20T09:46:50.363139+0800 - INFO - q
2025-06-20T09:46:50.366721+0800 - INFO - 已释放技能列表: ['q', 'w', 'e', 'r', 't']
2025-06-20T09:46:50.367220+0800 - INFO - 第一排技能 - 检查技能: q
2025-06-20T09:46:50.368216+0800 - INFO - 弓箭手-奇美拉 找到可用技能: q
2025-06-20T09:46:50.368216+0800 - INFO - q
2025-06-20T09:46:50.370838+0800 - INFO - 已释放技能列表: ['q', 'w', 'e', 'r', 't']
2025-06-20T09:46:50.371875+0800 - INFO - 第一排技能 - 检查技能: q
2025-06-20T09:46:50.372894+0800 - INFO - 弓箭手-奇美拉 找到可用技能: q
2025-06-20T09:46:50.372894+0800 - INFO - q
2025-06-20T09:46:50.376462+0800 - INFO - 已释放技能列表: ['q', 'w', 'e', 'r', 't']
2025-06-20T09:46:50.376462+0800 - INFO - 第一排技能 - 检查技能: q
2025-06-20T09:46:50.377461+0800 - INFO - 弓箭手-奇美拉 找到可用技能: q
2025-06-20T09:46:50.377962+0800 - INFO - q
2025-06-20T09:46:50.381034+0800 - INFO - 已释放技能列表: ['q', 'w', 'e', 'r', 't']
2025-06-20T09:46:50.381569+0800 - INFO - 第一排技能 - 检查技能: q
2025-06-20T09:46:50.382067+0800 - INFO - 弓箭手-奇美拉 找到可用技能: q
2025-06-20T09:46:50.382567+0800 - INFO - q
2025-06-20T09:46:50.385566+0800 - INFO - 已释放技能列表: ['q', 'w', 'e', 'r', 't']
2025-06-20T09:46:50.385566+0800 - INFO - 第一排技能 - 检查技能: q
2025-06-20T09:46:50.387144+0800 - INFO - 弓箭手-奇美拉 找到可用技能: q
2025-06-20T09:46:50.387646+0800 - INFO - q
2025-06-20T09:46:50.391256+0800 - INFO - 已释放技能列表: ['q', 'w', 'e', 'r', 't']
2025-06-20T09:46:50.391256+0800 - INFO - 第一排技能 - 检查技能: q
2025-06-20T09:46:50.392254+0800 - INFO - 弓箭手-奇美拉 找到可用技能: q
2025-06-20T09:46:50.392254+0800 - INFO - q
2025-06-20T09:46:50.396815+0800 - INFO - 已释放技能列表: ['q', 'w', 'e', 'r', 't']
2025-06-20T09:46:50.397314+0800 - INFO - 第一排技能 - 检查技能: q
2025-06-20T09:46:50.398314+0800 - INFO - 弓箭手-奇美拉 找到可用技能: q
2025-06-20T09:46:50.398314+0800 - INFO - q
2025-06-20T09:46:50.401877+0800 - INFO - 已释放技能列表: ['q', 'w', 'e', 'r', 't']
2025-06-20T09:46:50.402376+0800 - INFO - 第一排技能 - 检查技能: q
2025-06-20T09:46:50.403374+0800 - INFO - 弓箭手-奇美拉 找到可用技能: q
2025-06-20T09:46:50.403374+0800 - INFO - q
2025-06-20T09:46:50.407463+0800 - INFO - 已释放技能列表: ['q', 'w', 'e', 'r', 't']
2025-06-20T09:46:50.407998+0800 - INFO - 第一排技能 - 检查技能: q
2025-06-20T09:46:50.408996+0800 - INFO - 弓箭手-奇美拉 找到可用技能: q
2025-06-20T09:46:50.408996+0800 - INFO - q
2025-06-20T09:46:50.414308+0800 - INFO - 已释放技能列表: ['q', 'w', 'e', 'r', 't']
2025-06-20T09:46:50.414807+0800 - INFO - 第一排技能 - 检查技能: q
2025-06-20T09:46:50.415810+0800 - INFO - 弓箭手-奇美拉 找到可用技能: q
2025-06-20T09:46:50.415810+0800 - INFO - q
2025-06-20T09:46:50.419343+0800 - INFO - 已释放技能列表: ['q', 'w', 'e', 'r', 't']
2025-06-20T09:46:50.419842+0800 - INFO - 第一排技能 - 检查技能: q
2025-06-20T09:46:50.420841+0800 - INFO - 弓箭手-奇美拉 找到可用技能: q
2025-06-20T09:46:50.420841+0800 - INFO - q
2025-06-20T09:46:50.424891+0800 - INFO - 已释放技能列表: ['q', 'w', 'e', 'r', 't']
2025-06-20T09:46:50.425956+0800 - INFO - 第一排技能 - 检查技能: q
2025-06-20T09:46:50.427473+0800 - INFO - 弓箭手-奇美拉 找到可用技能: q
2025-06-20T09:46:50.427473+0800 - INFO - q
2025-06-20T09:46:50.432146+0800 - INFO - 已释放技能列表: ['q', 'w', 'e', 'r', 't']
2025-06-20T09:46:50.432667+0800 - INFO - 第一排技能 - 检查技能: q
2025-06-20T09:46:50.433665+0800 - INFO - 弓箭手-奇美拉 找到可用技能: q
2025-06-20T09:46:50.433665+0800 - INFO - q
2025-06-20T09:46:50.438196+0800 - INFO - 已释放技能列表: ['q', 'w', 'e', 'r', 't']
2025-06-20T09:46:50.438196+0800 - INFO - 第一排技能 - 检查技能: q
2025-06-20T09:46:50.439194+0800 - INFO - 弓箭手-奇美拉 找到可用技能: q
2025-06-20T09:46:50.439695+0800 - INFO - q
2025-06-20T09:46:50.444683+0800 - INFO - 已释放技能列表: ['q', 'w', 'e', 'r', 't']
2025-06-20T09:46:50.444683+0800 - INFO - 第一排技能 - 检查技能: q
2025-06-20T09:46:50.445687+0800 - INFO - 弓箭手-奇美拉 找到可用技能: q
2025-06-20T09:46:50.446209+0800 - INFO - q
2025-06-20T09:46:50.451496+0800 - INFO - 已释放技能列表: ['q', 'w', 'e', 'r', 't']
2025-06-20T09:46:50.451998+0800 - INFO - 第一排技能 - 检查技能: q
2025-06-20T09:46:50.453496+0800 - INFO - 弓箭手-奇美拉 找到可用技能: q
2025-06-20T09:46:50.453496+0800 - INFO - q
2025-06-20T09:46:50.457533+0800 - INFO - 已释放技能列表: ['q', 'w', 'e', 'r', 't']
2025-06-20T09:46:50.458060+0800 - INFO - 第一排技能 - 检查技能: q
2025-06-20T09:46:50.459058+0800 - INFO - 弓箭手-奇美拉 找到可用技能: q
2025-06-20T09:46:50.459058+0800 - INFO - q
2025-06-20T09:46:50.464209+0800 - INFO - 已释放技能列表: ['q', 'w', 'e', 'r', 't']
2025-06-20T09:46:50.464708+0800 - INFO - 第一排技能 - 检查技能: q
2025-06-20T09:46:50.465719+0800 - INFO - 弓箭手-奇美拉 找到可用技能: q
2025-06-20T09:46:50.465719+0800 - INFO - q
2025-06-20T09:46:50.471444+0800 - INFO - 已释放技能列表: ['q', 'w', 'e', 'r', 't']
2025-06-20T09:46:50.472028+0800 - INFO - 第一排技能 - 检查技能: q
2025-06-20T09:46:50.473042+0800 - INFO - 弓箭手-奇美拉 找到可用技能: q
2025-06-20T09:46:50.473583+0800 - INFO - q
2025-06-20T09:46:50.477598+0800 - INFO - 已释放技能列表: ['q', 'w', 'e', 'r', 't']
2025-06-20T09:46:50.478601+0800 - INFO - 第一排技能 - 检查技能: q
2025-06-20T09:46:50.479629+0800 - INFO - 弓箭手-奇美拉 找到可用技能: q
2025-06-20T09:46:50.480129+0800 - INFO - q
2025-06-20T09:46:50.484185+0800 - INFO - 已释放技能列表: ['q', 'w', 'e', 'r', 't']
2025-06-20T09:46:50.484686+0800 - INFO - 第一排技能 - 检查技能: q
2025-06-20T09:46:50.485694+0800 - INFO - 弓箭手-奇美拉 找到可用技能: q
2025-06-20T09:46:50.485694+0800 - INFO - q
2025-06-20T09:46:50.489777+0800 - INFO - 已释放技能列表: ['q', 'w', 'e', 'r', 't']
2025-06-20T09:46:50.490274+0800 - INFO - 第一排技能 - 检查技能: q
2025-06-20T09:46:50.490772+0800 - INFO - 弓箭手-奇美拉 找到可用技能: q
2025-06-20T09:46:50.490772+0800 - INFO - q
2025-06-20T09:46:50.494893+0800 - INFO - 已释放技能列表: ['q', 'w', 'e', 'r', 't']
2025-06-20T09:46:50.495898+0800 - INFO - 第一排技能 - 检查技能: q
2025-06-20T09:46:50.496944+0800 - INFO - 弓箭手-奇美拉 找到可用技能: q
2025-06-20T09:46:50.497443+0800 - INFO - q
2025-06-20T09:46:50.502089+0800 - INFO - 已释放技能列表: ['q', 'w', 'e', 'r', 't']
2025-06-20T09:46:50.502587+0800 - INFO - 第一排技能 - 检查技能: q
2025-06-20T09:46:50.503084+0800 - INFO - 弓箭手-奇美拉 找到可用技能: q
2025-06-20T09:46:50.503584+0800 - INFO - q
2025-06-20T09:46:50.508765+0800 - INFO - 已释放技能列表: ['q', 'w', 'e', 'r', 't']
2025-06-20T09:46:50.509268+0800 - INFO - 第一排技能 - 检查技能: q
2025-06-20T09:46:50.510284+0800 - INFO - 弓箭手-奇美拉 找到可用技能: q
2025-06-20T09:46:50.510284+0800 - INFO - q
2025-06-20T09:46:50.515955+0800 - INFO - 已释放技能列表: ['q', 'w', 'e', 'r', 't']
2025-06-20T09:46:50.515955+0800 - INFO - 第一排技能 - 检查技能: q
2025-06-20T09:46:50.517002+0800 - INFO - 弓箭手-奇美拉 找到可用技能: q
2025-06-20T09:46:50.517501+0800 - INFO - q
2025-06-20T09:46:50.520495+0800 - INFO - 已释放技能列表: ['q', 'w', 'e', 'r', 't']
2025-06-20T09:46:50.520994+0800 - INFO - 第一排技能 - 检查技能: q
2025-06-20T09:46:50.521493+0800 - INFO - 弓箭手-奇美拉 找到可用技能: q
2025-06-20T09:46:50.521493+0800 - INFO - q
2025-06-20T09:46:50.525171+0800 - INFO - 已释放技能列表: ['q', 'w', 'e', 'r', 't']
2025-06-20T09:46:50.525716+0800 - INFO - 第一排技能 - 检查技能: q
2025-06-20T09:46:50.527296+0800 - INFO - 弓箭手-奇美拉 找到可用技能: q
2025-06-20T09:46:50.527296+0800 - INFO - q
2025-06-20T09:46:50.530852+0800 - INFO - 已释放技能列表: ['q', 'w', 'e', 'r', 't']
2025-06-20T09:46:50.531350+0800 - INFO - 第一排技能 - 检查技能: q
2025-06-20T09:46:50.531849+0800 - INFO - 弓箭手-奇美拉 找到可用技能: q
2025-06-20T09:46:50.531849+0800 - INFO - q
2025-06-20T09:46:50.535028+0800 - INFO - 已释放技能列表: ['q', 'w', 'e', 'r', 't']
2025-06-20T09:46:50.536032+0800 - INFO - 第一排技能 - 检查技能: q
2025-06-20T09:46:50.537082+0800 - INFO - 弓箭手-奇美拉 找到可用技能: q
2025-06-20T09:46:50.537082+0800 - INFO - q
2025-06-20T09:46:50.541575+0800 - INFO - 已释放技能列表: ['q', 'w', 'e', 'r', 't']
2025-06-20T09:46:50.542074+0800 - INFO - 第一排技能 - 检查技能: q
2025-06-20T09:46:50.543072+0800 - INFO - 弓箭手-奇美拉 找到可用技能: q
2025-06-20T09:46:50.543072+0800 - INFO - q
2025-06-20T09:46:50.547588+0800 - INFO - 已释放技能列表: ['q', 'w', 'e', 'r', 't']
2025-06-20T09:46:50.548087+0800 - INFO - 第一排技能 - 检查技能: q
2025-06-20T09:46:50.548586+0800 - INFO - 弓箭手-奇美拉 找到可用技能: q
2025-06-20T09:46:50.548586+0800 - INFO - q
2025-06-20T09:46:50.552179+0800 - INFO - 已释放技能列表: ['q', 'w', 'e', 'r', 't']
2025-06-20T09:46:50.552179+0800 - INFO - 第一排技能 - 检查技能: q
2025-06-20T09:46:50.553771+0800 - INFO - 弓箭手-奇美拉 找到可用技能: q
2025-06-20T09:46:50.553886+0800 - INFO - q
2025-06-20T09:46:50.557919+0800 - INFO - 已释放技能列表: ['q', 'w', 'e', 'r', 't']
2025-06-20T09:46:50.557919+0800 - INFO - 第一排技能 - 检查技能: q
2025-06-20T09:46:50.558918+0800 - INFO - 弓箭手-奇美拉 找到可用技能: q
2025-06-20T09:46:50.558918+0800 - INFO - q
2025-06-20T09:46:50.563587+0800 - INFO - 已释放技能列表: ['q', 'w', 'e', 'r', 't']
2025-06-20T09:46:50.564086+0800 - INFO - 第一排技能 - 检查技能: q
2025-06-20T09:46:50.564587+0800 - INFO - 弓箭手-奇美拉 找到可用技能: q
2025-06-20T09:46:50.564587+0800 - INFO - q
2025-06-20T09:46:50.569125+0800 - INFO - 已释放技能列表: ['q', 'w', 'e', 'r', 't']
2025-06-20T09:46:50.569624+0800 - INFO - 第一排技能 - 检查技能: q
2025-06-20T09:46:50.570629+0800 - INFO - 弓箭手-奇美拉 找到可用技能: q
2025-06-20T09:46:50.570629+0800 - INFO - q
2025-06-20T09:46:50.575364+0800 - INFO - 已释放技能列表: ['q', 'w', 'e', 'r', 't']
2025-06-20T09:46:50.575894+0800 - INFO - 第一排技能 - 检查技能: q
2025-06-20T09:46:50.576923+0800 - INFO - 弓箭手-奇美拉 找到可用技能: q
2025-06-20T09:46:50.577423+0800 - INFO - q
2025-06-20T09:46:50.581954+0800 - INFO - 已释放技能列表: ['q', 'w', 'e', 'r', 't']
2025-06-20T09:46:50.582454+0800 - INFO - 第一排技能 - 检查技能: q
2025-06-20T09:46:50.583453+0800 - INFO - 弓箭手-奇美拉 找到可用技能: q
2025-06-20T09:46:50.583951+0800 - INFO - q
2025-06-20T09:46:50.588514+0800 - INFO - 已释放技能列表: ['q', 'w', 'e', 'r', 't']
2025-06-20T09:46:50.589010+0800 - INFO - 第一排技能 - 检查技能: q
2025-06-20T09:46:50.590008+0800 - INFO - 弓箭手-奇美拉 找到可用技能: q
2025-06-20T09:46:50.590008+0800 - INFO - q
2025-06-20T09:46:50.594039+0800 - INFO - 已释放技能列表: ['q', 'w', 'e', 'r', 't']
2025-06-20T09:46:50.594039+0800 - INFO - 第一排技能 - 检查技能: q
2025-06-20T09:46:50.594633+0800 - INFO - 弓箭手-奇美拉 找到可用技能: q
2025-06-20T09:46:50.594633+0800 - INFO - q
2025-06-20T09:46:50.599683+0800 - INFO - 已释放技能列表: ['q', 'w', 'e', 'r', 't']
2025-06-20T09:46:50.599683+0800 - INFO - 第一排技能 - 检查技能: q
2025-06-20T09:46:50.601253+0800 - INFO - 弓箭手-奇美拉 找到可用技能: q
2025-06-20T09:46:50.601752+0800 - INFO - q
2025-06-20T09:46:50.604749+0800 - INFO - 已释放技能列表: ['q', 'w', 'e', 'r', 't']
2025-06-20T09:46:50.605756+0800 - INFO - 第一排技能 - 检查技能: q
2025-06-20T09:46:50.606785+0800 - INFO - 弓箭手-奇美拉 找到可用技能: q
2025-06-20T09:46:50.606785+0800 - INFO - q
2025-06-20T09:46:50.610859+0800 - INFO - 已释放技能列表: ['q', 'w', 'e', 'r', 't']
2025-06-20T09:46:50.610859+0800 - INFO - 第一排技能 - 检查技能: q
2025-06-20T09:46:50.611978+0800 - INFO - 弓箭手-奇美拉 找到可用技能: q
2025-06-20T09:46:50.612479+0800 - INFO - q
2025-06-20T09:46:50.616129+0800 - INFO - 已释放技能列表: ['q', 'w', 'e', 'r', 't']
2025-06-20T09:46:50.616628+0800 - INFO - 第一排技能 - 检查技能: q
2025-06-20T09:46:50.617627+0800 - INFO - 弓箭手-奇美拉 找到可用技能: q
2025-06-20T09:46:50.617627+0800 - INFO - q
2025-06-20T09:46:50.621121+0800 - INFO - 已释放技能列表: ['q', 'w', 'e', 'r', 't']
2025-06-20T09:46:50.621121+0800 - INFO - 第一排技能 - 检查技能: q
2025-06-20T09:46:50.622125+0800 - INFO - 弓箭手-奇美拉 找到可用技能: q
2025-06-20T09:46:50.622660+0800 - INFO - q
2025-06-20T09:46:50.626272+0800 - INFO - 已释放技能列表: ['q', 'w', 'e', 'r', 't']
2025-06-20T09:46:50.626795+0800 - INFO - 第一排技能 - 检查技能: q
2025-06-20T09:46:50.627674+0800 - INFO - 弓箭手-奇美拉 找到可用技能: q
2025-06-20T09:46:50.628172+0800 - INFO - q
2025-06-20T09:46:50.631167+0800 - INFO - 已释放技能列表: ['q', 'w', 'e', 'r', 't']
2025-06-20T09:46:50.631666+0800 - INFO - 第一排技能 - 检查技能: q
2025-06-20T09:46:50.632723+0800 - INFO - 弓箭手-奇美拉 找到可用技能: q
2025-06-20T09:46:50.633227+0800 - INFO - q
2025-06-20T09:46:50.636908+0800 - INFO - 已释放技能列表: ['q', 'w', 'e', 'r', 't']
2025-06-20T09:46:50.636908+0800 - INFO - 第一排技能 - 检查技能: q
2025-06-20T09:46:50.637908+0800 - INFO - 弓箭手-奇美拉 找到可用技能: q
2025-06-20T09:46:50.638407+0800 - INFO - q
2025-06-20T09:46:50.641900+0800 - INFO - 已释放技能列表: ['q', 'w', 'e', 'r', 't']
2025-06-20T09:46:50.642399+0800 - INFO - 第一排技能 - 检查技能: q
2025-06-20T09:46:50.643397+0800 - INFO - 弓箭手-奇美拉 找到可用技能: q
2025-06-20T09:46:50.643397+0800 - INFO - q
2025-06-20T09:46:50.648029+0800 - INFO - 已释放技能列表: ['q', 'w', 'e', 'r', 't']
2025-06-20T09:46:50.648528+0800 - INFO - 第一排技能 - 检查技能: q
2025-06-20T09:46:50.649528+0800 - INFO - 弓箭手-奇美拉 找到可用技能: q
2025-06-20T09:46:50.650026+0800 - INFO - q
2025-06-20T09:46:50.654131+0800 - INFO - 已释放技能列表: ['q', 'w', 'e', 'r', 't']
2025-06-20T09:46:50.654131+0800 - INFO - 第一排技能 - 检查技能: q
2025-06-20T09:46:50.655660+0800 - INFO - 弓箭手-奇美拉 找到可用技能: q
2025-06-20T09:46:50.655660+0800 - INFO - q
2025-06-20T09:46:50.659685+0800 - INFO - 已释放技能列表: ['q', 'w', 'e', 'r', 't']
2025-06-20T09:46:50.660184+0800 - INFO - 第一排技能 - 检查技能: q
2025-06-20T09:46:50.660683+0800 - INFO - 弓箭手-奇美拉 找到可用技能: q
2025-06-20T09:46:50.660683+0800 - INFO - q
2025-06-20T09:46:50.665797+0800 - INFO - 已释放技能列表: ['q', 'w', 'e', 'r', 't']
2025-06-20T09:46:50.666346+0800 - INFO - 第一排技能 - 检查技能: q
2025-06-20T09:46:50.667344+0800 - INFO - 弓箭手-奇美拉 找到可用技能: q
2025-06-20T09:46:50.667344+0800 - INFO - q
2025-06-20T09:46:50.672386+0800 - INFO - 已释放技能列表: ['q', 'w', 'e', 'r', 't']
2025-06-20T09:46:50.672386+0800 - INFO - 第一排技能 - 检查技能: q
2025-06-20T09:46:50.673390+0800 - INFO - 弓箭手-奇美拉 找到可用技能: q
2025-06-20T09:46:50.673912+0800 - INFO - q
2025-06-20T09:46:50.678129+0800 - INFO - 已释放技能列表: ['q', 'w', 'e', 'r', 't']
2025-06-20T09:46:50.678628+0800 - INFO - 第一排技能 - 检查技能: q
2025-06-20T09:46:50.679127+0800 - INFO - 弓箭手-奇美拉 找到可用技能: q
2025-06-20T09:46:50.680130+0800 - INFO - q
2025-06-20T09:46:50.683679+0800 - INFO - 已释放技能列表: ['q', 'w', 'e', 'r', 't']
2025-06-20T09:46:50.684175+0800 - INFO - 第一排技能 - 检查技能: q
2025-06-20T09:46:50.684674+0800 - INFO - 弓箭手-奇美拉 找到可用技能: q
2025-06-20T09:46:50.684674+0800 - INFO - q
2025-06-20T09:46:50.689580+0800 - INFO - 已释放技能列表: ['q', 'w', 'e', 'r', 't']
2025-06-20T09:46:50.690079+0800 - INFO - 第一排技能 - 检查技能: q
2025-06-20T09:46:50.691077+0800 - INFO - 弓箭手-奇美拉 找到可用技能: q
2025-06-20T09:46:50.691576+0800 - INFO - q
2025-06-20T09:46:50.694621+0800 - INFO - 已释放技能列表: ['q', 'w', 'e', 'r', 't']
2025-06-20T09:46:50.695627+0800 - INFO - 第一排技能 - 检查技能: q
2025-06-20T09:46:50.696152+0800 - INFO - 弓箭手-奇美拉 找到可用技能: q
2025-06-20T09:46:50.696673+0800 - INFO - q
2025-06-20T09:46:50.701283+0800 - INFO - 已释放技能列表: ['q', 'w', 'e', 'r', 't']
2025-06-20T09:46:50.701789+0800 - INFO - 第一排技能 - 检查技能: q
2025-06-20T09:46:50.702795+0800 - INFO - 弓箭手-奇美拉 找到可用技能: q
2025-06-20T09:46:50.703332+0800 - INFO - q
2025-06-20T09:46:50.707377+0800 - INFO - 已释放技能列表: ['q', 'w', 'e', 'r', 't']
2025-06-20T09:46:50.707879+0800 - INFO - 第一排技能 - 检查技能: q
2025-06-20T09:46:50.708885+0800 - INFO - 弓箭手-奇美拉 找到可用技能: q
2025-06-20T09:46:50.709411+0800 - INFO - q
2025-06-20T09:46:50.713951+0800 - INFO - 已释放技能列表: ['q', 'w', 'e', 'r', 't']
2025-06-20T09:46:50.713951+0800 - INFO - 第一排技能 - 检查技能: q
2025-06-20T09:46:50.715006+0800 - INFO - 弓箭手-奇美拉 找到可用技能: q
2025-06-20T09:46:50.715006+0800 - INFO - q
2025-06-20T09:46:50.720557+0800 - INFO - 已释放技能列表: ['q', 'w', 'e', 'r', 't']
2025-06-20T09:46:50.721056+0800 - INFO - 第一排技能 - 检查技能: q
2025-06-20T09:46:50.722055+0800 - INFO - 弓箭手-奇美拉 找到可用技能: q
2025-06-20T09:46:50.722055+0800 - INFO - q
2025-06-20T09:46:50.726202+0800 - INFO - 已释放技能列表: ['q', 'w', 'e', 'r', 't']
2025-06-20T09:46:50.726703+0800 - INFO - 第一排技能 - 检查技能: q
2025-06-20T09:46:50.727199+0800 - INFO - 弓箭手-奇美拉 找到可用技能: q
2025-06-20T09:46:50.728349+0800 - INFO - q
2025-06-20T09:46:50.732352+0800 - INFO - 已释放技能列表: ['q', 'w', 'e', 'r', 't']
2025-06-20T09:46:50.732850+0800 - INFO - 第一排技能 - 检查技能: q
2025-06-20T09:46:50.733855+0800 - INFO - 弓箭手-奇美拉 找到可用技能: q
2025-06-20T09:46:50.733855+0800 - INFO - q
2025-06-20T09:46:50.736928+0800 - INFO - 已释放技能列表: ['q', 'w', 'e', 'r', 't']
2025-06-20T09:46:50.737451+0800 - INFO - 第一排技能 - 检查技能: q
2025-06-20T09:46:50.738458+0800 - INFO - 弓箭手-奇美拉 找到可用技能: q
2025-06-20T09:46:50.738556+0800 - INFO - q
2025-06-20T09:46:50.742053+0800 - INFO - 已释放技能列表: ['q', 'w', 'e', 'r', 't']
2025-06-20T09:46:50.742552+0800 - INFO - 第一排技能 - 检查技能: q
2025-06-20T09:46:50.743050+0800 - INFO - 弓箭手-奇美拉 找到可用技能: q
2025-06-20T09:46:50.743550+0800 - INFO - q
2025-06-20T09:46:50.746604+0800 - INFO - 已释放技能列表: ['q', 'w', 'e', 'r', 't']
2025-06-20T09:46:50.746604+0800 - INFO - 第一排技能 - 检查技能: q
2025-06-20T09:46:50.748074+0800 - INFO - 弓箭手-奇美拉 找到可用技能: q
2025-06-20T09:46:50.748074+0800 - INFO - q
2025-06-20T09:46:50.752633+0800 - INFO - 已释放技能列表: ['q', 'w', 'e', 'r', 't']
2025-06-20T09:46:50.752633+0800 - INFO - 第一排技能 - 检查技能: q
2025-06-20T09:46:50.754169+0800 - INFO - 弓箭手-奇美拉 找到可用技能: q
2025-06-20T09:46:50.754670+0800 - INFO - q
2025-06-20T09:46:50.758298+0800 - INFO - 已释放技能列表: ['q', 'w', 'e', 'r', 't']
2025-06-20T09:46:50.758298+0800 - INFO - 第一排技能 - 检查技能: q
2025-06-20T09:46:50.759296+0800 - INFO - 弓箭手-奇美拉 找到可用技能: q
2025-06-20T09:46:50.759794+0800 - INFO - q
2025-06-20T09:46:50.762921+0800 - INFO - 已释放技能列表: ['q', 'w', 'e', 'r', 't']
2025-06-20T09:46:50.763985+0800 - INFO - 第一排技能 - 检查技能: q
2025-06-20T09:46:50.764988+0800 - INFO - 弓箭手-奇美拉 找到可用技能: q
2025-06-20T09:46:50.764988+0800 - INFO - q
2025-06-20T09:46:50.768534+0800 - INFO - 已释放技能列表: ['q', 'w', 'e', 'r', 't']
2025-06-20T09:46:50.768534+0800 - INFO - 第一排技能 - 检查技能: q
2025-06-20T09:46:50.769532+0800 - INFO - 弓箭手-奇美拉 找到可用技能: q
2025-06-20T09:46:50.769532+0800 - INFO - q
2025-06-20T09:46:50.773065+0800 - INFO - 已释放技能列表: ['q', 'w', 'e', 'r', 't']
2025-06-20T09:46:50.773563+0800 - INFO - 第一排技能 - 检查技能: q
2025-06-20T09:46:50.774562+0800 - INFO - 弓箭手-奇美拉 找到可用技能: q
2025-06-20T09:46:50.774562+0800 - INFO - q
2025-06-20T09:46:50.778204+0800 - INFO - 已释放技能列表: ['q', 'w', 'e', 'r', 't']
2025-06-20T09:46:50.778204+0800 - INFO - 第一排技能 - 检查技能: q
2025-06-20T09:46:50.779279+0800 - INFO - 弓箭手-奇美拉 找到可用技能: q
2025-06-20T09:46:50.780286+0800 - INFO - q
2025-06-20T09:46:50.783820+0800 - INFO - 已释放技能列表: ['q', 'w', 'e', 'r', 't']
2025-06-20T09:46:50.784318+0800 - INFO - 第一排技能 - 检查技能: q
2025-06-20T09:46:50.784817+0800 - INFO - 弓箭手-奇美拉 找到可用技能: q
2025-06-20T09:46:50.785822+0800 - INFO - q
2025-06-20T09:46:50.789432+0800 - INFO - 已释放技能列表: ['q', 'w', 'e', 'r', 't']
2025-06-20T09:46:50.789934+0800 - INFO - 第一排技能 - 检查技能: q
2025-06-20T09:46:50.790932+0800 - INFO - 弓箭手-奇美拉 找到可用技能: q
2025-06-20T09:46:50.790932+0800 - INFO - q
2025-06-20T09:46:50.794929+0800 - INFO - 已释放技能列表: ['q', 'w', 'e', 'r', 't']
2025-06-20T09:46:50.794929+0800 - INFO - 第一排技能 - 检查技能: q
2025-06-20T09:46:50.795933+0800 - INFO - 弓箭手-奇美拉 找到可用技能: q
2025-06-20T09:46:50.796466+0800 - INFO - q
2025-06-20T09:46:50.799662+0800 - INFO - 已释放技能列表: ['q', 'w', 'e', 'r', 't']
2025-06-20T09:46:50.800166+0800 - INFO - 第一排技能 - 检查技能: q
2025-06-20T09:46:50.800665+0800 - INFO - 弓箭手-奇美拉 找到可用技能: q
2025-06-20T09:46:50.800665+0800 - INFO - q
2025-06-20T09:46:50.804717+0800 - INFO - 已释放技能列表: ['q', 'w', 'e', 'r', 't']
2025-06-20T09:46:50.804717+0800 - INFO - 第一排技能 - 检查技能: q
2025-06-20T09:46:50.805765+0800 - INFO - 弓箭手-奇美拉 找到可用技能: q
2025-06-20T09:46:50.806290+0800 - INFO - q
2025-06-20T09:46:50.810890+0800 - INFO - 已释放技能列表: ['q', 'w', 'e', 'r', 't']
2025-06-20T09:46:50.811391+0800 - INFO - 第一排技能 - 检查技能: q
2025-06-20T09:46:50.812387+0800 - INFO - 弓箭手-奇美拉 找到可用技能: q
2025-06-20T09:46:50.812886+0800 - INFO - q
2025-06-20T09:46:50.815949+0800 - INFO - 已释放技能列表: ['q', 'w', 'e', 'r', 't']
2025-06-20T09:46:50.816480+0800 - INFO - 第一排技能 - 检查技能: q
2025-06-20T09:46:50.816979+0800 - INFO - 弓箭手-奇美拉 找到可用技能: q
2025-06-20T09:46:50.816979+0800 - INFO - q
2025-06-20T09:46:50.821569+0800 - INFO - 已释放技能列表: ['q', 'w', 'e', 'r', 't']
2025-06-20T09:46:50.821569+0800 - INFO - 第一排技能 - 检查技能: q
2025-06-20T09:46:50.823120+0800 - INFO - 弓箭手-奇美拉 找到可用技能: q
2025-06-20T09:46:50.823618+0800 - INFO - q
2025-06-20T09:46:50.827159+0800 - INFO - 已释放技能列表: ['q', 'w', 'e', 'r', 't']
2025-06-20T09:46:50.827655+0800 - INFO - 第一排技能 - 检查技能: q
2025-06-20T09:46:50.828157+0800 - INFO - 弓箭手-奇美拉 找到可用技能: q
2025-06-20T09:46:50.828654+0800 - INFO - q
2025-06-20T09:46:50.832265+0800 - INFO - 已释放技能列表: ['q', 'w', 'e', 'r', 't']
2025-06-20T09:46:50.833258+0800 - INFO - 第一排技能 - 检查技能: q
2025-06-20T09:46:50.833756+0800 - INFO - 弓箭手-奇美拉 找到可用技能: q
2025-06-20T09:46:50.834256+0800 - INFO - q
2025-06-20T09:46:50.838425+0800 - INFO - 已释放技能列表: ['q', 'w', 'e', 'r', 't']
2025-06-20T09:46:50.838932+0800 - INFO - 第一排技能 - 检查技能: q
2025-06-20T09:46:50.839451+0800 - INFO - 弓箭手-奇美拉 找到可用技能: q
2025-06-20T09:46:50.839451+0800 - INFO - q
2025-06-20T09:46:50.844048+0800 - INFO - 已释放技能列表: ['q', 'w', 'e', 'r', 't']
2025-06-20T09:46:50.844548+0800 - INFO - 第一排技能 - 检查技能: q
2025-06-20T09:46:50.845046+0800 - INFO - 弓箭手-奇美拉 找到可用技能: q
2025-06-20T09:46:50.845046+0800 - INFO - q
2025-06-20T09:46:50.848739+0800 - INFO - 已释放技能列表: ['q', 'w', 'e', 'r', 't']
2025-06-20T09:46:50.849239+0800 - INFO - 第一排技能 - 检查技能: q
2025-06-20T09:46:50.850237+0800 - INFO - 弓箭手-奇美拉 找到可用技能: q
2025-06-20T09:46:50.850735+0800 - INFO - q
2025-06-20T09:46:50.853773+0800 - INFO - 已释放技能列表: ['q', 'w', 'e', 'r', 't']
2025-06-20T09:46:50.853773+0800 - INFO - 第一排技能 - 检查技能: q
2025-06-20T09:46:50.854771+0800 - INFO - 弓箭手-奇美拉 找到可用技能: q
2025-06-20T09:46:50.854771+0800 - INFO - q
2025-06-20T09:46:50.858891+0800 - INFO - 已释放技能列表: ['q', 'w', 'e', 'r', 't']
2025-06-20T09:46:50.859395+0800 - INFO - 第一排技能 - 检查技能: q
2025-06-20T09:46:50.860416+0800 - INFO - 弓箭手-奇美拉 找到可用技能: q
2025-06-20T09:46:50.860915+0800 - INFO - q
2025-06-20T09:46:50.864466+0800 - INFO - 已释放技能列表: ['q', 'w', 'e', 'r', 't']
2025-06-20T09:46:50.864966+0800 - INFO - 第一排技能 - 检查技能: q
2025-06-20T09:46:50.865975+0800 - INFO - 弓箭手-奇美拉 找到可用技能: q
2025-06-20T09:46:50.866526+0800 - INFO - q
2025-06-20T09:46:50.871021+0800 - INFO - 已释放技能列表: ['q', 'w', 'e', 'r', 't']
2025-06-20T09:46:50.871519+0800 - INFO - 第一排技能 - 检查技能: q
2025-06-20T09:46:50.873027+0800 - INFO - 弓箭手-奇美拉 找到可用技能: q
2025-06-20T09:46:50.873027+0800 - INFO - q
2025-06-20T09:46:50.877116+0800 - INFO - 已释放技能列表: ['q', 'w', 'e', 'r', 't']
2025-06-20T09:46:50.877613+0800 - INFO - 第一排技能 - 检查技能: q
2025-06-20T09:46:50.878113+0800 - INFO - 弓箭手-奇美拉 找到可用技能: q
2025-06-20T09:46:50.879122+0800 - INFO - q
2025-06-20T09:46:50.883915+0800 - INFO - 已释放技能列表: ['q', 'w', 'e', 'r', 't']
2025-06-20T09:46:50.884422+0800 - INFO - 第一排技能 - 检查技能: q
2025-06-20T09:46:50.884917+0800 - INFO - 弓箭手-奇美拉 找到可用技能: q
2025-06-20T09:46:50.885984+0800 - INFO - q
2025-06-20T09:46:50.888991+0800 - INFO - 已释放技能列表: ['q', 'w', 'e', 'r', 't']
2025-06-20T09:46:50.889490+0800 - INFO - 第一排技能 - 检查技能: q
2025-06-20T09:46:50.890485+0800 - INFO - 弓箭手-奇美拉 找到可用技能: q
2025-06-20T09:46:50.890485+0800 - INFO - q
2025-06-20T09:46:50.894583+0800 - INFO - 已释放技能列表: ['q', 'w', 'e', 'r', 't']
2025-06-20T09:46:50.894583+0800 - INFO - 第一排技能 - 检查技能: q
2025-06-20T09:46:50.895588+0800 - INFO - 弓箭手-奇美拉 找到可用技能: q
2025-06-20T09:46:50.896130+0800 - INFO - q
2025-06-20T09:46:50.900188+0800 - INFO - 已释放技能列表: ['q', 'w', 'e', 'r', 't']
2025-06-20T09:46:50.900720+0800 - INFO - 第一排技能 - 检查技能: q
2025-06-20T09:46:50.902222+0800 - INFO - 弓箭手-奇美拉 找到可用技能: q
2025-06-20T09:46:50.902321+0800 - INFO - q
2025-06-20T09:46:50.905824+0800 - INFO - 已释放技能列表: ['q', 'w', 'e', 'r', 't']
2025-06-20T09:46:50.906869+0800 - INFO - 第一排技能 - 检查技能: q
2025-06-20T09:46:50.907398+0800 - INFO - 弓箭手-奇美拉 找到可用技能: q
2025-06-20T09:46:50.907398+0800 - INFO - q
2025-06-20T09:46:50.913426+0800 - INFO - 已释放技能列表: ['q', 'w', 'e', 'r', 't']
2025-06-20T09:46:50.913426+0800 - INFO - 第一排技能 - 检查技能: q
2025-06-20T09:46:50.914422+0800 - INFO - 弓箭手-奇美拉 找到可用技能: q
2025-06-20T09:46:50.914919+0800 - INFO - q
2025-06-20T09:46:50.919051+0800 - INFO - 已释放技能列表: ['q', 'w', 'e', 'r', 't']
2025-06-20T09:46:50.920056+0800 - INFO - 第一排技能 - 检查技能: q
2025-06-20T09:46:50.920598+0800 - INFO - 弓箭手-奇美拉 找到可用技能: q
2025-06-20T09:46:50.920598+0800 - INFO - q
2025-06-20T09:46:50.924654+0800 - INFO - 已释放技能列表: ['q', 'w', 'e', 'r', 't']
2025-06-20T09:46:50.925661+0800 - INFO - 第一排技能 - 检查技能: q
2025-06-20T09:46:50.926221+0800 - INFO - 弓箭手-奇美拉 找到可用技能: q
2025-06-20T09:46:50.926721+0800 - INFO - q
2025-06-20T09:46:50.931311+0800 - INFO - 已释放技能列表: ['q', 'w', 'e', 'r', 't']
2025-06-20T09:46:50.931311+0800 - INFO - 第一排技能 - 检查技能: q
2025-06-20T09:46:50.932851+0800 - INFO - 弓箭手-奇美拉 找到可用技能: q
2025-06-20T09:46:50.933350+0800 - INFO - q
2025-06-20T09:46:50.936391+0800 - INFO - 已释放技能列表: ['q', 'w', 'e', 'r', 't']
2025-06-20T09:46:50.936895+0800 - INFO - 第一排技能 - 检查技能: q
2025-06-20T09:46:50.937897+0800 - INFO - 弓箭手-奇美拉 找到可用技能: q
2025-06-20T09:46:50.937897+0800 - INFO - q
2025-06-20T09:46:50.942553+0800 - INFO - 已释放技能列表: ['q', 'w', 'e', 'r', 't']
2025-06-20T09:46:50.942553+0800 - INFO - 第一排技能 - 检查技能: q
2025-06-20T09:46:50.943558+0800 - INFO - 弓箭手-奇美拉 找到可用技能: q
2025-06-20T09:46:50.944054+0800 - INFO - q
2025-06-20T09:46:50.948634+0800 - INFO - 已释放技能列表: ['q', 'w', 'e', 'r', 't']
2025-06-20T09:46:50.949132+0800 - INFO - 第一排技能 - 检查技能: q
2025-06-20T09:46:50.950130+0800 - INFO - 弓箭手-奇美拉 找到可用技能: q
2025-06-20T09:46:50.950629+0800 - INFO - q
2025-06-20T09:46:50.953696+0800 - INFO - 已释放技能列表: ['q', 'w', 'e', 'r', 't']
2025-06-20T09:46:50.954195+0800 - INFO - 第一排技能 - 检查技能: q
2025-06-20T09:46:50.954693+0800 - INFO - 弓箭手-奇美拉 找到可用技能: q
2025-06-20T09:46:50.954693+0800 - INFO - q
2025-06-20T09:46:50.958753+0800 - INFO - 已释放技能列表: ['q', 'w', 'e', 'r', 't']
2025-06-20T09:46:50.959253+0800 - INFO - 第一排技能 - 检查技能: q
2025-06-20T09:46:50.959751+0800 - INFO - 弓箭手-奇美拉 找到可用技能: q
2025-06-20T09:46:50.959751+0800 - INFO - q
2025-06-20T09:46:50.963967+0800 - INFO - 已释放技能列表: ['q', 'w', 'e', 'r', 't']
2025-06-20T09:46:50.964466+0800 - INFO - 第一排技能 - 检查技能: q
2025-06-20T09:46:50.964965+0800 - INFO - 弓箭手-奇美拉 找到可用技能: q
2025-06-20T09:46:50.964965+0800 - INFO - q
2025-06-20T09:46:50.970049+0800 - INFO - 已释放技能列表: ['q', 'w', 'e', 'r', 't']
2025-06-20T09:46:50.970548+0800 - INFO - 第一排技能 - 检查技能: q
2025-06-20T09:46:50.971047+0800 - INFO - 弓箭手-奇美拉 找到可用技能: q
2025-06-20T09:46:50.971047+0800 - INFO - q
2025-06-20T09:46:50.974592+0800 - INFO - 已释放技能列表: ['q', 'w', 'e', 'r', 't']
2025-06-20T09:46:50.976133+0800 - INFO - 第一排技能 - 检查技能: q
2025-06-20T09:46:50.977132+0800 - INFO - 弓箭手-奇美拉 找到可用技能: q
2025-06-20T09:46:50.977630+0800 - INFO - q
2025-06-20T09:46:50.981758+0800 - INFO - 已释放技能列表: ['q', 'w', 'e', 'r', 't']
2025-06-20T09:46:50.982272+0800 - INFO - 第一排技能 - 检查技能: q
2025-06-20T09:46:50.983276+0800 - INFO - 弓箭手-奇美拉 找到可用技能: q
2025-06-20T09:46:50.983276+0800 - INFO - q
2025-06-20T09:46:50.987360+0800 - INFO - 已释放技能列表: ['q', 'w', 'e', 'r', 't']
2025-06-20T09:46:50.987869+0800 - INFO - 第一排技能 - 检查技能: q
2025-06-20T09:46:50.988365+0800 - INFO - 弓箭手-奇美拉 找到可用技能: q
2025-06-20T09:46:50.988863+0800 - INFO - q
2025-06-20T09:46:50.992354+0800 - INFO - 已释放技能列表: ['q', 'w', 'e', 'r', 't']
2025-06-20T09:46:50.992354+0800 - INFO - 第一排技能 - 检查技能: q
2025-06-20T09:46:50.993361+0800 - INFO - 弓箭手-奇美拉 找到可用技能: q
2025-06-20T09:46:50.993361+0800 - INFO - q
2025-06-20T09:46:50.997962+0800 - INFO - 已释放技能列表: ['q', 'w', 'e', 'r', 't']
2025-06-20T09:46:50.997962+0800 - INFO - 第一排技能 - 检查技能: q
2025-06-20T09:46:50.998461+0800 - INFO - 弓箭手-奇美拉 找到可用技能: q
2025-06-20T09:46:50.998461+0800 - INFO - q
2025-06-20T09:46:51.002060+0800 - INFO - 已释放技能列表: ['q', 'w', 'e', 'r', 't']
2025-06-20T09:46:51.002060+0800 - INFO - 第一排技能 - 检查技能: q
2025-06-20T09:46:51.003608+0800 - INFO - 弓箭手-奇美拉 找到可用技能: q
2025-06-20T09:46:51.004106+0800 - INFO - q
2025-06-20T09:46:51.007143+0800 - INFO - 已释放技能列表: ['q', 'w', 'e', 'r', 't']
2025-06-20T09:46:51.007641+0800 - INFO - 第一排技能 - 检查技能: q
2025-06-20T09:46:51.007641+0800 - INFO - 弓箭手-奇美拉 找到可用技能: q
2025-06-20T09:46:51.008649+0800 - INFO - q
2025-06-20T09:46:51.012721+0800 - INFO - 已释放技能列表: ['q', 'w', 'e', 'r', 't']
2025-06-20T09:46:51.013216+0800 - INFO - 第一排技能 - 检查技能: q
2025-06-20T09:46:51.014214+0800 - INFO - 弓箭手-奇美拉 找到可用技能: q
2025-06-20T09:46:51.014214+0800 - INFO - q
2025-06-20T09:46:51.017753+0800 - INFO - 已释放技能列表: ['q', 'w', 'e', 'r', 't']
2025-06-20T09:46:51.017753+0800 - INFO - 第一排技能 - 检查技能: q
2025-06-20T09:46:51.018756+0800 - INFO - 弓箭手-奇美拉 找到可用技能: q
2025-06-20T09:46:51.019292+0800 - INFO - q
2025-06-20T09:46:51.022353+0800 - INFO - 已释放技能列表: ['q', 'w', 'e', 'r', 't']
2025-06-20T09:46:51.022874+0800 - INFO - 第一排技能 - 检查技能: q
2025-06-20T09:46:51.023390+0800 - INFO - 弓箭手-奇美拉 找到可用技能: q
2025-06-20T09:46:51.023889+0800 - INFO - q
2025-06-20T09:46:51.027438+0800 - INFO - 已释放技能列表: ['q', 'w', 'e', 'r', 't']
2025-06-20T09:46:51.027939+0800 - INFO - 第一排技能 - 检查技能: q
2025-06-20T09:46:51.028944+0800 - INFO - 弓箭手-奇美拉 找到可用技能: q
2025-06-20T09:46:51.029438+0800 - INFO - q
2025-06-20T09:46:51.032928+0800 - INFO - 已释放技能列表: ['q', 'w', 'e', 'r', 't']
2025-06-20T09:46:51.032928+0800 - INFO - 第一排技能 - 检查技能: q
2025-06-20T09:46:51.033933+0800 - INFO - 弓箭手-奇美拉 找到可用技能: q
2025-06-20T09:46:51.034469+0800 - INFO - q
2025-06-20T09:46:51.037501+0800 - INFO - 已释放技能列表: ['q', 'w', 'e', 'r', 't']
2025-06-20T09:46:51.038004+0800 - INFO - 第一排技能 - 检查技能: q
2025-06-20T09:46:51.039007+0800 - INFO - 弓箭手-奇美拉 找到可用技能: q
2025-06-20T09:46:51.039007+0800 - INFO - q
2025-06-20T09:46:51.042545+0800 - INFO - 已释放技能列表: ['q', 'w', 'e', 'r', 't']
2025-06-20T09:46:51.043086+0800 - INFO - 第一排技能 - 检查技能: q
2025-06-20T09:46:51.044090+0800 - INFO - 弓箭手-奇美拉 找到可用技能: q
2025-06-20T09:46:51.044090+0800 - INFO - q
2025-06-20T09:46:51.048158+0800 - INFO - 已释放技能列表: ['q', 'w', 'e', 'r', 't']
2025-06-20T09:46:51.048658+0800 - INFO - 第一排技能 - 检查技能: q
2025-06-20T09:46:51.049161+0800 - INFO - 弓箭手-奇美拉 找到可用技能: q
2025-06-20T09:46:51.049660+0800 - INFO - q
2025-06-20T09:46:51.053217+0800 - INFO - 已释放技能列表: ['q', 'w', 'e', 'r', 't']
2025-06-20T09:46:51.053724+0800 - INFO - 第一排技能 - 检查技能: q
2025-06-20T09:46:51.054722+0800 - INFO - 第一排技能 - 检查技能: w
2025-06-20T09:46:51.054722+0800 - INFO - 弓箭手-奇美拉 找到可用技能: w
2025-06-20T09:46:51.055731+0800 - INFO - w
2025-06-20T09:46:51.058276+0800 - INFO - 已释放技能列表: ['q', 'w', 'e', 'r', 't']
2025-06-20T09:46:51.059285+0800 - INFO - 第一排技能 - 检查技能: q
2025-06-20T09:46:51.060310+0800 - INFO - 第一排技能 - 检查技能: w
2025-06-20T09:46:51.060811+0800 - INFO - 弓箭手-奇美拉 找到可用技能: w
2025-06-20T09:46:51.061309+0800 - INFO - w
2025-06-20T09:46:51.064571+0800 - INFO - 已释放技能列表: ['q', 'w', 'e', 'r', 't']
2025-06-20T09:46:51.065695+0800 - INFO - 第一排技能 - 检查技能: q
2025-06-20T09:46:51.066698+0800 - INFO - 第一排技能 - 检查技能: w
2025-06-20T09:46:51.067696+0800 - INFO - 弓箭手-奇美拉 找到可用技能: w
2025-06-20T09:46:51.067696+0800 - INFO - w
2025-06-20T09:46:51.070729+0800 - INFO - 已释放技能列表: ['q', 'w', 'e', 'r', 't']
2025-06-20T09:46:51.071226+0800 - INFO - 第一排技能 - 检查技能: q
2025-06-20T09:46:51.071725+0800 - INFO - 第一排技能 - 检查技能: w
2025-06-20T09:46:51.072729+0800 - INFO - 弓箭手-奇美拉 找到可用技能: w
2025-06-20T09:46:51.072729+0800 - INFO - w
2025-06-20T09:46:51.075846+0800 - INFO - 已释放技能列表: ['q', 'w', 'e', 'r', 't']
2025-06-20T09:46:51.076348+0800 - INFO - 第一排技能 - 检查技能: q
2025-06-20T09:46:51.077349+0800 - INFO - 第一排技能 - 检查技能: w
2025-06-20T09:46:51.077845+0800 - INFO - 弓箭手-奇美拉 找到可用技能: w
2025-06-20T09:46:51.078347+0800 - INFO - w
2025-06-20T09:46:51.083919+0800 - INFO - 已释放技能列表: ['q', 'w', 'e', 'r', 't']
2025-06-20T09:46:51.083919+0800 - INFO - 第一排技能 - 检查技能: q
2025-06-20T09:46:51.084923+0800 - INFO - 第一排技能 - 检查技能: w
2025-06-20T09:46:51.086546+0800 - INFO - 弓箭手-奇美拉 找到可用技能: w
2025-06-20T09:46:51.086546+0800 - INFO - w
2025-06-20T09:46:51.091029+0800 - INFO - 已释放技能列表: ['q', 'w', 'e', 'r', 't']
2025-06-20T09:46:51.091528+0800 - INFO - 第一排技能 - 检查技能: q
2025-06-20T09:46:51.092527+0800 - INFO - 第一排技能 - 检查技能: w
2025-06-20T09:46:51.093025+0800 - INFO - 弓箭手-奇美拉 找到可用技能: w
2025-06-20T09:46:51.093525+0800 - INFO - w
2025-06-20T09:46:51.097148+0800 - INFO - 已释放技能列表: ['q', 'w', 'e', 'r', 't']
2025-06-20T09:46:51.097653+0800 - INFO - 第一排技能 - 检查技能: q
2025-06-20T09:46:51.098650+0800 - INFO - 第一排技能 - 检查技能: w
2025-06-20T09:46:51.099655+0800 - INFO - 弓箭手-奇美拉 找到可用技能: w
2025-06-20T09:46:51.099655+0800 - INFO - w
2025-06-20T09:46:51.103187+0800 - INFO - 已释放技能列表: ['q', 'w', 'e', 'r', 't']
2025-06-20T09:46:51.103718+0800 - INFO - 第一排技能 - 检查技能: q
2025-06-20T09:46:51.103718+0800 - INFO - 第一排技能 - 检查技能: w
2025-06-20T09:46:51.104736+0800 - INFO - 弓箭手-奇美拉 找到可用技能: w
2025-06-20T09:46:51.104736+0800 - INFO - w
2025-06-20T09:46:51.109812+0800 - INFO - 已释放技能列表: ['q', 'w', 'e', 'r', 't']
2025-06-20T09:46:51.109812+0800 - INFO - 第一排技能 - 检查技能: q
2025-06-20T09:46:51.110876+0800 - INFO - 第一排技能 - 检查技能: w
2025-06-20T09:46:51.111376+0800 - INFO - 弓箭手-奇美拉 找到可用技能: w
2025-06-20T09:46:51.111875+0800 - INFO - w
2025-06-20T09:46:51.114869+0800 - INFO - 已释放技能列表: ['q', 'w', 'e', 'r', 't']
2025-06-20T09:46:51.114869+0800 - INFO - 第一排技能 - 检查技能: q
2025-06-20T09:46:51.116402+0800 - INFO - 第一排技能 - 检查技能: w
2025-06-20T09:46:51.116902+0800 - INFO - 弓箭手-奇美拉 找到可用技能: w
2025-06-20T09:46:51.117401+0800 - INFO - w
2025-06-20T09:46:51.121438+0800 - INFO - 已释放技能列表: ['q', 'w', 'e', 'r', 't']
2025-06-20T09:46:51.121438+0800 - INFO - 第一排技能 - 检查技能: q
2025-06-20T09:46:51.122511+0800 - INFO - 第一排技能 - 检查技能: w
2025-06-20T09:46:51.122511+0800 - INFO - 弓箭手-奇美拉 找到可用技能: w
2025-06-20T09:46:51.123517+0800 - INFO - w
2025-06-20T09:46:51.128143+0800 - INFO - 已释放技能列表: ['q', 'w', 'e', 'r', 't']
2025-06-20T09:46:51.128642+0800 - INFO - 第一排技能 - 检查技能: q
2025-06-20T09:46:51.129141+0800 - INFO - 第一排技能 - 检查技能: w
2025-06-20T09:46:51.129642+0800 - INFO - 弓箭手-奇美拉 找到可用技能: w
2025-06-20T09:46:51.130140+0800 - INFO - w
2025-06-20T09:46:51.133636+0800 - INFO - 已释放技能列表: ['q', 'w', 'e', 'r', 't']
2025-06-20T09:46:51.134135+0800 - INFO - 第一排技能 - 检查技能: q
2025-06-20T09:46:51.134636+0800 - INFO - 第一排技能 - 检查技能: w
2025-06-20T09:46:51.135643+0800 - INFO - 弓箭手-奇美拉 找到可用技能: w
2025-06-20T09:46:51.135643+0800 - INFO - w
2025-06-20T09:46:51.139180+0800 - INFO - 已释放技能列表: ['q', 'w', 'e', 'r', 't']
2025-06-20T09:46:51.139679+0800 - INFO - 第一排技能 - 检查技能: q
2025-06-20T09:46:51.140676+0800 - INFO - 第一排技能 - 检查技能: w
2025-06-20T09:46:51.141179+0800 - INFO - 弓箭手-奇美拉 找到可用技能: w
2025-06-20T09:46:51.141677+0800 - INFO - w
2025-06-20T09:46:51.144780+0800 - INFO - 已释放技能列表: ['q', 'w', 'e', 'r', 't']
2025-06-20T09:46:51.145784+0800 - INFO - 第一排技能 - 检查技能: q
2025-06-20T09:46:51.146327+0800 - INFO - 第一排技能 - 检查技能: w
2025-06-20T09:46:51.147329+0800 - INFO - 弓箭手-奇美拉 找到可用技能: w
2025-06-20T09:46:51.147329+0800 - INFO - w
2025-06-20T09:46:51.151820+0800 - INFO - 已释放技能列表: ['q', 'w', 'e', 'r', 't']
2025-06-20T09:46:51.152319+0800 - INFO - 第一排技能 - 检查技能: q
2025-06-20T09:46:51.152818+0800 - INFO - 第一排技能 - 检查技能: w
2025-06-20T09:46:51.153821+0800 - INFO - 弓箭手-奇美拉 找到可用技能: w
2025-06-20T09:46:51.153821+0800 - INFO - w
2025-06-20T09:46:51.157010+0800 - INFO - 已释放技能列表: ['q', 'w', 'e', 'r', 't']
2025-06-20T09:46:51.157674+0800 - INFO - 第一排技能 - 检查技能: q
2025-06-20T09:46:51.158673+0800 - INFO - 第一排技能 - 检查技能: w
2025-06-20T09:46:51.159173+0800 - INFO - 弓箭手-奇美拉 找到可用技能: w
2025-06-20T09:46:51.159672+0800 - INFO - w
2025-06-20T09:46:51.162719+0800 - INFO - 已释放技能列表: ['q', 'w', 'e', 'r', 't']
2025-06-20T09:46:51.162719+0800 - INFO - 第一排技能 - 检查技能: q
2025-06-20T09:46:51.163726+0800 - INFO - 第一排技能 - 检查技能: w
2025-06-20T09:46:51.164800+0800 - INFO - 弓箭手-奇美拉 找到可用技能: w
2025-06-20T09:46:51.164800+0800 - INFO - w
2025-06-20T09:46:51.168891+0800 - INFO - 已释放技能列表: ['q', 'w', 'e', 'r', 't']
2025-06-20T09:46:51.168891+0800 - INFO - 第一排技能 - 检查技能: q
2025-06-20T09:46:51.169889+0800 - INFO - 第一排技能 - 检查技能: w
2025-06-20T09:46:51.170389+0800 - INFO - 弓箭手-奇美拉 找到可用技能: w
2025-06-20T09:46:51.170389+0800 - INFO - w
2025-06-20T09:46:51.174478+0800 - INFO - 已释放技能列表: ['q', 'w', 'e', 'r', 't']
2025-06-20T09:46:51.174974+0800 - INFO - 第一排技能 - 检查技能: q
2025-06-20T09:46:51.175978+0800 - INFO - 第一排技能 - 检查技能: w
2025-06-20T09:46:51.176502+0800 - INFO - 弓箭手-奇美拉 找到可用技能: w
2025-06-20T09:46:51.176502+0800 - INFO - w
2025-06-20T09:46:51.180496+0800 - INFO - 已释放技能列表: ['q', 'w', 'e', 'r', 't']
2025-06-20T09:46:51.181032+0800 - INFO - 第一排技能 - 检查技能: q
2025-06-20T09:46:51.182030+0800 - INFO - 第一排技能 - 检查技能: w
2025-06-20T09:46:51.182529+0800 - INFO - 弓箭手-奇美拉 找到可用技能: w
2025-06-20T09:46:51.182529+0800 - INFO - w
2025-06-20T09:46:51.185661+0800 - INFO - 已释放技能列表: ['q', 'w', 'e', 'r', 't']
2025-06-20T09:46:51.186666+0800 - INFO - 第一排技能 - 检查技能: q
2025-06-20T09:46:51.187543+0800 - INFO - 第一排技能 - 检查技能: w
2025-06-20T09:46:51.188042+0800 - INFO - 弓箭手-奇美拉 找到可用技能: w
2025-06-20T09:46:51.188042+0800 - INFO - w
2025-06-20T09:46:51.192537+0800 - INFO - 已释放技能列表: ['q', 'w', 'e', 'r', 't']
2025-06-20T09:46:51.192537+0800 - INFO - 第一排技能 - 检查技能: q
2025-06-20T09:46:51.194031+0800 - INFO - 第一排技能 - 检查技能: w
2025-06-20T09:46:51.194531+0800 - INFO - 弓箭手-奇美拉 找到可用技能: w
2025-06-20T09:46:51.194531+0800 - INFO - w
2025-06-20T09:46:51.198622+0800 - INFO - 已释放技能列表: ['q', 'w', 'e', 'r', 't']
2025-06-20T09:46:51.198622+0800 - INFO - 第一排技能 - 检查技能: q
2025-06-20T09:46:51.200167+0800 - INFO - 第一排技能 - 检查技能: w
2025-06-20T09:46:51.200667+0800 - INFO - 弓箭手-奇美拉 找到可用技能: w
2025-06-20T09:46:51.201166+0800 - INFO - w
2025-06-20T09:46:51.205236+0800 - INFO - 已释放技能列表: ['q', 'w', 'e', 'r', 't']
2025-06-20T09:46:51.205769+0800 - INFO - 第一排技能 - 检查技能: q
2025-06-20T09:46:51.206288+0800 - INFO - 第一排技能 - 检查技能: w
2025-06-20T09:46:51.207294+0800 - INFO - 弓箭手-奇美拉 找到可用技能: w
2025-06-20T09:46:51.207843+0800 - INFO - w
2025-06-20T09:46:51.211398+0800 - INFO - 已释放技能列表: ['q', 'w', 'e', 'r', 't']
2025-06-20T09:46:51.211398+0800 - INFO - 第一排技能 - 检查技能: q
2025-06-20T09:46:51.212958+0800 - INFO - 第一排技能 - 检查技能: w
2025-06-20T09:46:51.213957+0800 - INFO - 弓箭手-奇美拉 找到可用技能: w
2025-06-20T09:46:51.213957+0800 - INFO - w
2025-06-20T09:46:51.217524+0800 - INFO - 已释放技能列表: ['q', 'w', 'e', 'r', 't']
2025-06-20T09:46:51.218025+0800 - INFO - 第一排技能 - 检查技能: q
2025-06-20T09:46:51.218524+0800 - INFO - 第一排技能 - 检查技能: w
2025-06-20T09:46:51.219522+0800 - INFO - 弓箭手-奇美拉 找到可用技能: w
2025-06-20T09:46:51.219522+0800 - INFO - w
2025-06-20T09:46:51.223084+0800 - INFO - 已释放技能列表: ['q', 'w', 'e', 'r', 't']
2025-06-20T09:46:51.223584+0800 - INFO - 第一排技能 - 检查技能: q
2025-06-20T09:46:51.224083+0800 - INFO - 第一排技能 - 检查技能: w
2025-06-20T09:46:51.224083+0800 - INFO - 弓箭手-奇美拉 找到可用技能: w
2025-06-20T09:46:51.225089+0800 - INFO - w
2025-06-20T09:46:51.228214+0800 - INFO - 已释放技能列表: ['q', 'w', 'e', 'r', 't']
2025-06-20T09:46:51.228714+0800 - INFO - 第一排技能 - 检查技能: q
2025-06-20T09:46:51.229711+0800 - INFO - 第一排技能 - 检查技能: w
2025-06-20T09:46:51.230210+0800 - INFO - 弓箭手-奇美拉 找到可用技能: w
2025-06-20T09:46:51.230710+0800 - INFO - w
2025-06-20T09:46:51.233703+0800 - INFO - 已释放技能列表: ['q', 'w', 'e', 'r', 't']
2025-06-20T09:46:51.234202+0800 - INFO - 第一排技能 - 检查技能: q
2025-06-20T09:46:51.234702+0800 - INFO - 第一排技能 - 检查技能: w
2025-06-20T09:46:51.234702+0800 - INFO - 弓箭手-奇美拉 找到可用技能: w
2025-06-20T09:46:51.235706+0800 - INFO - w
2025-06-20T09:46:51.238789+0800 - INFO - 已释放技能列表: ['q', 'w', 'e', 'r', 't']
2025-06-20T09:46:51.239290+0800 - INFO - 第一排技能 - 检查技能: q
2025-06-20T09:46:51.240288+0800 - INFO - 第一排技能 - 检查技能: w
2025-06-20T09:46:51.240787+0800 - INFO - 弓箭手-奇美拉 找到可用技能: w
2025-06-20T09:46:51.240787+0800 - INFO - w
2025-06-20T09:46:51.244280+0800 - INFO - 已释放技能列表: ['q', 'w', 'e', 'r', 't']
2025-06-20T09:46:51.244280+0800 - INFO - 第一排技能 - 检查技能: q
2025-06-20T09:46:51.245285+0800 - INFO - 第一排技能 - 检查技能: w
2025-06-20T09:46:51.246347+0800 - INFO - 弓箭手-奇美拉 找到可用技能: w
2025-06-20T09:46:51.246347+0800 - INFO - w
2025-06-20T09:46:51.250400+0800 - INFO - 已释放技能列表: ['q', 'w', 'e', 'r', 't']
2025-06-20T09:46:51.251390+0800 - INFO - 第一排技能 - 检查技能: q
2025-06-20T09:46:51.252389+0800 - INFO - 第一排技能 - 检查技能: w
2025-06-20T09:46:51.252889+0800 - INFO - 弓箭手-奇美拉 找到可用技能: w
2025-06-20T09:46:51.252889+0800 - INFO - w
2025-06-20T09:46:51.255988+0800 - INFO - 已释放技能列表: ['q', 'w', 'e', 'r', 't']
2025-06-20T09:46:51.256520+0800 - INFO - 第一排技能 - 检查技能: q
2025-06-20T09:46:51.257019+0800 - INFO - 第一排技能 - 检查技能: w
2025-06-20T09:46:51.257521+0800 - INFO - 弓箭手-奇美拉 找到可用技能: w
2025-06-20T09:46:51.258020+0800 - INFO - w
2025-06-20T09:46:51.261513+0800 - INFO - 已释放技能列表: ['q', 'w', 'e', 'r', 't']
2025-06-20T09:46:51.262012+0800 - INFO - 第一排技能 - 检查技能: q
2025-06-20T09:46:51.263015+0800 - INFO - 第一排技能 - 检查技能: w
2025-06-20T09:46:51.263015+0800 - INFO - 弓箭手-奇美拉 找到可用技能: w
2025-06-20T09:46:51.263015+0800 - INFO - w
2025-06-20T09:46:51.267176+0800 - INFO - 已释放技能列表: ['q', 'w', 'e', 'r', 't']
2025-06-20T09:46:51.267176+0800 - INFO - 第一排技能 - 检查技能: q
2025-06-20T09:46:51.268176+0800 - INFO - 第一排技能 - 检查技能: w
2025-06-20T09:46:51.268675+0800 - INFO - 弓箭手-奇美拉 找到可用技能: w
2025-06-20T09:46:51.268675+0800 - INFO - w
2025-06-20T09:46:51.273293+0800 - INFO - 已释放技能列表: ['q', 'w', 'e', 'r', 't']
2025-06-20T09:46:51.273844+0800 - INFO - 第一排技能 - 检查技能: q
2025-06-20T09:46:51.274326+0800 - INFO - 第一排技能 - 检查技能: w
2025-06-20T09:46:51.274824+0800 - INFO - 弓箭手-奇美拉 找到可用技能: w
2025-06-20T09:46:51.274824+0800 - INFO - w
2025-06-20T09:46:51.279365+0800 - INFO - 已释放技能列表: ['q', 'w', 'e', 'r', 't']
2025-06-20T09:46:51.279865+0800 - INFO - 第一排技能 - 检查技能: q
2025-06-20T09:46:51.281411+0800 - INFO - 第一排技能 - 检查技能: w
2025-06-20T09:46:51.281915+0800 - INFO - 弓箭手-奇美拉 找到可用技能: w
2025-06-20T09:46:51.281915+0800 - INFO - w
2025-06-20T09:46:51.284904+0800 - INFO - 已释放技能列表: ['q', 'w', 'e', 'r', 't']
2025-06-20T09:46:51.284904+0800 - INFO - 第一排技能 - 检查技能: q
2025-06-20T09:46:51.285911+0800 - INFO - 第一排技能 - 检查技能: w
2025-06-20T09:46:51.286457+0800 - INFO - 弓箭手-奇美拉 找到可用技能: w
2025-06-20T09:46:51.286983+0800 - INFO - w
2025-06-20T09:46:51.290638+0800 - INFO - 已释放技能列表: ['q', 'w', 'e', 'r', 't']
2025-06-20T09:46:51.290638+0800 - INFO - 第一排技能 - 检查技能: q
2025-06-20T09:46:51.291636+0800 - INFO - 第一排技能 - 检查技能: w
2025-06-20T09:46:51.292135+0800 - INFO - 弓箭手-奇美拉 找到可用技能: w
2025-06-20T09:46:51.292634+0800 - INFO - w
2025-06-20T09:46:51.296186+0800 - INFO - 已释放技能列表: ['q', 'w', 'e', 'r', 't']
2025-06-20T09:46:51.296685+0800 - INFO - 第一排技能 - 检查技能: q
2025-06-20T09:46:51.297184+0800 - INFO - 第一排技能 - 检查技能: w
2025-06-20T09:46:51.297684+0800 - INFO - 弓箭手-奇美拉 找到可用技能: w
2025-06-20T09:46:51.297684+0800 - INFO - w
2025-06-20T09:46:51.301770+0800 - INFO - 已释放技能列表: ['q', 'w', 'e', 'r', 't']
2025-06-20T09:46:51.302269+0800 - INFO - 第一排技能 - 检查技能: q
2025-06-20T09:46:51.303272+0800 - INFO - 第一排技能 - 检查技能: w
2025-06-20T09:46:51.303769+0800 - INFO - 弓箭手-奇美拉 找到可用技能: w
2025-06-20T09:46:51.303769+0800 - INFO - w
2025-06-20T09:46:51.307904+0800 - INFO - 已释放技能列表: ['q', 'w', 'e', 'r', 't']
2025-06-20T09:46:51.308410+0800 - INFO - 第一排技能 - 检查技能: q
2025-06-20T09:46:51.308908+0800 - INFO - 第一排技能 - 检查技能: w
2025-06-20T09:46:51.309916+0800 - INFO - 弓箭手-奇美拉 找到可用技能: w
2025-06-20T09:46:51.310518+0800 - INFO - w
2025-06-20T09:46:51.315060+0800 - INFO - 已释放技能列表: ['q', 'w', 'e', 'r', 't']
2025-06-20T09:46:51.315060+0800 - INFO - 第一排技能 - 检查技能: q
2025-06-20T09:46:51.316065+0800 - INFO - 第一排技能 - 检查技能: w
2025-06-20T09:46:51.317107+0800 - INFO - 弓箭手-奇美拉 找到可用技能: w
2025-06-20T09:46:51.317107+0800 - INFO - w
2025-06-20T09:46:51.320109+0800 - INFO - 已释放技能列表: ['q', 'w', 'e', 'r', 't']
2025-06-20T09:46:51.320608+0800 - INFO - 第一排技能 - 检查技能: q
2025-06-20T09:46:51.321620+0800 - INFO - 第一排技能 - 检查技能: w
2025-06-20T09:46:51.322170+0800 - INFO - 弓箭手-奇美拉 找到可用技能: w
2025-06-20T09:46:51.322170+0800 - INFO - w
2025-06-20T09:46:51.326780+0800 - INFO - 已释放技能列表: ['q', 'w', 'e', 'r', 't']
2025-06-20T09:46:51.327316+0800 - INFO - 第一排技能 - 检查技能: q
2025-06-20T09:46:51.328365+0800 - INFO - 第一排技能 - 检查技能: w
2025-06-20T09:46:51.328864+0800 - INFO - 弓箭手-奇美拉 找到可用技能: w
2025-06-20T09:46:51.329364+0800 - INFO - w
2025-06-20T09:46:51.332957+0800 - INFO - 已释放技能列表: ['q', 'w', 'e', 'r', 't']
2025-06-20T09:46:51.332957+0800 - INFO - 第一排技能 - 检查技能: q
2025-06-20T09:46:51.333953+0800 - INFO - 第一排技能 - 检查技能: w
2025-06-20T09:46:51.334452+0800 - INFO - 弓箭手-奇美拉 找到可用技能: w
2025-06-20T09:46:51.334951+0800 - INFO - w
2025-06-20T09:46:51.338484+0800 - INFO - 已释放技能列表: ['q', 'w', 'e', 'r', 't']
2025-06-20T09:46:51.338484+0800 - INFO - 第一排技能 - 检查技能: q
2025-06-20T09:46:51.339488+0800 - INFO - 第一排技能 - 检查技能: w
2025-06-20T09:46:51.340013+0800 - INFO - 弓箭手-奇美拉 找到可用技能: w
2025-06-20T09:46:51.340013+0800 - INFO - w
2025-06-20T09:46:51.344505+0800 - INFO - 已释放技能列表: ['q', 'w', 'e', 'r', 't']
2025-06-20T09:46:51.345004+0800 - INFO - 第一排技能 - 检查技能: q
2025-06-20T09:46:51.345004+0800 - INFO - 第一排技能 - 检查技能: w
2025-06-20T09:46:51.346009+0800 - INFO - 弓箭手-奇美拉 找到可用技能: w
2025-06-20T09:46:51.346009+0800 - INFO - w
2025-06-20T09:46:51.350653+0800 - INFO - 已释放技能列表: ['q', 'w', 'e', 'r', 't']
2025-06-20T09:46:51.350653+0800 - INFO - 第一排技能 - 检查技能: q
2025-06-20T09:46:51.351742+0800 - INFO - 第一排技能 - 检查技能: w
2025-06-20T09:46:51.352247+0800 - INFO - 弓箭手-奇美拉 找到可用技能: w
2025-06-20T09:46:51.352746+0800 - INFO - w
2025-06-20T09:46:51.355800+0800 - INFO - 已释放技能列表: ['q', 'w', 'e', 'r', 't']
2025-06-20T09:46:51.355800+0800 - INFO - 第一排技能 - 检查技能: q
2025-06-20T09:46:51.356831+0800 - INFO - 第一排技能 - 检查技能: w
2025-06-20T09:46:51.357330+0800 - INFO - 弓箭手-奇美拉 找到可用技能: w
2025-06-20T09:46:51.357833+0800 - INFO - w
2025-06-20T09:46:51.360827+0800 - INFO - 已释放技能列表: ['q', 'w', 'e', 'r', 't']
2025-06-20T09:46:51.361326+0800 - INFO - 第一排技能 - 检查技能: q
2025-06-20T09:46:51.362324+0800 - INFO - 第一排技能 - 检查技能: w
2025-06-20T09:46:51.362822+0800 - INFO - 弓箭手-奇美拉 找到可用技能: w
2025-06-20T09:46:51.363322+0800 - INFO - w
2025-06-20T09:46:51.365895+0800 - INFO - 已释放技能列表: ['q', 'w', 'e', 'r', 't']
2025-06-20T09:46:51.366922+0800 - INFO - 第一排技能 - 检查技能: q
2025-06-20T09:46:51.367451+0800 - INFO - 第一排技能 - 检查技能: w
2025-06-20T09:46:51.367974+0800 - INFO - 弓箭手-奇美拉 找到可用技能: w
2025-06-20T09:46:51.368497+0800 - INFO - w
2025-06-20T09:46:51.372079+0800 - INFO - 已释放技能列表: ['q', 'w', 'e', 'r', 't']
2025-06-20T09:46:51.372585+0800 - INFO - 第一排技能 - 检查技能: q
2025-06-20T09:46:51.373584+0800 - INFO - 第一排技能 - 检查技能: w
2025-06-20T09:46:51.374083+0800 - INFO - 弓箭手-奇美拉 找到可用技能: w
2025-06-20T09:46:51.374083+0800 - INFO - w
2025-06-20T09:46:51.378958+0800 - INFO - 已释放技能列表: ['q', 'w', 'e', 'r', 't']
2025-06-20T09:46:51.379457+0800 - INFO - 第一排技能 - 检查技能: q
2025-06-20T09:46:51.380455+0800 - INFO - 第一排技能 - 检查技能: w
2025-06-20T09:46:51.380954+0800 - INFO - 弓箭手-奇美拉 找到可用技能: w
2025-06-20T09:46:51.381456+0800 - INFO - w
2025-06-20T09:46:51.385041+0800 - INFO - 已释放技能列表: ['q', 'w', 'e', 'r', 't']
2025-06-20T09:46:51.385041+0800 - INFO - 第一排技能 - 检查技能: q
2025-06-20T09:46:51.386049+0800 - INFO - 第一排技能 - 检查技能: w
2025-06-20T09:46:51.386589+0800 - INFO - 弓箭手-奇美拉 找到可用技能: w
2025-06-20T09:46:51.386589+0800 - INFO - w
2025-06-20T09:46:51.390648+0800 - INFO - 已释放技能列表: ['q', 'w', 'e', 'r', 't']
2025-06-20T09:46:51.391174+0800 - INFO - 第一排技能 - 检查技能: q
2025-06-20T09:46:51.391673+0800 - INFO - 第一排技能 - 检查技能: w
2025-06-20T09:46:51.393281+0800 - INFO - 弓箭手-奇美拉 找到可用技能: w
2025-06-20T09:46:51.393281+0800 - INFO - w
2025-06-20T09:46:51.397311+0800 - INFO - 已释放技能列表: ['q', 'w', 'e', 'r', 't']
2025-06-20T09:46:51.397810+0800 - INFO - 第一排技能 - 检查技能: q
2025-06-20T09:46:51.398309+0800 - INFO - 第一排技能 - 检查技能: w
2025-06-20T09:46:51.398808+0800 - INFO - 弓箭手-奇美拉 找到可用技能: w
2025-06-20T09:46:51.398808+0800 - INFO - w
2025-06-20T09:46:51.404399+0800 - INFO - 已释放技能列表: ['q', 'w', 'e', 'r', 't']
2025-06-20T09:46:51.404399+0800 - INFO - 第一排技能 - 检查技能: q
2025-06-20T09:46:51.405402+0800 - INFO - 第一排技能 - 检查技能: w
2025-06-20T09:46:51.406468+0800 - INFO - 第一排技能 - 检查技能: e
2025-06-20T09:46:51.406965+0800 - INFO - 第一排技能 - 检查技能: r
2025-06-20T09:46:51.406965+0800 - INFO - 第一排技能 - 检查技能: t
2025-06-20T09:46:51.408026+0800 - INFO - 第二排技能 - 检查技能: g
2025-06-20T09:46:51.408531+0800 - INFO - 第二排技能 - 检查技能: h
2025-06-20T09:46:51.409050+0800 - INFO - 尝试重置检查第一排技能（冷却可能已结束）
2025-06-20T09:46:51.409050+0800 - INFO - 第一排技能(重置检查) - 检查技能: q
2025-06-20T09:46:51.410113+0800 - INFO - 第一排技能(重置检查) - 检查技能: w
2025-06-20T09:46:51.411178+0800 - INFO - 第一排技能(重置检查) - 检查技能: e
2025-06-20T09:46:51.411681+0800 - INFO - 第一排技能(重置检查) - 检查技能: r
2025-06-20T09:46:51.411681+0800 - INFO - 第一排技能(重置检查) - 检查技能: t
2025-06-20T09:46:51.413290+0800 - INFO - 检查技能位置：v
2025-06-20T09:46:51.413290+0800 - INFO - 警告: 没有找到可用技能且无法普通攻击
2025-06-20T09:46:51.413792+0800 - INFO - None
2025-06-20T09:46:51.417862+0800 - INFO - 已释放技能列表: ['q', 'w', 'e', 'r', 't']
2025-06-20T09:46:51.418361+0800 - INFO - 第一排技能 - 检查技能: q
2025-06-20T09:46:51.419359+0800 - INFO - 第一排技能 - 检查技能: w
2025-06-20T09:46:51.419858+0800 - INFO - 第一排技能 - 检查技能: e
2025-06-20T09:46:51.420357+0800 - INFO - 第一排技能 - 检查技能: r
2025-06-20T09:46:51.420856+0800 - INFO - 第一排技能 - 检查技能: t
2025-06-20T09:46:51.421356+0800 - INFO - 第二排技能 - 检查技能: g
2025-06-20T09:46:51.421855+0800 - INFO - 第二排技能 - 检查技能: h
2025-06-20T09:46:51.422858+0800 - INFO - 尝试重置检查第一排技能（冷却可能已结束）
2025-06-20T09:46:51.422858+0800 - INFO - 第一排技能(重置检查) - 检查技能: q
2025-06-20T09:46:51.423907+0800 - INFO - 第一排技能(重置检查) - 检查技能: w
2025-06-20T09:46:51.424406+0800 - INFO - 第一排技能(重置检查) - 检查技能: e
2025-06-20T09:46:51.424905+0800 - INFO - 第一排技能(重置检查) - 检查技能: r
2025-06-20T09:46:51.424905+0800 - INFO - 第一排技能(重置检查) - 检查技能: t
2025-06-20T09:46:51.425908+0800 - INFO - 检查技能位置：v
2025-06-20T09:46:51.426438+0800 - INFO - 警告: 没有找到可用技能且无法普通攻击
2025-06-20T09:46:51.426946+0800 - INFO - None
2025-06-20T09:46:51.431014+0800 - INFO - 已释放技能列表: ['q', 'w', 'e', 'r', 't']
2025-06-20T09:46:51.431513+0800 - INFO - 第一排技能 - 检查技能: q
2025-06-20T09:46:51.432013+0800 - INFO - 第一排技能 - 检查技能: w
2025-06-20T09:46:51.432512+0800 - INFO - 第一排技能 - 检查技能: e
2025-06-20T09:46:51.433515+0800 - INFO - 第一排技能 - 检查技能: r
2025-06-20T09:46:51.434120+0800 - INFO - 第一排技能 - 检查技能: t
2025-06-20T09:46:51.434618+0800 - INFO - 第二排技能 - 检查技能: g
2025-06-20T09:46:51.435625+0800 - INFO - 第二排技能 - 检查技能: h
2025-06-20T09:46:51.436158+0800 - INFO - 尝试重置检查第一排技能（冷却可能已结束）
2025-06-20T09:46:51.436158+0800 - INFO - 第一排技能(重置检查) - 检查技能: q
2025-06-20T09:46:51.436657+0800 - INFO - 第一排技能(重置检查) - 检查技能: w
2025-06-20T09:46:51.437156+0800 - INFO - 第一排技能(重置检查) - 检查技能: e
2025-06-20T09:46:51.437979+0800 - INFO - 第一排技能(重置检查) - 检查技能: r
2025-06-20T09:46:51.438977+0800 - INFO - 第一排技能(重置检查) - 检查技能: t
2025-06-20T09:46:51.439476+0800 - INFO - 检查技能位置：v
2025-06-20T09:46:51.439975+0800 - INFO - 警告: 没有找到可用技能且无法普通攻击
2025-06-20T09:46:51.440473+0800 - INFO - None
2025-06-20T09:46:51.444002+0800 - INFO - 已释放技能列表: ['q', 'w', 'e', 'r', 't']
2025-06-20T09:46:51.444502+0800 - INFO - 第一排技能 - 检查技能: q
2025-06-20T09:46:51.445001+0800 - INFO - 第一排技能 - 检查技能: w
2025-06-20T09:46:51.446006+0800 - INFO - 第一排技能 - 检查技能: e
2025-06-20T09:46:51.446546+0800 - INFO - 第一排技能 - 检查技能: r
2025-06-20T09:46:51.447544+0800 - INFO - 第一排技能 - 检查技能: t
2025-06-20T09:46:51.447544+0800 - INFO - 第二排技能 - 检查技能: g
2025-06-20T09:46:51.448549+0800 - INFO - 第二排技能 - 检查技能: h
2025-06-20T09:46:51.449093+0800 - INFO - 尝试重置检查第一排技能（冷却可能已结束）
2025-06-20T09:46:51.449093+0800 - INFO - 第一排技能(重置检查) - 检查技能: q
2025-06-20T09:46:51.450123+0800 - INFO - 第一排技能(重置检查) - 检查技能: w
2025-06-20T09:46:51.450621+0800 - INFO - 第一排技能(重置检查) - 检查技能: e
2025-06-20T09:46:51.450621+0800 - INFO - 第一排技能(重置检查) - 检查技能: r
2025-06-20T09:46:51.451625+0800 - INFO - 第一排技能(重置检查) - 检查技能: t
2025-06-20T09:46:51.452164+0800 - INFO - 检查技能位置：v
2025-06-20T09:46:51.452663+0800 - INFO - 警告: 没有找到可用技能且无法普通攻击
2025-06-20T09:46:51.453163+0800 - INFO - None
2025-06-20T09:46:51.456319+0800 - INFO - 已释放技能列表: ['q', 'w', 'e', 'r', 't']
2025-06-20T09:46:51.456818+0800 - INFO - 第一排技能 - 检查技能: q
2025-06-20T09:46:51.457819+0800 - INFO - 第一排技能 - 检查技能: w
2025-06-20T09:46:51.458817+0800 - INFO - 第一排技能 - 检查技能: e
2025-06-20T09:46:51.459316+0800 - INFO - 第一排技能 - 检查技能: r
2025-06-20T09:46:51.459815+0800 - INFO - 第一排技能 - 检查技能: t
2025-06-20T09:46:51.460314+0800 - INFO - 第二排技能 - 检查技能: g
2025-06-20T09:46:51.460815+0800 - INFO - 第二排技能 - 检查技能: h
2025-06-20T09:46:51.461811+0800 - INFO - 尝试重置检查第一排技能（冷却可能已结束）
2025-06-20T09:46:51.461811+0800 - INFO - 第一排技能(重置检查) - 检查技能: q
2025-06-20T09:46:51.462809+0800 - INFO - 第一排技能(重置检查) - 检查技能: w
2025-06-20T09:46:51.463308+0800 - INFO - 第一排技能(重置检查) - 检查技能: e
2025-06-20T09:46:51.463807+0800 - INFO - 第一排技能(重置检查) - 检查技能: r
2025-06-20T09:46:51.463807+0800 - INFO - 第一排技能(重置检查) - 检查技能: t
2025-06-20T09:46:51.464902+0800 - INFO - 检查技能位置：v
2025-06-20T09:46:51.464902+0800 - INFO - 警告: 没有找到可用技能且无法普通攻击
2025-06-20T09:46:51.464902+0800 - INFO - None
2025-06-20T09:46:51.468957+0800 - INFO - 已释放技能列表: ['q', 'w', 'e', 'r', 't']
2025-06-20T09:46:51.469492+0800 - INFO - 第一排技能 - 检查技能: q
2025-06-20T09:46:51.470000+0800 - INFO - 第一排技能 - 检查技能: w
2025-06-20T09:46:51.470998+0800 - INFO - 第一排技能 - 检查技能: e
2025-06-20T09:46:51.471498+0800 - INFO - 第一排技能 - 检查技能: r
2025-06-20T09:46:51.471996+0800 - INFO - 第一排技能 - 检查技能: t
2025-06-20T09:46:51.471996+0800 - INFO - 第二排技能 - 检查技能: g
2025-06-20T09:46:51.472999+0800 - INFO - 第二排技能 - 检查技能: h
2025-06-20T09:46:51.473527+0800 - INFO - 尝试重置检查第一排技能（冷却可能已结束）
2025-06-20T09:46:51.473527+0800 - INFO - 第一排技能(重置检查) - 检查技能: q
2025-06-20T09:46:51.474530+0800 - INFO - 第一排技能(重置检查) - 检查技能: w
2025-06-20T09:46:51.475067+0800 - INFO - 第一排技能(重置检查) - 检查技能: e
2025-06-20T09:46:51.476072+0800 - INFO - 第一排技能(重置检查) - 检查技能: r
2025-06-20T09:46:51.476072+0800 - INFO - 第一排技能(重置检查) - 检查技能: t
2025-06-20T09:46:51.477112+0800 - INFO - 检查技能位置：v
2025-06-20T09:46:51.477636+0800 - INFO - 警告: 没有找到可用技能且无法普通攻击
2025-06-20T09:46:51.478142+0800 - INFO - None
2025-06-20T09:46:51.482209+0800 - INFO - 已释放技能列表: ['q', 'w', 'e', 'r', 't']
2025-06-20T09:46:51.482708+0800 - INFO - 第一排技能 - 检查技能: q
2025-06-20T09:46:51.483706+0800 - INFO - 第一排技能 - 检查技能: w
2025-06-20T09:46:51.484706+0800 - INFO - 第一排技能 - 检查技能: e
2025-06-20T09:46:51.484706+0800 - INFO - 第一排技能 - 检查技能: r
2025-06-20T09:46:51.485810+0800 - INFO - 第一排技能 - 检查技能: t
2025-06-20T09:46:51.486313+0800 - INFO - 第二排技能 - 检查技能: g
2025-06-20T09:46:51.486812+0800 - INFO - 第二排技能 - 检查技能: h
2025-06-20T09:46:51.487311+0800 - INFO - 尝试重置检查第一排技能（冷却可能已结束）
2025-06-20T09:46:51.487810+0800 - INFO - 第一排技能(重置检查) - 检查技能: q
2025-06-20T09:46:51.488311+0800 - INFO - 第一排技能(重置检查) - 检查技能: w
2025-06-20T09:46:51.488311+0800 - INFO - 第一排技能(重置检查) - 检查技能: e
2025-06-20T09:46:51.489315+0800 - INFO - 第一排技能(重置检查) - 检查技能: r
2025-06-20T09:46:51.489846+0800 - INFO - 第一排技能(重置检查) - 检查技能: t
2025-06-20T09:46:51.490374+0800 - INFO - 检查技能位置：v
2025-06-20T09:46:51.490873+0800 - INFO - 警告: 没有找到可用技能且无法普通攻击
2025-06-20T09:46:51.491371+0800 - INFO - None
2025-06-20T09:46:51.494930+0800 - INFO - 已释放技能列表: ['q', 'w', 'e', 'r', 't']
2025-06-20T09:46:51.496079+0800 - INFO - 第一排技能 - 检查技能: q
2025-06-20T09:46:51.496595+0800 - INFO - 第一排技能 - 检查技能: w
2025-06-20T09:46:51.497593+0800 - INFO - 第一排技能 - 检查技能: e
2025-06-20T09:46:51.498093+0800 - INFO - 第一排技能 - 检查技能: r
2025-06-20T09:46:51.498591+0800 - INFO - 第一排技能 - 检查技能: t
2025-06-20T09:46:51.499091+0800 - INFO - 第二排技能 - 检查技能: g
2025-06-20T09:46:51.500149+0800 - INFO - 第二排技能 - 检查技能: h
2025-06-20T09:46:51.500652+0800 - INFO - 尝试重置检查第一排技能（冷却可能已结束）
2025-06-20T09:46:51.501152+0800 - INFO - 第一排技能(重置检查) - 检查技能: q
2025-06-20T09:46:51.501650+0800 - INFO - 第一排技能(重置检查) - 检查技能: w
2025-06-20T09:46:51.501650+0800 - INFO - 第一排技能(重置检查) - 检查技能: e
2025-06-20T09:46:51.502653+0800 - INFO - 第一排技能(重置检查) - 检查技能: r
2025-06-20T09:46:51.503682+0800 - INFO - 第一排技能(重置检查) - 检查技能: t
2025-06-20T09:46:51.504181+0800 - INFO - 检查技能位置：v
2025-06-20T09:46:51.504680+0800 - INFO - 警告: 没有找到可用技能且无法普通攻击
2025-06-20T09:46:51.504680+0800 - INFO - None
2025-06-20T09:46:51.508313+0800 - INFO - 已释放技能列表: ['q', 'w', 'e', 'r', 't']
2025-06-20T09:46:51.508812+0800 - INFO - 第一排技能 - 检查技能: q
2025-06-20T09:46:51.509816+0800 - INFO - 第一排技能 - 检查技能: w
2025-06-20T09:46:51.510368+0800 - INFO - 第一排技能 - 检查技能: e
2025-06-20T09:46:51.510896+0800 - INFO - 第一排技能 - 检查技能: r
2025-06-20T09:46:51.511395+0800 - INFO - 第一排技能 - 检查技能: t
2025-06-20T09:46:51.512393+0800 - INFO - 第二排技能 - 检查技能: g
2025-06-20T09:46:51.512892+0800 - INFO - 第二排技能 - 检查技能: h
2025-06-20T09:46:51.513396+0800 - INFO - 尝试重置检查第一排技能（冷却可能已结束）
2025-06-20T09:46:51.513396+0800 - INFO - 第一排技能(重置检查) - 检查技能: q
2025-06-20T09:46:51.514391+0800 - INFO - 第一排技能(重置检查) - 检查技能: w
2025-06-20T09:46:51.514391+0800 - INFO - 第一排技能(重置检查) - 检查技能: e
2025-06-20T09:46:51.515395+0800 - INFO - 第一排技能(重置检查) - 检查技能: r
2025-06-20T09:46:51.515913+0800 - INFO - 第一排技能(重置检查) - 检查技能: t
2025-06-20T09:46:51.516423+0800 - INFO - 检查技能位置：v
2025-06-20T09:46:51.516924+0800 - INFO - 警告: 没有找到可用技能且无法普通攻击
2025-06-20T09:46:51.516924+0800 - INFO - None
2025-06-20T09:46:51.522511+0800 - INFO - 已释放技能列表: ['q', 'w', 'e', 'r', 't']
2025-06-20T09:46:51.523010+0800 - INFO - 第一排技能 - 检查技能: q
2025-06-20T09:46:51.524008+0800 - INFO - 第一排技能 - 检查技能: w
2025-06-20T09:46:51.524507+0800 - INFO - 第一排技能 - 检查技能: e
2025-06-20T09:46:51.525006+0800 - INFO - 第一排技能 - 检查技能: r
2025-06-20T09:46:51.525006+0800 - INFO - 第一排技能 - 检查技能: t
2025-06-20T09:46:51.526011+0800 - INFO - 第二排技能 - 检查技能: g
2025-06-20T09:46:51.527039+0800 - INFO - 第二排技能 - 检查技能: h
2025-06-20T09:46:51.527039+0800 - INFO - 尝试重置检查第一排技能（冷却可能已结束）
2025-06-20T09:46:51.527039+0800 - INFO - 第一排技能(重置检查) - 检查技能: q
2025-06-20T09:46:51.528584+0800 - INFO - 第一排技能(重置检查) - 检查技能: w
2025-06-20T09:46:51.529083+0800 - INFO - 第一排技能(重置检查) - 检查技能: e
2025-06-20T09:46:51.529083+0800 - INFO - 第一排技能(重置检查) - 检查技能: r
2025-06-20T09:46:51.530088+0800 - INFO - 第一排技能(重置检查) - 检查技能: t
2025-06-20T09:46:51.530619+0800 - INFO - 检查技能位置：v
2025-06-20T09:46:51.531148+0800 - INFO - 警告: 没有找到可用技能且无法普通攻击
2025-06-20T09:46:51.531645+0800 - INFO - None
2025-06-20T09:46:51.534640+0800 - INFO - 已释放技能列表: ['q', 'w', 'e', 'r', 't']
2025-06-20T09:46:51.535644+0800 - INFO - 第一排技能 - 检查技能: q
2025-06-20T09:46:51.536693+0800 - INFO - 第一排技能 - 检查技能: w
2025-06-20T09:46:51.537191+0800 - INFO - 第一排技能 - 检查技能: e
2025-06-20T09:46:51.537689+0800 - INFO - 第一排技能 - 检查技能: r
2025-06-20T09:46:51.538691+0800 - INFO - 第一排技能 - 检查技能: t
2025-06-20T09:46:51.539190+0800 - INFO - 第二排技能 - 检查技能: g
2025-06-20T09:46:51.539689+0800 - INFO - 第二排技能 - 检查技能: h
2025-06-20T09:46:51.540188+0800 - INFO - 尝试重置检查第一排技能（冷却可能已结束）
2025-06-20T09:46:51.540188+0800 - INFO - 第一排技能(重置检查) - 检查技能: q
2025-06-20T09:46:51.541186+0800 - INFO - 第一排技能(重置检查) - 检查技能: w
2025-06-20T09:46:51.541686+0800 - INFO - 第一排技能(重置检查) - 检查技能: e
2025-06-20T09:46:51.542185+0800 - INFO - 第一排技能(重置检查) - 检查技能: r
2025-06-20T09:46:51.542185+0800 - INFO - 第一排技能(重置检查) - 检查技能: t
2025-06-20T09:46:51.543191+0800 - INFO - 检查技能位置：v
2025-06-20T09:46:51.543732+0800 - INFO - 警告: 没有找到可用技能且无法普通攻击
2025-06-20T09:46:51.544231+0800 - INFO - None
2025-06-20T09:46:51.548261+0800 - INFO - 已释放技能列表: ['q', 'w', 'e', 'r', 't']
2025-06-20T09:46:51.548760+0800 - INFO - 第一排技能 - 检查技能: q
2025-06-20T09:46:51.549259+0800 - INFO - 第一排技能 - 检查技能: w
2025-06-20T09:46:51.550264+0800 - INFO - 第一排技能 - 检查技能: e
2025-06-20T09:46:51.550805+0800 - INFO - 第一排技能 - 检查技能: r
2025-06-20T09:46:51.551825+0800 - INFO - 第一排技能 - 检查技能: t
2025-06-20T09:46:51.552325+0800 - INFO - 第二排技能 - 检查技能: g
2025-06-20T09:46:51.552325+0800 - INFO - 第二排技能 - 检查技能: h
2025-06-20T09:46:51.553880+0800 - INFO - 尝试重置检查第一排技能（冷却可能已结束）
2025-06-20T09:46:51.553880+0800 - INFO - 第一排技能(重置检查) - 检查技能: q
2025-06-20T09:46:51.553880+0800 - INFO - 第一排技能(重置检查) - 检查技能: w
2025-06-20T09:46:51.554936+0800 - INFO - 第一排技能(重置检查) - 检查技能: e
2025-06-20T09:46:51.554936+0800 - INFO - 第一排技能(重置检查) - 检查技能: r
2025-06-20T09:46:51.555939+0800 - INFO - 第一排技能(重置检查) - 检查技能: t
2025-06-20T09:46:51.556986+0800 - INFO - 检查技能位置：v
2025-06-20T09:46:51.557492+0800 - INFO - 警告: 没有找到可用技能且无法普通攻击
2025-06-20T09:46:51.557492+0800 - INFO - None
2025-06-20T09:46:51.561988+0800 - INFO - 已释放技能列表: ['q', 'w', 'e', 'r', 't']
2025-06-20T09:46:51.562487+0800 - INFO - 第一排技能 - 检查技能: q
2025-06-20T09:46:51.562986+0800 - INFO - 第一排技能 - 检查技能: w
2025-06-20T09:46:51.563984+0800 - INFO - 第一排技能 - 检查技能: e
2025-06-20T09:46:51.563984+0800 - INFO - 第一排技能 - 检查技能: r
2025-06-20T09:46:51.565050+0800 - INFO - 第一排技能 - 检查技能: t
2025-06-20T09:46:51.565050+0800 - INFO - 第二排技能 - 检查技能: g
2025-06-20T09:46:51.566054+0800 - INFO - 第二排技能 - 检查技能: h
2025-06-20T09:46:51.566577+0800 - INFO - 尝试重置检查第一排技能（冷却可能已结束）
2025-06-20T09:46:51.567076+0800 - INFO - 第一排技能(重置检查) - 检查技能: q
2025-06-20T09:46:51.567578+0800 - INFO - 第一排技能(重置检查) - 检查技能: w
2025-06-20T09:46:51.568582+0800 - INFO - 第一排技能(重置检查) - 检查技能: e
2025-06-20T09:46:51.569130+0800 - INFO - 第一排技能(重置检查) - 检查技能: r
2025-06-20T09:46:51.569629+0800 - INFO - 第一排技能(重置检查) - 检查技能: t
2025-06-20T09:46:51.569629+0800 - INFO - 检查技能位置：v
2025-06-20T09:46:51.570634+0800 - INFO - 警告: 没有找到可用技能且无法普通攻击
2025-06-20T09:46:51.570634+0800 - INFO - None
2025-06-20T09:46:51.574264+0800 - INFO - 已释放技能列表: ['q', 'w', 'e', 'r', 't']
2025-06-20T09:46:51.574766+0800 - INFO - 第一排技能 - 检查技能: q
2025-06-20T09:46:51.575837+0800 - INFO - 第一排技能 - 检查技能: w
2025-06-20T09:46:51.575837+0800 - INFO - 第一排技能 - 检查技能: e
2025-06-20T09:46:51.576848+0800 - INFO - 第一排技能 - 检查技能: r
2025-06-20T09:46:51.577887+0800 - INFO - 第一排技能 - 检查技能: t
2025-06-20T09:46:51.577887+0800 - INFO - 第二排技能 - 检查技能: g
2025-06-20T09:46:51.578897+0800 - INFO - 第二排技能 - 检查技能: h
2025-06-20T09:46:51.579435+0800 - INFO - 尝试重置检查第一排技能（冷却可能已结束）
2025-06-20T09:46:51.579435+0800 - INFO - 第一排技能(重置检查) - 检查技能: q
2025-06-20T09:46:51.579938+0800 - INFO - 第一排技能(重置检查) - 检查技能: w
2025-06-20T09:46:51.580945+0800 - INFO - 第一排技能(重置检查) - 检查技能: e
2025-06-20T09:46:51.581480+0800 - INFO - 第一排技能(重置检查) - 检查技能: r
2025-06-20T09:46:51.581980+0800 - INFO - 第一排技能(重置检查) - 检查技能: t
2025-06-20T09:46:51.582478+0800 - INFO - 检查技能位置：v
2025-06-20T09:46:51.582976+0800 - INFO - 警告: 没有找到可用技能且无法普通攻击
2025-06-20T09:46:51.583472+0800 - INFO - None
2025-06-20T09:46:51.587515+0800 - INFO - 已释放技能列表: ['q', 'w', 'e', 'r', 't']
2025-06-20T09:46:51.588013+0800 - INFO - 第一排技能 - 检查技能: q
2025-06-20T09:46:51.589011+0800 - INFO - 第一排技能 - 检查技能: w
2025-06-20T09:46:51.589510+0800 - INFO - 第一排技能 - 检查技能: e
2025-06-20T09:46:51.590009+0800 - INFO - 第一排技能 - 检查技能: r
2025-06-20T09:46:51.590009+0800 - INFO - 第一排技能 - 检查技能: t
2025-06-20T09:46:51.591016+0800 - INFO - 第二排技能 - 检查技能: g
2025-06-20T09:46:51.591557+0800 - INFO - 第二排技能 - 检查技能: h
2025-06-20T09:46:51.592077+0800 - INFO - 尝试重置检查第一排技能（冷却可能已结束）
2025-06-20T09:46:51.592576+0800 - INFO - 第一排技能(重置检查) - 检查技能: q
2025-06-20T09:46:51.593075+0800 - INFO - 第一排技能(重置检查) - 检查技能: w
2025-06-20T09:46:51.593075+0800 - INFO - 第一排技能(重置检查) - 检查技能: e
2025-06-20T09:46:51.594079+0800 - INFO - 第一排技能(重置检查) - 检查技能: r
2025-06-20T09:46:51.594613+0800 - INFO - 第一排技能(重置检查) - 检查技能: t
2025-06-20T09:46:51.595619+0800 - INFO - 检查技能位置：v
2025-06-20T09:46:51.596144+0800 - INFO - 警告: 没有找到可用技能且无法普通攻击
2025-06-20T09:46:51.596144+0800 - INFO - None
2025-06-20T09:46:51.599176+0800 - INFO - 已释放技能列表: ['q', 'w', 'e', 'r', 't']
2025-06-20T09:46:51.600179+0800 - INFO - 第一排技能 - 检查技能: q
2025-06-20T09:46:51.601229+0800 - INFO - 第一排技能 - 检查技能: w
2025-06-20T09:46:51.601727+0800 - INFO - 第一排技能 - 检查技能: e
2025-06-20T09:46:51.602227+0800 - INFO - 第一排技能 - 检查技能: r
2025-06-20T09:46:51.602726+0800 - INFO - 第一排技能 - 检查技能: t
2025-06-20T09:46:51.603225+0800 - INFO - 第二排技能 - 检查技能: g
2025-06-20T09:46:51.603225+0800 - INFO - 第二排技能 - 检查技能: h
2025-06-20T09:46:51.604229+0800 - INFO - 尝试重置检查第一排技能（冷却可能已结束）
2025-06-20T09:46:51.604773+0800 - INFO - 第一排技能(重置检查) - 检查技能: q
2025-06-20T09:46:51.604773+0800 - INFO - 第一排技能(重置检查) - 检查技能: w
2025-06-20T09:46:51.605777+0800 - INFO - 第一排技能(重置检查) - 检查技能: e
2025-06-20T09:46:51.605777+0800 - INFO - 第一排技能(重置检查) - 检查技能: r
2025-06-20T09:46:51.606804+0800 - INFO - 第一排技能(重置检查) - 检查技能: t
2025-06-20T09:46:51.607338+0800 - INFO - 检查技能位置：v
2025-06-20T09:46:51.607837+0800 - INFO - 警告: 没有找到可用技能且无法普通攻击
2025-06-20T09:46:51.608336+0800 - INFO - None
2025-06-20T09:46:51.612563+0800 - INFO - 已释放技能列表: ['q', 'w', 'e', 'r', 't']
2025-06-20T09:46:51.613062+0800 - INFO - 第一排技能 - 检查技能: q
2025-06-20T09:46:51.614062+0800 - INFO - 第一排技能 - 检查技能: w
2025-06-20T09:46:51.614559+0800 - INFO - 第一排技能 - 检查技能: e
2025-06-20T09:46:51.615058+0800 - INFO - 第一排技能 - 检查技能: r
2025-06-20T09:46:51.615058+0800 - INFO - 第一排技能 - 检查技能: t
2025-06-20T09:46:51.616590+0800 - INFO - 第二排技能 - 检查技能: g
2025-06-20T09:46:51.616590+0800 - INFO - 第二排技能 - 检查技能: h
2025-06-20T09:46:51.617596+0800 - INFO - 尝试重置检查第一排技能（冷却可能已结束）
2025-06-20T09:46:51.617596+0800 - INFO - 第一排技能(重置检查) - 检查技能: q
2025-06-20T09:46:51.618647+0800 - INFO - 第一排技能(重置检查) - 检查技能: w
2025-06-20T09:46:51.618647+0800 - INFO - 第一排技能(重置检查) - 检查技能: e
2025-06-20T09:46:51.619652+0800 - INFO - 第一排技能(重置检查) - 检查技能: r
2025-06-20T09:46:51.620183+0800 - INFO - 第一排技能(重置检查) - 检查技能: t
2025-06-20T09:46:51.620679+0800 - INFO - 检查技能位置：v
2025-06-20T09:46:51.621178+0800 - INFO - 警告: 没有找到可用技能且无法普通攻击
2025-06-20T09:46:51.621680+0800 - INFO - None
2025-06-20T09:46:51.624750+0800 - INFO - 已释放技能列表: ['q', 'w', 'e', 'r', 't']
2025-06-20T09:46:51.625753+0800 - INFO - 第一排技能 - 检查技能: q
2025-06-20T09:46:51.626283+0800 - INFO - 第一排技能 - 检查技能: w
2025-06-20T09:46:51.627276+0800 - INFO - 第一排技能 - 检查技能: e
2025-06-20T09:46:51.627775+0800 - INFO - 第一排技能 - 检查技能: r
2025-06-20T09:46:51.628274+0800 - INFO - 第一排技能 - 检查技能: t
2025-06-20T09:46:51.628774+0800 - INFO - 第二排技能 - 检查技能: g
2025-06-20T09:46:51.628774+0800 - INFO - 第二排技能 - 检查技能: h
2025-06-20T09:46:51.629778+0800 - INFO - 尝试重置检查第一排技能（冷却可能已结束）
2025-06-20T09:46:51.630301+0800 - INFO - 第一排技能(重置检查) - 检查技能: q
2025-06-20T09:46:51.630801+0800 - INFO - 第一排技能(重置检查) - 检查技能: w
2025-06-20T09:46:51.630801+0800 - INFO - 第一排技能(重置检查) - 检查技能: e
2025-06-20T09:46:51.631808+0800 - INFO - 第一排技能(重置检查) - 检查技能: r
2025-06-20T09:46:51.632347+0800 - INFO - 第一排技能(重置检查) - 检查技能: t
2025-06-20T09:46:51.633359+0800 - INFO - 检查技能位置：v
2025-06-20T09:46:51.633858+0800 - INFO - 警告: 没有找到可用技能且无法普通攻击
2025-06-20T09:46:51.633858+0800 - INFO - None
2025-06-20T09:46:51.637924+0800 - INFO - 已释放技能列表: ['q', 'w', 'e', 'r', 't']
2025-06-20T09:46:51.638456+0800 - INFO - 第一排技能 - 检查技能: q
2025-06-20T09:46:51.638956+0800 - INFO - 第一排技能 - 检查技能: w
2025-06-20T09:46:51.639454+0800 - INFO - 第一排技能 - 检查技能: e
2025-06-20T09:46:51.639953+0800 - INFO - 第一排技能 - 检查技能: r
2025-06-20T09:46:51.640453+0800 - INFO - 第一排技能 - 检查技能: t
2025-06-20T09:46:51.641451+0800 - INFO - 第二排技能 - 检查技能: g
2025-06-20T09:46:51.641949+0800 - INFO - 第二排技能 - 检查技能: h
2025-06-20T09:46:51.642452+0800 - INFO - 尝试重置检查第一排技能（冷却可能已结束）
2025-06-20T09:46:51.642452+0800 - INFO - 第一排技能(重置检查) - 检查技能: q
2025-06-20T09:46:51.643448+0800 - INFO - 第一排技能(重置检查) - 检查技能: w
2025-06-20T09:46:51.643948+0800 - INFO - 第一排技能(重置检查) - 检查技能: e
2025-06-20T09:46:51.643948+0800 - INFO - 第一排技能(重置检查) - 检查技能: r
2025-06-20T09:46:51.645012+0800 - INFO - 第一排技能(重置检查) - 检查技能: t
2025-06-20T09:46:51.645012+0800 - INFO - 检查技能位置：v
2025-06-20T09:46:51.646031+0800 - INFO - 警告: 没有找到可用技能且无法普通攻击
2025-06-20T09:46:51.646031+0800 - INFO - None
2025-06-20T09:46:51.651080+0800 - INFO - 已释放技能列表: ['q', 'w', 'e', 'r', 't']
2025-06-20T09:46:51.651080+0800 - INFO - 第一排技能 - 检查技能: q
2025-06-20T09:46:51.652612+0800 - INFO - 第一排技能 - 检查技能: w
2025-06-20T09:46:51.653142+0800 - INFO - 第一排技能 - 检查技能: e
2025-06-20T09:46:51.653641+0800 - INFO - 第一排技能 - 检查技能: r
2025-06-20T09:46:51.654140+0800 - INFO - 第一排技能 - 检查技能: t
2025-06-20T09:46:51.654140+0800 - INFO - 第二排技能 - 检查技能: g
2025-06-20T09:46:51.655143+0800 - INFO - 第二排技能 - 检查技能: h
2025-06-20T09:46:51.655680+0800 - INFO - 尝试重置检查第一排技能（冷却可能已结束）
2025-06-20T09:46:51.656200+0800 - INFO - 第一排技能(重置检查) - 检查技能: q
2025-06-20T09:46:51.656200+0800 - INFO - 第一排技能(重置检查) - 检查技能: w
2025-06-20T09:46:51.657205+0800 - INFO - 第一排技能(重置检查) - 检查技能: e
2025-06-20T09:46:51.657756+0800 - INFO - 第一排技能(重置检查) - 检查技能: r
2025-06-20T09:46:51.657756+0800 - INFO - 第一排技能(重置检查) - 检查技能: t
2025-06-20T09:46:51.659344+0800 - INFO - 检查技能位置：v
2025-06-20T09:46:51.659853+0800 - INFO - 警告: 没有找到可用技能且无法普通攻击
2025-06-20T09:46:51.659853+0800 - INFO - None
2025-06-20T09:46:51.663837+0800 - INFO - 已释放技能列表: ['q', 'w', 'e', 'r', 't']
2025-06-20T09:46:51.664335+0800 - INFO - 第一排技能 - 检查技能: q
2025-06-20T09:46:51.665339+0800 - INFO - 第一排技能 - 检查技能: w
2025-06-20T09:46:51.665889+0800 - INFO - 第一排技能 - 检查技能: e
2025-06-20T09:46:51.666410+0800 - INFO - 第一排技能 - 检查技能: r
2025-06-20T09:46:51.666908+0800 - INFO - 第一排技能 - 检查技能: t
2025-06-20T09:46:51.667410+0800 - INFO - 第二排技能 - 检查技能: g
2025-06-20T09:46:51.668410+0800 - INFO - 第二排技能 - 检查技能: h
2025-06-20T09:46:51.668906+0800 - INFO - 尝试重置检查第一排技能（冷却可能已结束）
2025-06-20T09:46:51.669404+0800 - INFO - 第一排技能(重置检查) - 检查技能: q
2025-06-20T09:46:51.669404+0800 - INFO - 第一排技能(重置检查) - 检查技能: w
2025-06-20T09:46:51.670409+0800 - INFO - 第一排技能(重置检查) - 检查技能: e
2025-06-20T09:46:51.670937+0800 - INFO - 第一排技能(重置检查) - 检查技能: r
2025-06-20T09:46:51.671437+0800 - INFO - 第一排技能(重置检查) - 检查技能: t
2025-06-20T09:46:51.671437+0800 - INFO - 检查技能位置：v
2025-06-20T09:46:51.672441+0800 - INFO - 警告: 没有找到可用技能且无法普通攻击
2025-06-20T09:46:51.672962+0800 - INFO - None
2025-06-20T09:46:51.676533+0800 - INFO - 已释放技能列表: ['q', 'w', 'e', 'r', 't']
2025-06-20T09:46:51.676533+0800 - INFO - 第一排技能 - 检查技能: q
2025-06-20T09:46:51.677530+0800 - INFO - 第一排技能 - 检查技能: w
2025-06-20T09:46:51.678029+0800 - INFO - 第一排技能 - 检查技能: e
2025-06-20T09:46:51.678528+0800 - INFO - 第一排技能 - 检查技能: r
2025-06-20T09:46:51.678528+0800 - INFO - 第一排技能 - 检查技能: t
2025-06-20T09:46:51.679628+0800 - INFO - 第二排技能 - 检查技能: g
2025-06-20T09:46:51.680632+0800 - INFO - 第二排技能 - 检查技能: h
2025-06-20T09:46:51.680632+0800 - INFO - 尝试重置检查第一排技能（冷却可能已结束）
2025-06-20T09:46:51.680632+0800 - INFO - 第一排技能(重置检查) - 检查技能: q
2025-06-20T09:46:51.682206+0800 - INFO - 第一排技能(重置检查) - 检查技能: w
2025-06-20T09:46:51.682709+0800 - INFO - 第一排技能(重置检查) - 检查技能: e
2025-06-20T09:46:51.683208+0800 - INFO - 第一排技能(重置检查) - 检查技能: r
2025-06-20T09:46:51.683708+0800 - INFO - 第一排技能(重置检查) - 检查技能: t
2025-06-20T09:46:51.684207+0800 - INFO - 检查技能位置：v
2025-06-20T09:46:51.684705+0800 - INFO - 警告: 没有找到可用技能且无法普通攻击
2025-06-20T09:46:51.684705+0800 - INFO - None
2025-06-20T09:46:51.688767+0800 - INFO - 已释放技能列表: ['q', 'w', 'e', 'r', 't']
2025-06-20T09:46:51.689266+0800 - INFO - 第一排技能 - 检查技能: q
2025-06-20T09:46:51.690264+0800 - INFO - 第一排技能 - 检查技能: w
2025-06-20T09:46:51.690765+0800 - INFO - 第一排技能 - 检查技能: e
2025-06-20T09:46:51.691262+0800 - INFO - 第一排技能 - 检查技能: r
2025-06-20T09:46:51.691762+0800 - INFO - 第一排技能 - 检查技能: t
2025-06-20T09:46:51.691762+0800 - INFO - 第二排技能 - 检查技能: g
2025-06-20T09:46:51.692832+0800 - INFO - 第二排技能 - 检查技能: h
2025-06-20T09:46:51.693342+0800 - INFO - 尝试重置检查第一排技能（冷却可能已结束）
2025-06-20T09:46:51.693865+0800 - INFO - 第一排技能(重置检查) - 检查技能: q
2025-06-20T09:46:51.694364+0800 - INFO - 第一排技能(重置检查) - 检查技能: w
2025-06-20T09:46:51.694863+0800 - INFO - 第一排技能(重置检查) - 检查技能: e
2025-06-20T09:46:51.694863+0800 - INFO - 第一排技能(重置检查) - 检查技能: r
2025-06-20T09:46:51.695870+0800 - INFO - 第一排技能(重置检查) - 检查技能: t
2025-06-20T09:46:51.696903+0800 - INFO - 检查技能位置：v
2025-06-20T09:46:51.696903+0800 - INFO - 警告: 没有找到可用技能且无法普通攻击
2025-06-20T09:46:51.697402+0800 - INFO - None
2025-06-20T09:46:51.700505+0800 - INFO - 已释放技能列表: ['q', 'w', 'e', 'r', 't']
2025-06-20T09:46:51.700505+0800 - INFO - 第一排技能 - 检查技能: q
2025-06-20T09:46:51.701756+0800 - INFO - 第一排技能 - 检查技能: w
2025-06-20T09:46:51.702251+0800 - INFO - 第一排技能 - 检查技能: e
2025-06-20T09:46:51.702750+0800 - INFO - 第一排技能 - 检查技能: r
2025-06-20T09:46:51.703249+0800 - INFO - 第一排技能 - 检查技能: t
2025-06-20T09:46:51.703748+0800 - INFO - 第二排技能 - 检查技能: g
2025-06-20T09:46:51.704247+0800 - INFO - 第二排技能 - 检查技能: h
2025-06-20T09:46:51.704746+0800 - INFO - 尝试重置检查第一排技能（冷却可能已结束）
2025-06-20T09:46:51.704746+0800 - INFO - 第一排技能(重置检查) - 检查技能: q
2025-06-20T09:46:51.705749+0800 - INFO - 第一排技能(重置检查) - 检查技能: w
2025-06-20T09:46:51.706276+0800 - INFO - 第一排技能(重置检查) - 检查技能: e
2025-06-20T09:46:51.706276+0800 - INFO - 第一排技能(重置检查) - 检查技能: r
2025-06-20T09:46:51.707293+0800 - INFO - 第一排技能(重置检查) - 检查技能: t
2025-06-20T09:46:51.707819+0800 - INFO - 检查技能位置：v
2025-06-20T09:46:51.708817+0800 - INFO - 警告: 没有找到可用技能且无法普通攻击
2025-06-20T09:46:51.708817+0800 - INFO - None
2025-06-20T09:46:51.712869+0800 - INFO - 已释放技能列表: ['q', 'w', 'e', 'r', 't']
2025-06-20T09:46:51.713415+0800 - INFO - 第一排技能 - 检查技能: q
2025-06-20T09:46:51.714456+0800 - INFO - 第一排技能 - 检查技能: w
2025-06-20T09:46:51.714955+0800 - INFO - 第一排技能 - 检查技能: e
2025-06-20T09:46:51.714955+0800 - INFO - 第一排技能 - 检查技能: r
2025-06-20T09:46:51.715962+0800 - INFO - 第一排技能 - 检查技能: t
2025-06-20T09:46:51.716492+0800 - INFO - 第二排技能 - 检查技能: g
2025-06-20T09:46:51.716989+0800 - INFO - 第二排技能 - 检查技能: h
2025-06-20T09:46:51.717991+0800 - INFO - 尝试重置检查第一排技能（冷却可能已结束）
2025-06-20T09:46:51.717991+0800 - INFO - 第一排技能(重置检查) - 检查技能: q
2025-06-20T09:46:51.718989+0800 - INFO - 第一排技能(重置检查) - 检查技能: w
2025-06-20T09:46:51.719489+0800 - INFO - 第一排技能(重置检查) - 检查技能: e
2025-06-20T09:46:51.719489+0800 - INFO - 第一排技能(重置检查) - 检查技能: r
2025-06-20T09:46:51.720497+0800 - INFO - 第一排技能(重置检查) - 检查技能: t
2025-06-20T09:46:51.720565+0800 - INFO - 检查技能位置：v
2025-06-20T09:46:51.720565+0800 - INFO - 警告: 没有找到可用技能且无法普通攻击
2025-06-20T09:46:51.721570+0800 - INFO - None
2025-06-20T09:46:51.724614+0800 - INFO - 已释放技能列表: ['q', 'w', 'e', 'r', 't']
2025-06-20T09:46:51.725618+0800 - INFO - 第一排技能 - 检查技能: q
2025-06-20T09:46:51.726150+0800 - INFO - 第一排技能 - 检查技能: w
2025-06-20T09:46:51.726649+0800 - INFO - 第一排技能 - 检查技能: e
2025-06-20T09:46:51.727649+0800 - INFO - 第一排技能 - 检查技能: r
2025-06-20T09:46:51.728148+0800 - INFO - 第一排技能 - 检查技能: t
2025-06-20T09:46:51.728648+0800 - INFO - 第二排技能 - 检查技能: g
2025-06-20T09:46:51.729147+0800 - INFO - 第二排技能 - 检查技能: h
2025-06-20T09:46:51.729645+0800 - INFO - 尝试重置检查第一排技能（冷却可能已结束）
2025-06-20T09:46:51.730145+0800 - INFO - 第一排技能(重置检查) - 检查技能: q
2025-06-20T09:46:51.730643+0800 - INFO - 第一排技能(重置检查) - 检查技能: w
2025-06-20T09:46:51.730643+0800 - INFO - 第一排技能(重置检查) - 检查技能: e
2025-06-20T09:46:51.731650+0800 - INFO - 第一排技能(重置检查) - 检查技能: r
2025-06-20T09:46:51.732171+0800 - INFO - 第一排技能(重置检查) - 检查技能: t
2025-06-20T09:46:51.732171+0800 - INFO - 检查技能位置：v
2025-06-20T09:46:51.733180+0800 - INFO - 警告: 没有找到可用技能且无法普通攻击
2025-06-20T09:46:51.733180+0800 - INFO - None
2025-06-20T09:46:51.736749+0800 - INFO - 已释放技能列表: ['q', 'w', 'e', 'r', 't']
2025-06-20T09:46:51.737750+0800 - INFO - 第一排技能 - 检查技能: q
2025-06-20T09:46:51.738250+0800 - INFO - 第一排技能 - 检查技能: w
2025-06-20T09:46:51.738749+0800 - INFO - 第一排技能 - 检查技能: e
2025-06-20T09:46:51.739248+0800 - INFO - 第一排技能 - 检查技能: r
2025-06-20T09:46:51.739746+0800 - INFO - 第一排技能 - 检查技能: t
2025-06-20T09:46:51.740850+0800 - INFO - 第二排技能 - 检查技能: g
2025-06-20T09:46:51.741356+0800 - INFO - 第二排技能 - 检查技能: h
2025-06-20T09:46:51.741852+0800 - INFO - 尝试重置检查第一排技能（冷却可能已结束）
2025-06-20T09:46:51.742350+0800 - INFO - 第一排技能(重置检查) - 检查技能: q
2025-06-20T09:46:51.742850+0800 - INFO - 第一排技能(重置检查) - 检查技能: w
2025-06-20T09:46:51.743348+0800 - INFO - 第一排技能(重置检查) - 检查技能: e
2025-06-20T09:46:51.743848+0800 - INFO - 第一排技能(重置检查) - 检查技能: r
2025-06-20T09:46:51.744347+0800 - INFO - 第一排技能(重置检查) - 检查技能: t
2025-06-20T09:46:51.744846+0800 - INFO - 检查技能位置：v
2025-06-20T09:46:51.744846+0800 - INFO - 警告: 没有找到可用技能且无法普通攻击
2025-06-20T09:46:51.745849+0800 - INFO - None
2025-06-20T09:46:51.749919+0800 - INFO - 已释放技能列表: ['q', 'w', 'e', 'r', 't']
2025-06-20T09:46:51.750418+0800 - INFO - 第一排技能 - 检查技能: q
2025-06-20T09:46:51.750916+0800 - INFO - 第一排技能 - 检查技能: w
2025-06-20T09:46:51.751419+0800 - INFO - 第一排技能 - 检查技能: e
2025-06-20T09:46:51.751916+0800 - INFO - 第一排技能 - 检查技能: r
2025-06-20T09:46:51.752414+0800 - INFO - 第一排技能 - 检查技能: t
2025-06-20T09:46:51.752414+0800 - INFO - 第二排技能 - 检查技能: g
2025-06-20T09:46:51.753968+0800 - INFO - 第二排技能 - 检查技能: h
2025-06-20T09:46:51.754487+0800 - INFO - 尝试重置检查第一排技能（冷却可能已结束）
2025-06-20T09:46:51.754487+0800 - INFO - 第一排技能(重置检查) - 检查技能: q
2025-06-20T09:46:51.754988+0800 - INFO - 第一排技能(重置检查) - 检查技能: w
2025-06-20T09:46:51.755993+0800 - INFO - 第一排技能(重置检查) - 检查技能: e
2025-06-20T09:46:51.755993+0800 - INFO - 第一排技能(重置检查) - 检查技能: r
2025-06-20T09:46:51.757028+0800 - INFO - 第一排技能(重置检查) - 检查技能: t
2025-06-20T09:46:51.757565+0800 - INFO - 检查技能位置：v
2025-06-20T09:46:51.758094+0800 - INFO - 警告: 没有找到可用技能且无法普通攻击
2025-06-20T09:46:51.758094+0800 - INFO - None
2025-06-20T09:46:51.762303+0800 - INFO - 已释放技能列表: ['q', 'w', 'e', 'r', 't']
2025-06-20T09:46:51.762800+0800 - INFO - 第一排技能 - 检查技能: q
2025-06-20T09:46:51.763298+0800 - INFO - 第一排技能 - 检查技能: w
2025-06-20T09:46:51.763798+0800 - INFO - 第一排技能 - 检查技能: e
2025-06-20T09:46:51.764796+0800 - INFO - 第一排技能 - 检查技能: r
2025-06-20T09:46:51.764796+0800 - INFO - 第一排技能 - 检查技能: t
2025-06-20T09:46:51.765884+0800 - INFO - 第二排技能 - 检查技能: g
2025-06-20T09:46:51.766394+0800 - INFO - 第二排技能 - 检查技能: h
2025-06-20T09:46:51.766887+0800 - INFO - 尝试重置检查第一排技能（冷却可能已结束）
2025-06-20T09:46:51.767389+0800 - INFO - 第一排技能(重置检查) - 检查技能: q
2025-06-20T09:46:51.767890+0800 - INFO - 第一排技能(重置检查) - 检查技能: w
2025-06-20T09:46:51.768387+0800 - INFO - 第一排技能(重置检查) - 检查技能: e
2025-06-20T09:46:51.768886+0800 - INFO - 第一排技能(重置检查) - 检查技能: r
2025-06-20T09:46:51.769386+0800 - INFO - 第一排技能(重置检查) - 检查技能: t
2025-06-20T09:46:51.770383+0800 - INFO - 检查技能位置：v
2025-06-20T09:46:51.770383+0800 - INFO - 警告: 没有找到可用技能且无法普通攻击
2025-06-20T09:46:51.770881+0800 - INFO - None
2025-06-20T09:46:51.774082+0800 - INFO - 已释放技能列表: ['q', 'w', 'e', 'r', 't']
2025-06-20T09:46:51.774610+0800 - INFO - 第一排技能 - 检查技能: q
2025-06-20T09:46:51.775669+0800 - INFO - 第一排技能 - 检查技能: w
2025-06-20T09:46:51.776172+0800 - INFO - 第一排技能 - 检查技能: e
2025-06-20T09:46:51.776671+0800 - INFO - 第一排技能 - 检查技能: r
2025-06-20T09:46:51.777172+0800 - INFO - 第一排技能 - 检查技能: t
2025-06-20T09:46:51.778169+0800 - INFO - 第二排技能 - 检查技能: g
2025-06-20T09:46:51.778668+0800 - INFO - 第二排技能 - 检查技能: h
2025-06-20T09:46:51.779168+0800 - INFO - 尝试重置检查第一排技能（冷却可能已结束）
2025-06-20T09:46:51.779168+0800 - INFO - 第一排技能(重置检查) - 检查技能: q
2025-06-20T09:46:51.780168+0800 - INFO - 第一排技能(重置检查) - 检查技能: w
2025-06-20T09:46:51.780665+0800 - INFO - 第一排技能(重置检查) - 检查技能: e
2025-06-20T09:46:51.781163+0800 - INFO - 第一排技能(重置检查) - 检查技能: r
2025-06-20T09:46:51.782293+0800 - INFO - 第一排技能(重置检查) - 检查技能: t
2025-06-20T09:46:51.782798+0800 - INFO - 检查技能位置：v
2025-06-20T09:46:51.783315+0800 - INFO - 警告: 没有找到可用技能且无法普通攻击
2025-06-20T09:46:51.783815+0800 - INFO - None
2025-06-20T09:46:51.786851+0800 - INFO - 已释放技能列表: ['q', 'w', 'e', 'r', 't']
2025-06-20T09:46:51.786851+0800 - INFO - 第一排技能 - 检查技能: q
2025-06-20T09:46:51.788121+0800 - INFO - 第一排技能 - 检查技能: w
2025-06-20T09:46:51.788617+0800 - INFO - 第一排技能 - 检查技能: e
2025-06-20T09:46:51.789117+0800 - INFO - 第一排技能 - 检查技能: r
2025-06-20T09:46:51.789615+0800 - INFO - 第一排技能 - 检查技能: t
2025-06-20T09:46:51.790114+0800 - INFO - 第二排技能 - 检查技能: g
2025-06-20T09:46:51.790618+0800 - INFO - 第二排技能 - 检查技能: h
2025-06-20T09:46:51.791117+0800 - INFO - 尝试重置检查第一排技能（冷却可能已结束）
2025-06-20T09:46:51.791615+0800 - INFO - 第一排技能(重置检查) - 检查技能: q
2025-06-20T09:46:51.792112+0800 - INFO - 第一排技能(重置检查) - 检查技能: w
2025-06-20T09:46:51.792611+0800 - INFO - 第一排技能(重置检查) - 检查技能: e
2025-06-20T09:46:51.793614+0800 - INFO - 第一排技能(重置检查) - 检查技能: r
2025-06-20T09:46:51.794149+0800 - INFO - 第一排技能(重置检查) - 检查技能: t
2025-06-20T09:46:51.794663+0800 - INFO - 检查技能位置：v
2025-06-20T09:46:51.794663+0800 - INFO - 警告: 没有找到可用技能且无法普通攻击
2025-06-20T09:46:51.794663+0800 - INFO - None
2025-06-20T09:46:51.801302+0800 - INFO - 已释放技能列表: ['q', 'w', 'e', 'r', 't']
2025-06-20T09:46:51.801795+0800 - INFO - 第一排技能 - 检查技能: q
2025-06-20T09:46:51.802908+0800 - INFO - 第一排技能 - 检查技能: w
2025-06-20T09:46:51.803415+0800 - INFO - 第一排技能 - 检查技能: e
2025-06-20T09:46:51.803913+0800 - INFO - 第一排技能 - 检查技能: r
2025-06-20T09:46:51.804409+0800 - INFO - 第一排技能 - 检查技能: t
2025-06-20T09:46:51.804908+0800 - INFO - 第二排技能 - 检查技能: g
2025-06-20T09:46:51.805912+0800 - INFO - 第二排技能 - 检查技能: h
2025-06-20T09:46:51.806435+0800 - INFO - 尝试重置检查第一排技能（冷却可能已结束）
2025-06-20T09:46:51.806435+0800 - INFO - 第一排技能(重置检查) - 检查技能: q
2025-06-20T09:46:51.806934+0800 - INFO - 第一排技能(重置检查) - 检查技能: w
2025-06-20T09:46:51.807938+0800 - INFO - 第一排技能(重置检查) - 检查技能: e
2025-06-20T09:46:51.808486+0800 - INFO - 第一排技能(重置检查) - 检查技能: r
2025-06-20T09:46:51.809000+0800 - INFO - 第一排技能(重置检查) - 检查技能: t
2025-06-20T09:46:51.809500+0800 - INFO - 检查技能位置：v
2025-06-20T09:46:51.809998+0800 - INFO - 警告: 没有找到可用技能且无法普通攻击
2025-06-20T09:46:51.809998+0800 - INFO - None
2025-06-20T09:46:51.814589+0800 - INFO - 已释放技能列表: ['q', 'w', 'e', 'r', 't']
2025-06-20T09:46:51.814589+0800 - INFO - 第一排技能 - 检查技能: q
2025-06-20T09:46:51.815609+0800 - INFO - 第一排技能 - 检查技能: w
2025-06-20T09:46:51.816124+0800 - INFO - 第一排技能 - 检查技能: e
2025-06-20T09:46:51.817122+0800 - INFO - 第一排技能 - 检查技能: r
2025-06-20T09:46:51.817122+0800 - INFO - 第一排技能 - 检查技能: t
2025-06-20T09:46:51.818049+0800 - INFO - 第二排技能 - 检查技能: g
2025-06-20T09:46:51.818548+0800 - INFO - 第二排技能 - 检查技能: h
2025-06-20T09:46:51.819546+0800 - INFO - 尝试重置检查第一排技能（冷却可能已结束）
2025-06-20T09:46:51.819546+0800 - INFO - 第一排技能(重置检查) - 检查技能: q
2025-06-20T09:46:51.820046+0800 - INFO - 第一排技能(重置检查) - 检查技能: w
2025-06-20T09:46:51.821047+0800 - INFO - 第一排技能(重置检查) - 检查技能: e
2025-06-20T09:46:51.821547+0800 - INFO - 第一排技能(重置检查) - 检查技能: r
2025-06-20T09:46:51.821547+0800 - INFO - 第一排技能(重置检查) - 检查技能: t
2025-06-20T09:46:51.822555+0800 - INFO - 检查技能位置：v
2025-06-20T09:46:51.823170+0800 - INFO - 警告: 没有找到可用技能且无法普通攻击
2025-06-20T09:46:51.823679+0800 - INFO - None
2025-06-20T09:46:51.827810+0800 - INFO - 已释放技能列表: ['q', 'w', 'e', 'r', 't']
2025-06-20T09:46:51.828815+0800 - INFO - 第一排技能 - 检查技能: q
2025-06-20T09:46:51.829805+0800 - INFO - 第一排技能 - 检查技能: w
2025-06-20T09:46:51.830303+0800 - INFO - 第一排技能 - 检查技能: e
2025-06-20T09:46:51.830801+0800 - INFO - 第一排技能 - 检查技能: r
2025-06-20T09:46:51.831305+0800 - INFO - 第一排技能 - 检查技能: t
2025-06-20T09:46:51.832300+0800 - INFO - 第二排技能 - 检查技能: g
2025-06-20T09:46:51.832800+0800 - INFO - 第二排技能 - 检查技能: h
2025-06-20T09:46:51.832800+0800 - INFO - 尝试重置检查第一排技能（冷却可能已结束）
2025-06-20T09:46:51.832800+0800 - INFO - 第一排技能(重置检查) - 检查技能: q
2025-06-20T09:46:51.834423+0800 - INFO - 第一排技能(重置检查) - 检查技能: w
2025-06-20T09:46:51.834943+0800 - INFO - 第一排技能(重置检查) - 检查技能: e
2025-06-20T09:46:51.834943+0800 - INFO - 第一排技能(重置检查) - 检查技能: r
2025-06-20T09:46:51.835975+0800 - INFO - 第一排技能(重置检查) - 检查技能: t
2025-06-20T09:46:51.836517+0800 - INFO - 检查技能位置：v
2025-06-20T09:46:51.837016+0800 - INFO - 警告: 没有找到可用技能且无法普通攻击
2025-06-20T09:46:51.837016+0800 - INFO - None
2025-06-20T09:46:51.840675+0800 - INFO - 已释放技能列表: ['q', 'w', 'e', 'r', 't']
2025-06-20T09:46:51.840675+0800 - INFO - 第一排技能 - 检查技能: q
2025-06-20T09:46:51.841674+0800 - INFO - 第一排技能 - 检查技能: w
2025-06-20T09:46:51.842173+0800 - INFO - 第一排技能 - 检查技能: e
2025-06-20T09:46:51.842672+0800 - INFO - 第一排技能 - 检查技能: r
2025-06-20T09:46:51.843677+0800 - INFO - 第一排技能 - 检查技能: t
2025-06-20T09:46:51.844218+0800 - INFO - 第二排技能 - 检查技能: g
2025-06-20T09:46:51.844717+0800 - INFO - 第二排技能 - 检查技能: h
2025-06-20T09:46:51.844717+0800 - INFO - 尝试重置检查第一排技能（冷却可能已结束）
2025-06-20T09:46:51.845721+0800 - INFO - 第一排技能(重置检查) - 检查技能: q
2025-06-20T09:46:51.846252+0800 - INFO - 第一排技能(重置检查) - 检查技能: w
2025-06-20T09:46:51.846751+0800 - INFO - 第一排技能(重置检查) - 检查技能: e
2025-06-20T09:46:51.847754+0800 - INFO - 第一排技能(重置检查) - 检查技能: r
2025-06-20T09:46:51.848252+0800 - INFO - 第一排技能(重置检查) - 检查技能: t
2025-06-20T09:46:51.848252+0800 - INFO - 检查技能位置：v
2025-06-20T09:46:51.849309+0800 - INFO - 警告: 没有找到可用技能且无法普通攻击
2025-06-20T09:46:51.849309+0800 - INFO - None
2025-06-20T09:46:51.852308+0800 - INFO - 已释放技能列表: ['q', 'w', 'e', 'r', 't']
2025-06-20T09:46:51.852807+0800 - INFO - 第一排技能 - 检查技能: q
2025-06-20T09:46:51.853804+0800 - INFO - 第一排技能 - 检查技能: w
2025-06-20T09:46:51.853804+0800 - INFO - 第一排技能 - 检查技能: e
2025-06-20T09:46:51.854968+0800 - INFO - 第一排技能 - 检查技能: r
2025-06-20T09:46:51.855473+0800 - INFO - 第一排技能 - 检查技能: t
2025-06-20T09:46:51.855995+0800 - INFO - 第二排技能 - 检查技能: g
2025-06-20T09:46:51.855995+0800 - INFO - 第二排技能 - 检查技能: h
2025-06-20T09:46:51.857022+0800 - INFO - 尝试重置检查第一排技能（冷却可能已结束）
2025-06-20T09:46:51.857022+0800 - INFO - 第一排技能(重置检查) - 检查技能: q
2025-06-20T09:46:51.858052+0800 - INFO - 第一排技能(重置检查) - 检查技能: w
2025-06-20T09:46:51.858605+0800 - INFO - 第一排技能(重置检查) - 检查技能: e
2025-06-20T09:46:51.859612+0800 - INFO - 第一排技能(重置检查) - 检查技能: r
2025-06-20T09:46:51.860139+0800 - INFO - 第一排技能(重置检查) - 检查技能: t
2025-06-20T09:46:51.860637+0800 - INFO - 检查技能位置：v
2025-06-20T09:46:51.861641+0800 - INFO - 警告: 没有找到可用技能且无法普通攻击
2025-06-20T09:46:51.861641+0800 - INFO - None
2025-06-20T09:46:51.864675+0800 - INFO - 已释放技能列表: ['q', 'w', 'e', 'r', 't']
2025-06-20T09:46:51.865802+0800 - INFO - 第一排技能 - 检查技能: q
2025-06-20T09:46:51.866306+0800 - INFO - 第一排技能 - 检查技能: w
2025-06-20T09:46:51.866834+0800 - INFO - 第一排技能 - 检查技能: e
2025-06-20T09:46:51.867707+0800 - INFO - 第一排技能 - 检查技能: r
2025-06-20T09:46:51.868205+0800 - INFO - 第一排技能 - 检查技能: t
2025-06-20T09:46:51.868706+0800 - INFO - 第二排技能 - 检查技能: g
2025-06-20T09:46:51.869207+0800 - INFO - 第二排技能 - 检查技能: h
2025-06-20T09:46:51.869703+0800 - INFO - 尝试重置检查第一排技能（冷却可能已结束）
2025-06-20T09:46:51.869703+0800 - INFO - 第一排技能(重置检查) - 检查技能: q
2025-06-20T09:46:51.870702+0800 - INFO - 第一排技能(重置检查) - 检查技能: w
2025-06-20T09:46:51.871200+0800 - INFO - 第一排技能(重置检查) - 检查技能: e
2025-06-20T09:46:51.871200+0800 - INFO - 第一排技能(重置检查) - 检查技能: r
2025-06-20T09:46:51.872744+0800 - INFO - 第一排技能(重置检查) - 检查技能: t
2025-06-20T09:46:51.873239+0800 - INFO - 检查技能位置：v
2025-06-20T09:46:51.873739+0800 - INFO - 警告: 没有找到可用技能且无法普通攻击
2025-06-20T09:46:51.873739+0800 - INFO - None
2025-06-20T09:46:51.878397+0800 - INFO - 已释放技能列表: ['q', 'w', 'e', 'r', 't']
2025-06-20T09:46:51.878893+0800 - INFO - 第一排技能 - 检查技能: q
2025-06-20T09:46:51.879393+0800 - INFO - 第一排技能 - 检查技能: w
2025-06-20T09:46:51.879894+0800 - INFO - 第一排技能 - 检查技能: e
2025-06-20T09:46:51.880389+0800 - INFO - 第一排技能 - 检查技能: r
2025-06-20T09:46:51.881387+0800 - INFO - 第一排技能 - 检查技能: t
2025-06-20T09:46:51.881387+0800 - INFO - 第二排技能 - 检查技能: g
2025-06-20T09:46:51.882393+0800 - INFO - 第二排技能 - 检查技能: h
2025-06-20T09:46:51.882927+0800 - INFO - 尝试重置检查第一排技能（冷却可能已结束）
2025-06-20T09:46:51.883426+0800 - INFO - 第一排技能(重置检查) - 检查技能: q
2025-06-20T09:46:51.883925+0800 - INFO - 第一排技能(重置检查) - 检查技能: w
2025-06-20T09:46:51.883925+0800 - INFO - 第一排技能(重置检查) - 检查技能: e
2025-06-20T09:46:51.884929+0800 - INFO - 第一排技能(重置检查) - 检查技能: r
2025-06-20T09:46:51.884929+0800 - INFO - 第一排技能(重置检查) - 检查技能: t
2025-06-20T09:46:51.884929+0800 - INFO - 检查技能位置：v
2025-06-20T09:46:51.886066+0800 - INFO - 警告: 没有找到可用技能且无法普通攻击
2025-06-20T09:46:51.886066+0800 - INFO - None
2025-06-20T09:46:51.890237+0800 - INFO - 已释放技能列表: ['q', 'w', 'e', 'r', 't']
2025-06-20T09:46:51.890734+0800 - INFO - 第一排技能 - 检查技能: q
2025-06-20T09:46:51.892231+0800 - INFO - 第一排技能 - 检查技能: w
2025-06-20T09:46:51.892727+0800 - INFO - 第一排技能 - 检查技能: e
2025-06-20T09:46:51.893726+0800 - INFO - 第一排技能 - 检查技能: r
2025-06-20T09:46:51.894725+0800 - INFO - 第一排技能 - 检查技能: t
2025-06-20T09:46:51.895730+0800 - INFO - 第二排技能 - 检查技能: g
2025-06-20T09:46:51.896860+0800 - INFO - 第二排技能 - 检查技能: h
2025-06-20T09:46:51.897358+0800 - INFO - 尝试重置检查第一排技能（冷却可能已结束）
2025-06-20T09:46:51.897856+0800 - INFO - 第一排技能(重置检查) - 检查技能: q
2025-06-20T09:46:51.898357+0800 - INFO - 第一排技能(重置检查) - 检查技能: w
2025-06-20T09:46:51.898848+0800 - INFO - 第一排技能(重置检查) - 检查技能: e
2025-06-20T09:46:51.899349+0800 - INFO - 第一排技能(重置检查) - 检查技能: r
2025-06-20T09:46:51.899349+0800 - INFO - 第一排技能(重置检查) - 检查技能: t
2025-06-20T09:46:51.900910+0800 - INFO - 检查技能位置：v
2025-06-20T09:46:51.901431+0800 - INFO - 警告: 没有找到可用技能且无法普通攻击
2025-06-20T09:46:51.901431+0800 - INFO - None
2025-06-20T09:46:51.905435+0800 - INFO - 已释放技能列表: ['q', 'w', 'e', 'r', 't']
2025-06-20T09:46:51.905962+0800 - INFO - 第一排技能 - 检查技能: q
2025-06-20T09:46:51.906985+0800 - INFO - 第一排技能 - 检查技能: w
2025-06-20T09:46:51.907483+0800 - INFO - 第一排技能 - 检查技能: e
2025-06-20T09:46:51.908490+0800 - INFO - 第一排技能 - 检查技能: r
2025-06-20T09:46:51.909035+0800 - INFO - 第一排技能 - 检查技能: t
2025-06-20T09:46:51.909534+0800 - INFO - 第二排技能 - 检查技能: g
2025-06-20T09:46:51.910540+0800 - INFO - 第二排技能 - 检查技能: h
2025-06-20T09:46:51.910540+0800 - INFO - 尝试重置检查第一排技能（冷却可能已结束）
2025-06-20T09:46:51.910540+0800 - INFO - 第一排技能(重置检查) - 检查技能: q
2025-06-20T09:46:51.912210+0800 - INFO - 第一排技能(重置检查) - 检查技能: w
2025-06-20T09:46:51.912712+0800 - INFO - 第一排技能(重置检查) - 检查技能: e
2025-06-20T09:46:51.913214+0800 - INFO - 第一排技能(重置检查) - 检查技能: r
2025-06-20T09:46:51.914207+0800 - INFO - 第一排技能(重置检查) - 检查技能: t
2025-06-20T09:46:51.914706+0800 - INFO - 检查技能位置：v
2025-06-20T09:46:51.914706+0800 - INFO - 警告: 没有找到可用技能且无法普通攻击
2025-06-20T09:46:51.914706+0800 - INFO - None
2025-06-20T09:46:51.918408+0800 - INFO - 已释放技能列表: ['q', 'w', 'e', 'r', 't']
2025-06-20T09:46:51.918908+0800 - INFO - 第一排技能 - 检查技能: q
2025-06-20T09:46:51.919405+0800 - INFO - 第一排技能 - 检查技能: w
2025-06-20T09:46:51.919904+0800 - INFO - 弓箭手-奇美拉 找到可用技能: w
2025-06-20T09:46:51.920403+0800 - INFO - w
2025-06-20T09:46:51.923466+0800 - INFO - 已释放技能列表: ['q', 'w', 'e', 'r', 't']
2025-06-20T09:46:51.923965+0800 - INFO - 第一排技能 - 检查技能: q
2025-06-20T09:46:51.924464+0800 - INFO - 第一排技能 - 检查技能: w
2025-06-20T09:46:51.924966+0800 - INFO - 弓箭手-奇美拉 找到可用技能: w
2025-06-20T09:46:51.924966+0800 - INFO - w
2025-06-20T09:46:51.929008+0800 - INFO - 已释放技能列表: ['q', 'w', 'e', 'r', 't']
2025-06-20T09:46:51.929506+0800 - INFO - 第一排技能 - 检查技能: q
2025-06-20T09:46:51.930502+0800 - INFO - 第一排技能 - 检查技能: w
2025-06-20T09:46:51.931001+0800 - INFO - 弓箭手-奇美拉 找到可用技能: w
2025-06-20T09:46:51.931499+0800 - INFO - w
2025-06-20T09:46:51.934497+0800 - INFO - 已释放技能列表: ['q', 'w', 'e', 'r', 't']
2025-06-20T09:46:51.934997+0800 - INFO - 第一排技能 - 检查技能: q
2025-06-20T09:46:51.936001+0800 - INFO - 第一排技能 - 检查技能: w
2025-06-20T09:46:51.936529+0800 - INFO - 弓箭手-奇美拉 找到可用技能: w
2025-06-20T09:46:51.937051+0800 - INFO - w
2025-06-20T09:46:51.941295+0800 - INFO - 已释放技能列表: ['q', 'w', 'e', 'r', 't']
2025-06-20T09:46:51.941798+0800 - INFO - 第一排技能 - 检查技能: q
2025-06-20T09:46:51.942296+0800 - INFO - 第一排技能 - 检查技能: w
2025-06-20T09:46:51.943294+0800 - INFO - 弓箭手-奇美拉 找到可用技能: w
2025-06-20T09:46:51.943793+0800 - INFO - w
2025-06-20T09:46:51.948545+0800 - INFO - 已释放技能列表: ['q', 'w', 'e', 'r', 't']
2025-06-20T09:46:51.949050+0800 - INFO - 第一排技能 - 检查技能: q
2025-06-20T09:46:51.950042+0800 - INFO - 第一排技能 - 检查技能: w
2025-06-20T09:46:51.950542+0800 - INFO - 弓箭手-奇美拉 找到可用技能: w
2025-06-20T09:46:51.951040+0800 - INFO - w
2025-06-20T09:46:51.954573+0800 - INFO - 已释放技能列表: ['q', 'w', 'e', 'r', 't']
2025-06-20T09:46:51.955073+0800 - INFO - 第一排技能 - 检查技能: q
2025-06-20T09:46:51.956135+0800 - INFO - 第一排技能 - 检查技能: w
2025-06-20T09:46:51.956639+0800 - INFO - 弓箭手-奇美拉 找到可用技能: w
2025-06-20T09:46:51.956639+0800 - INFO - w
2025-06-20T09:46:51.960789+0800 - INFO - 已释放技能列表: ['q', 'w', 'e', 'r', 't']
2025-06-20T09:46:51.961288+0800 - INFO - 第一排技能 - 检查技能: q
2025-06-20T09:46:51.962399+0800 - INFO - 第一排技能 - 检查技能: w
2025-06-20T09:46:51.962900+0800 - INFO - 弓箭手-奇美拉 找到可用技能: w
2025-06-20T09:46:51.963398+0800 - INFO - w
2025-06-20T09:46:51.966982+0800 - INFO - 已释放技能列表: ['q', 'w', 'e', 'r', 't']
2025-06-20T09:46:51.966982+0800 - INFO - 第一排技能 - 检查技能: q
2025-06-20T09:46:51.968002+0800 - INFO - 第一排技能 - 检查技能: w
2025-06-20T09:46:51.968500+0800 - INFO - 弓箭手-奇美拉 找到可用技能: w
2025-06-20T09:46:51.968999+0800 - INFO - w
2025-06-20T09:46:51.972498+0800 - INFO - 已释放技能列表: ['q', 'w', 'e', 'r', 't']
2025-06-20T09:46:51.973024+0800 - INFO - 第一排技能 - 检查技能: q
2025-06-20T09:46:51.973523+0800 - INFO - 第一排技能 - 检查技能: w
2025-06-20T09:46:51.974022+0800 - INFO - 弓箭手-奇美拉 找到可用技能: w
2025-06-20T09:46:51.974521+0800 - INFO - w
2025-06-20T09:46:51.978218+0800 - INFO - 已释放技能列表: ['q', 'w', 'e', 'r', 't']
2025-06-20T09:46:51.978723+0800 - INFO - 第一排技能 - 检查技能: q
2025-06-20T09:46:51.979720+0800 - INFO - 第一排技能 - 检查技能: w
2025-06-20T09:46:51.980218+0800 - INFO - 弓箭手-奇美拉 找到可用技能: w
2025-06-20T09:46:51.980719+0800 - INFO - w
2025-06-20T09:46:51.984258+0800 - INFO - 已释放技能列表: ['q', 'w', 'e', 'r', 't']
2025-06-20T09:46:51.984757+0800 - INFO - 第一排技能 - 检查技能: q
2025-06-20T09:46:51.985763+0800 - INFO - 第一排技能 - 检查技能: w
2025-06-20T09:46:51.986292+0800 - INFO - 弓箭手-奇美拉 找到可用技能: w
2025-06-20T09:46:51.986292+0800 - INFO - w
2025-06-20T09:46:51.990340+0800 - INFO - 已释放技能列表: ['q', 'w', 'e', 'r', 't']
2025-06-20T09:46:51.990837+0800 - INFO - 第一排技能 - 检查技能: q
2025-06-20T09:46:51.991335+0800 - INFO - 第一排技能 - 检查技能: w
2025-06-20T09:46:51.991835+0800 - INFO - 弓箭手-奇美拉 找到可用技能: w
2025-06-20T09:46:51.992334+0800 - INFO - w
2025-06-20T09:46:51.994833+0800 - INFO - 已释放技能列表: ['q', 'w', 'e', 'r', 't']
2025-06-20T09:46:51.995838+0800 - INFO - 第一排技能 - 检查技能: q
2025-06-20T09:46:51.996356+0800 - INFO - 第一排技能 - 检查技能: w
2025-06-20T09:46:51.997360+0800 - INFO - 弓箭手-奇美拉 找到可用技能: w
2025-06-20T09:46:51.997360+0800 - INFO - w
2025-06-20T09:46:52.000986+0800 - INFO - 已释放技能列表: ['q', 'w', 'e', 'r', 't']
2025-06-20T09:46:52.000986+0800 - INFO - 第一排技能 - 检查技能: q
2025-06-20T09:46:52.002032+0800 - INFO - 第一排技能 - 检查技能: w
2025-06-20T09:46:52.002032+0800 - INFO - 弓箭手-奇美拉 找到可用技能: w
2025-06-20T09:46:52.003036+0800 - INFO - w
2025-06-20T09:46:52.006597+0800 - INFO - 已释放技能列表: ['q', 'w', 'e', 'r', 't']
2025-06-20T09:46:52.006597+0800 - INFO - 第一排技能 - 检查技能: q
2025-06-20T09:46:52.007096+0800 - INFO - 第一排技能 - 检查技能: w
2025-06-20T09:46:52.008099+0800 - INFO - 弓箭手-奇美拉 找到可用技能: w
2025-06-20T09:46:52.008099+0800 - INFO - w
2025-06-20T09:46:52.011789+0800 - INFO - 已释放技能列表: ['q', 'w', 'e', 'r', 't']
2025-06-20T09:46:52.012289+0800 - INFO - 第一排技能 - 检查技能: q
2025-06-20T09:46:52.013296+0800 - INFO - 第一排技能 - 检查技能: w
2025-06-20T09:46:52.013847+0800 - INFO - 弓箭手-奇美拉 找到可用技能: w
2025-06-20T09:46:52.014346+0800 - INFO - w
2025-06-20T09:46:52.017397+0800 - INFO - 已释放技能列表: ['q', 'w', 'e', 'r', 't']
2025-06-20T09:46:52.017934+0800 - INFO - 第一排技能 - 检查技能: q
2025-06-20T09:46:52.017934+0800 - INFO - 第一排技能 - 检查技能: w
2025-06-20T09:46:52.019476+0800 - INFO - 弓箭手-奇美拉 找到可用技能: w
2025-06-20T09:46:52.019476+0800 - INFO - w
2025-06-20T09:46:52.022483+0800 - INFO - 已释放技能列表: ['q', 'w', 'e', 'r', 't']
2025-06-20T09:46:52.023013+0800 - INFO - 第一排技能 - 检查技能: q
2025-06-20T09:46:52.024006+0800 - INFO - 第一排技能 - 检查技能: w
2025-06-20T09:46:52.024506+0800 - INFO - 弓箭手-奇美拉 找到可用技能: w
2025-06-20T09:46:52.024506+0800 - INFO - w
2025-06-20T09:46:52.028545+0800 - INFO - 已释放技能列表: ['q', 'w', 'e', 'r', 't']
2025-06-20T09:46:52.029067+0800 - INFO - 第一排技能 - 检查技能: q
2025-06-20T09:46:52.030067+0800 - INFO - 第一排技能 - 检查技能: w
2025-06-20T09:46:52.030564+0800 - INFO - 弓箭手-奇美拉 找到可用技能: w
2025-06-20T09:46:52.030564+0800 - INFO - w
2025-06-20T09:46:52.034057+0800 - INFO - 已释放技能列表: ['q', 'w', 'e', 'r', 't']
2025-06-20T09:46:52.034057+0800 - INFO - 第一排技能 - 检查技能: q
2025-06-20T09:46:52.035055+0800 - INFO - 第一排技能 - 检查技能: w
2025-06-20T09:46:52.035055+0800 - INFO - 弓箭手-奇美拉 找到可用技能: w
2025-06-20T09:46:52.035055+0800 - INFO - w
2025-06-20T09:46:52.038648+0800 - INFO - 已释放技能列表: ['q', 'w', 'e', 'r', 't']
2025-06-20T09:46:52.039178+0800 - INFO - 第一排技能 - 检查技能: q
2025-06-20T09:46:52.040189+0800 - INFO - 第一排技能 - 检查技能: w
2025-06-20T09:46:52.040688+0800 - INFO - 弓箭手-奇美拉 找到可用技能: w
2025-06-20T09:46:52.040688+0800 - INFO - w
2025-06-20T09:46:52.044682+0800 - INFO - 已释放技能列表: ['q', 'w', 'e', 'r', 't']
2025-06-20T09:46:52.045692+0800 - INFO - 第一排技能 - 检查技能: q
2025-06-20T09:46:52.046230+0800 - INFO - 第一排技能 - 检查技能: w
2025-06-20T09:46:52.046726+0800 - INFO - 弓箭手-奇美拉 找到可用技能: w
2025-06-20T09:46:52.047224+0800 - INFO - w
2025-06-20T09:46:52.051252+0800 - INFO - 已释放技能列表: ['q', 'w', 'e', 'r', 't']
2025-06-20T09:46:52.052250+0800 - INFO - 第一排技能 - 检查技能: q
2025-06-20T09:46:52.052749+0800 - INFO - 第一排技能 - 检查技能: w
2025-06-20T09:46:52.052749+0800 - INFO - 弓箭手-奇美拉 找到可用技能: w
2025-06-20T09:46:52.053758+0800 - INFO - w
2025-06-20T09:46:52.056963+0800 - INFO - 已释放技能列表: ['q', 'w', 'e', 'r', 't']
2025-06-20T09:46:52.056963+0800 - INFO - 第一排技能 - 检查技能: q
2025-06-20T09:46:52.057966+0800 - INFO - 第一排技能 - 检查技能: w
2025-06-20T09:46:52.058498+0800 - INFO - 弓箭手-奇美拉 找到可用技能: w
2025-06-20T09:46:52.058498+0800 - INFO - w
2025-06-20T09:46:52.064594+0800 - INFO - 已释放技能列表: ['q', 'w', 'e', 'r', 't']
2025-06-20T09:46:52.065094+0800 - INFO - 第一排技能 - 检查技能: q
2025-06-20T09:46:52.065094+0800 - INFO - 第一排技能 - 检查技能: w
2025-06-20T09:46:52.066628+0800 - INFO - 弓箭手-奇美拉 找到可用技能: w
2025-06-20T09:46:52.066628+0800 - INFO - w
2025-06-20T09:46:52.070178+0800 - INFO - 已释放技能列表: ['q', 'w', 'e', 'r', 't']
2025-06-20T09:46:52.070677+0800 - INFO - 第一排技能 - 检查技能: q
2025-06-20T09:46:52.071176+0800 - INFO - 第一排技能 - 检查技能: w
2025-06-20T09:46:52.071176+0800 - INFO - 弓箭手-奇美拉 找到可用技能: w
2025-06-20T09:46:52.072183+0800 - INFO - w
2025-06-20T09:46:52.074715+0800 - INFO - 已释放技能列表: ['q', 'w', 'e', 'r', 't']
2025-06-20T09:46:52.075722+0800 - INFO - 第一排技能 - 检查技能: q
2025-06-20T09:46:52.076739+0800 - INFO - 第一排技能 - 检查技能: w
2025-06-20T09:46:52.077238+0800 - INFO - 弓箭手-奇美拉 找到可用技能: w
2025-06-20T09:46:52.077238+0800 - INFO - w
2025-06-20T09:46:52.082334+0800 - INFO - 已释放技能列表: ['q', 'w', 'e', 'r', 't']
2025-06-20T09:46:52.082334+0800 - INFO - 第一排技能 - 检查技能: q
2025-06-20T09:46:52.083338+0800 - INFO - 第一排技能 - 检查技能: w
2025-06-20T09:46:52.083883+0800 - INFO - 弓箭手-奇美拉 找到可用技能: w
2025-06-20T09:46:52.083883+0800 - INFO - w
2025-06-20T09:46:52.087405+0800 - INFO - 已释放技能列表: ['q', 'w', 'e', 'r', 't']
2025-06-20T09:46:52.087905+0800 - INFO - 第一排技能 - 检查技能: q
2025-06-20T09:46:52.088403+0800 - INFO - 第一排技能 - 检查技能: w
2025-06-20T09:46:52.089407+0800 - INFO - 弓箭手-奇美拉 找到可用技能: w
2025-06-20T09:46:52.089407+0800 - INFO - w
2025-06-20T09:46:52.092955+0800 - INFO - 已释放技能列表: ['q', 'w', 'e', 'r', 't']
2025-06-20T09:46:52.093455+0800 - INFO - 第一排技能 - 检查技能: q
2025-06-20T09:46:52.093955+0800 - INFO - 第一排技能 - 检查技能: w
2025-06-20T09:46:52.094953+0800 - INFO - 弓箭手-奇美拉 找到可用技能: w
2025-06-20T09:46:52.094953+0800 - INFO - w
2025-06-20T09:46:52.100058+0800 - INFO - 已释放技能列表: ['q', 'w', 'e', 'r', 't']
2025-06-20T09:46:52.100058+0800 - INFO - 第一排技能 - 检查技能: q
2025-06-20T09:46:52.101676+0800 - INFO - 第一排技能 - 检查技能: w
2025-06-20T09:46:52.102174+0800 - INFO - 弓箭手-奇美拉 找到可用技能: w
2025-06-20T09:46:52.102174+0800 - INFO - w
2025-06-20T09:46:52.105701+0800 - INFO - 已释放技能列表: ['q', 'w', 'e', 'r', 't']
2025-06-20T09:46:52.106231+0800 - INFO - 第一排技能 - 检查技能: q
2025-06-20T09:46:52.106729+0800 - INFO - 第一排技能 - 检查技能: w
2025-06-20T09:46:52.107727+0800 - INFO - 弓箭手-奇美拉 找到可用技能: w
2025-06-20T09:46:52.107727+0800 - INFO - w
2025-06-20T09:46:52.111420+0800 - INFO - 已释放技能列表: ['q', 'w', 'e', 'r', 't']
2025-06-20T09:46:52.111922+0800 - INFO - 第一排技能 - 检查技能: q
2025-06-20T09:46:52.112421+0800 - INFO - 第一排技能 - 检查技能: w
2025-06-20T09:46:52.112920+0800 - INFO - 弓箭手-奇美拉 找到可用技能: w
2025-06-20T09:46:52.113419+0800 - INFO - w
2025-06-20T09:46:52.117000+0800 - INFO - 已释放技能列表: ['q', 'w', 'e', 'r', 't']
2025-06-20T09:46:52.117498+0800 - INFO - 第一排技能 - 检查技能: q
2025-06-20T09:46:52.117996+0800 - INFO - 第一排技能 - 检查技能: w
2025-06-20T09:46:52.119051+0800 - INFO - 弓箭手-奇美拉 找到可用技能: w
2025-06-20T09:46:52.119051+0800 - INFO - w
2025-06-20T09:46:52.122673+0800 - INFO - 已释放技能列表: ['q', 'w', 'e', 'r', 't']
2025-06-20T09:46:52.122673+0800 - INFO - 第一排技能 - 检查技能: q
2025-06-20T09:46:52.123671+0800 - INFO - 第一排技能 - 检查技能: w
2025-06-20T09:46:52.124170+0800 - INFO - 弓箭手-奇美拉 找到可用技能: w
2025-06-20T09:46:52.124669+0800 - INFO - w
2025-06-20T09:46:52.128698+0800 - INFO - 已释放技能列表: ['q', 'w', 'e', 'r', 't']
2025-06-20T09:46:52.129198+0800 - INFO - 第一排技能 - 检查技能: q
2025-06-20T09:46:52.130202+0800 - INFO - 第一排技能 - 检查技能: w
2025-06-20T09:46:52.130736+0800 - INFO - 弓箭手-奇美拉 找到可用技能: w
2025-06-20T09:46:52.130736+0800 - INFO - w
2025-06-20T09:46:52.134748+0800 - INFO - 已释放技能列表: ['q', 'w', 'e', 'r', 't']
2025-06-20T09:46:52.135753+0800 - INFO - 第一排技能 - 检查技能: q
2025-06-20T09:46:52.136282+0800 - INFO - 第一排技能 - 检查技能: w
2025-06-20T09:46:52.136783+0800 - INFO - 弓箭手-奇美拉 找到可用技能: w
2025-06-20T09:46:52.137280+0800 - INFO - w
2025-06-20T09:46:52.140880+0800 - INFO - 已释放技能列表: ['q', 'w', 'e', 'r', 't']
2025-06-20T09:46:52.141398+0800 - INFO - 第一排技能 - 检查技能: q
2025-06-20T09:46:52.141897+0800 - INFO - 第一排技能 - 检查技能: w
2025-06-20T09:46:52.142395+0800 - INFO - 弓箭手-奇美拉 找到可用技能: w
2025-06-20T09:46:52.142895+0800 - INFO - w
2025-06-20T09:46:52.146944+0800 - INFO - 已释放技能列表: ['q', 'w', 'e', 'r', 't']
2025-06-20T09:46:52.147441+0800 - INFO - 第一排技能 - 检查技能: q
2025-06-20T09:46:52.147942+0800 - INFO - 第一排技能 - 检查技能: w
2025-06-20T09:46:52.148442+0800 - INFO - 弓箭手-奇美拉 找到可用技能: w
2025-06-20T09:46:52.148941+0800 - INFO - w
2025-06-20T09:46:52.152470+0800 - INFO - 已释放技能列表: ['q', 'w', 'e', 'r', 't']
2025-06-20T09:46:52.152970+0800 - INFO - 第一排技能 - 检查技能: q
2025-06-20T09:46:52.153469+0800 - INFO - 第一排技能 - 检查技能: w
2025-06-20T09:46:52.153968+0800 - INFO - 弓箭手-奇美拉 找到可用技能: w
2025-06-20T09:46:52.154469+0800 - INFO - w
2025-06-20T09:46:52.158552+0800 - INFO - 已释放技能列表: ['q', 'w', 'e', 'r', 't']
2025-06-20T09:46:52.158552+0800 - INFO - 第一排技能 - 检查技能: q
2025-06-20T09:46:52.160146+0800 - INFO - 第一排技能 - 检查技能: w
2025-06-20T09:46:52.160146+0800 - INFO - 弓箭手-奇美拉 找到可用技能: w
2025-06-20T09:46:52.160146+0800 - INFO - w
2025-06-20T09:46:52.164710+0800 - INFO - 已释放技能列表: ['q', 'w', 'e', 'r', 't']
2025-06-20T09:46:52.164710+0800 - INFO - 第一排技能 - 检查技能: q
2025-06-20T09:46:52.165714+0800 - INFO - 第一排技能 - 检查技能: w
2025-06-20T09:46:52.166740+0800 - INFO - 弓箭手-奇美拉 找到可用技能: w
2025-06-20T09:46:52.167290+0800 - INFO - w
2025-06-20T09:46:52.171823+0800 - INFO - 已释放技能列表: ['q', 'w', 'e', 'r', 't']
2025-06-20T09:46:52.172389+0800 - INFO - 第一排技能 - 检查技能: q
2025-06-20T09:46:52.173390+0800 - INFO - 第一排技能 - 检查技能: w
2025-06-20T09:46:52.173889+0800 - INFO - 弓箭手-奇美拉 找到可用技能: w
2025-06-20T09:46:52.173889+0800 - INFO - w
2025-06-20T09:46:52.177914+0800 - INFO - 已释放技能列表: ['q', 'w', 'e', 'r', 't']
2025-06-20T09:46:52.178414+0800 - INFO - 第一排技能 - 检查技能: q
2025-06-20T09:46:52.178915+0800 - INFO - 第一排技能 - 检查技能: w
2025-06-20T09:46:52.179919+0800 - INFO - 弓箭手-奇美拉 找到可用技能: w
2025-06-20T09:46:52.179919+0800 - INFO - w
2025-06-20T09:46:52.184023+0800 - INFO - 已释放技能列表: ['q', 'w', 'e', 'r', 't']
2025-06-20T09:46:52.184522+0800 - INFO - 第一排技能 - 检查技能: q
2025-06-20T09:46:52.185022+0800 - INFO - 第一排技能 - 检查技能: w
2025-06-20T09:46:52.186025+0800 - INFO - 弓箭手-奇美拉 找到可用技能: w
2025-06-20T09:46:52.186025+0800 - INFO - w
2025-06-20T09:46:52.189801+0800 - INFO - 已释放技能列表: ['q', 'w', 'e', 'r', 't']
2025-06-20T09:46:52.189801+0800 - INFO - 第一排技能 - 检查技能: q
2025-06-20T09:46:52.190298+0800 - INFO - 第一排技能 - 检查技能: w
2025-06-20T09:46:52.191304+0800 - INFO - 弓箭手-奇美拉 找到可用技能: w
2025-06-20T09:46:52.191834+0800 - INFO - w
2025-06-20T09:46:52.194855+0800 - INFO - 已释放技能列表: ['q', 'w', 'e', 'r', 't']
2025-06-20T09:46:52.194855+0800 - INFO - 第一排技能 - 检查技能: q
2025-06-20T09:46:52.196400+0800 - INFO - 第一排技能 - 检查技能: w
2025-06-20T09:46:52.196899+0800 - INFO - 弓箭手-奇美拉 找到可用技能: w
2025-06-20T09:46:52.197398+0800 - INFO - w
2025-06-20T09:46:52.200401+0800 - INFO - 已释放技能列表: ['q', 'w', 'e', 'r', 't']
2025-06-20T09:46:52.200401+0800 - INFO - 第一排技能 - 检查技能: q
2025-06-20T09:46:52.201437+0800 - INFO - 第一排技能 - 检查技能: w
2025-06-20T09:46:52.201983+0800 - INFO - 弓箭手-奇美拉 找到可用技能: w
2025-06-20T09:46:52.202505+0800 - INFO - w
2025-06-20T09:46:52.207578+0800 - INFO - 已释放技能列表: ['q', 'w', 'e', 'r', 't']
2025-06-20T09:46:52.208076+0800 - INFO - 第一排技能 - 检查技能: q
2025-06-20T09:46:52.209076+0800 - INFO - 第一排技能 - 检查技能: w
2025-06-20T09:46:52.209571+0800 - INFO - 弓箭手-奇美拉 找到可用技能: w
2025-06-20T09:46:52.209571+0800 - INFO - w
2025-06-20T09:46:52.213256+0800 - INFO - 已释放技能列表: ['q', 'w', 'e', 'r', 't']
2025-06-20T09:46:52.213755+0800 - INFO - 第一排技能 - 检查技能: q
2025-06-20T09:46:52.214752+0800 - INFO - 第一排技能 - 检查技能: w
2025-06-20T09:46:52.214752+0800 - INFO - 弓箭手-奇美拉 找到可用技能: w
2025-06-20T09:46:52.214752+0800 - INFO - w
2025-06-20T09:46:52.219327+0800 - INFO - 已释放技能列表: ['q', 'w', 'e', 'r', 't']
2025-06-20T09:46:52.219327+0800 - INFO - 第一排技能 - 检查技能: q
2025-06-20T09:46:52.219826+0800 - INFO - 第一排技能 - 检查技能: w
2025-06-20T09:46:52.220833+0800 - INFO - 弓箭手-奇美拉 找到可用技能: w
2025-06-20T09:46:52.220833+0800 - INFO - w
2025-06-20T09:46:52.223932+0800 - INFO - 已释放技能列表: ['q', 'w', 'e', 'r', 't']
2025-06-20T09:46:52.224433+0800 - INFO - 第一排技能 - 检查技能: q
2025-06-20T09:46:52.224932+0800 - INFO - 第一排技能 - 检查技能: w
2025-06-20T09:46:52.225940+0800 - INFO - 弓箭手-奇美拉 找到可用技能: w
2025-06-20T09:46:52.226483+0800 - INFO - w
2025-06-20T09:46:52.230474+0800 - INFO - 已释放技能列表: ['q', 'w', 'e', 'r', 't']
2025-06-20T09:46:52.230474+0800 - INFO - 第一排技能 - 检查技能: q
2025-06-20T09:46:52.230973+0800 - INFO - 第一排技能 - 检查技能: w
2025-06-20T09:46:52.231976+0800 - INFO - 弓箭手-奇美拉 找到可用技能: w
2025-06-20T09:46:52.231976+0800 - INFO - w
2025-06-20T09:46:52.235065+0800 - INFO - 已释放技能列表: ['q', 'w', 'e', 'r', 't']
2025-06-20T09:46:52.236069+0800 - INFO - 第一排技能 - 检查技能: q
2025-06-20T09:46:52.237148+0800 - INFO - 第一排技能 - 检查技能: w
2025-06-20T09:46:52.237646+0800 - INFO - 弓箭手-奇美拉 找到可用技能: w
2025-06-20T09:46:52.237646+0800 - INFO - w
2025-06-20T09:46:52.241302+0800 - INFO - 已释放技能列表: ['q', 'w', 'e', 'r', 't']
2025-06-20T09:46:52.241302+0800 - INFO - 第一排技能 - 检查技能: q
2025-06-20T09:46:52.242305+0800 - INFO - 第一排技能 - 检查技能: w
2025-06-20T09:46:52.242826+0800 - INFO - 弓箭手-奇美拉 找到可用技能: w
2025-06-20T09:46:52.242826+0800 - INFO - w
2025-06-20T09:46:52.247383+0800 - INFO - 已释放技能列表: ['q', 'w', 'e', 'r', 't']
2025-06-20T09:46:52.247882+0800 - INFO - 第一排技能 - 检查技能: q
2025-06-20T09:46:52.248880+0800 - INFO - 第一排技能 - 检查技能: w
2025-06-20T09:46:52.249380+0800 - INFO - 弓箭手-奇美拉 找到可用技能: w
2025-06-20T09:46:52.249380+0800 - INFO - w
2025-06-20T09:46:52.252374+0800 - INFO - 已释放技能列表: ['q', 'w', 'e', 'r', 't']
2025-06-20T09:46:52.252374+0800 - INFO - 第一排技能 - 检查技能: q
2025-06-20T09:46:52.253381+0800 - INFO - 第一排技能 - 检查技能: w
2025-06-20T09:46:52.253908+0800 - INFO - 弓箭手-奇美拉 找到可用技能: w
2025-06-20T09:46:52.254407+0800 - INFO - w
2025-06-20T09:46:52.257450+0800 - INFO - 已释放技能列表: ['q', 'w', 'e', 'r', 't']
2025-06-20T09:46:52.258464+0800 - INFO - 第一排技能 - 检查技能: q
2025-06-20T09:46:52.259501+0800 - INFO - 第一排技能 - 检查技能: w
2025-06-20T09:46:52.259997+0800 - INFO - 弓箭手-奇美拉 找到可用技能: w
2025-06-20T09:46:52.259997+0800 - INFO - w
2025-06-20T09:46:52.263696+0800 - INFO - 已释放技能列表: ['q', 'w', 'e', 'r', 't']
2025-06-20T09:46:52.263696+0800 - INFO - 第一排技能 - 检查技能: q
2025-06-20T09:46:52.264696+0800 - INFO - 第一排技能 - 检查技能: w
2025-06-20T09:46:52.264696+0800 - INFO - 弓箭手-奇美拉 找到可用技能: w
2025-06-20T09:46:52.265701+0800 - INFO - w
2025-06-20T09:46:52.268303+0800 - INFO - 已释放技能列表: ['q', 'w', 'e', 'r', 't']
2025-06-20T09:46:52.268800+0800 - INFO - 第一排技能 - 检查技能: q
2025-06-20T09:46:52.269803+0800 - INFO - 第一排技能 - 检查技能: w
2025-06-20T09:46:52.270298+0800 - INFO - 弓箭手-奇美拉 找到可用技能: w
2025-06-20T09:46:52.270298+0800 - INFO - w
2025-06-20T09:46:52.273338+0800 - INFO - 已释放技能列表: ['q', 'w', 'e', 'r', 't']
2025-06-20T09:46:52.274436+0800 - INFO - 第一排技能 - 检查技能: q
2025-06-20T09:46:52.274942+0800 - INFO - 第一排技能 - 检查技能: w
2025-06-20T09:46:52.274942+0800 - INFO - 弓箭手-奇美拉 找到可用技能: w
2025-06-20T09:46:52.275946+0800 - INFO - w
2025-06-20T09:46:52.279974+0800 - INFO - 已释放技能列表: ['q', 'w', 'e', 'r', 't']
2025-06-20T09:46:52.280473+0800 - INFO - 第一排技能 - 检查技能: q
2025-06-20T09:46:52.280972+0800 - INFO - 第一排技能 - 检查技能: w
2025-06-20T09:46:52.280972+0800 - INFO - 弓箭手-奇美拉 找到可用技能: w
2025-06-20T09:46:52.282031+0800 - INFO - w
2025-06-20T09:46:52.284685+0800 - INFO - 已释放技能列表: ['q', 'w', 'e', 'r', 't']
2025-06-20T09:46:52.285692+0800 - INFO - 第一排技能 - 检查技能: q
2025-06-20T09:46:52.286730+0800 - INFO - 第一排技能 - 检查技能: w
2025-06-20T09:46:52.287225+0800 - INFO - 弓箭手-奇美拉 找到可用技能: w
2025-06-20T09:46:52.287225+0800 - INFO - w
2025-06-20T09:46:52.290815+0800 - INFO - 已释放技能列表: ['q', 'w', 'e', 'r', 't']
2025-06-20T09:46:52.290815+0800 - INFO - 第一排技能 - 检查技能: q
2025-06-20T09:46:52.291813+0800 - INFO - 第一排技能 - 检查技能: w
2025-06-20T09:46:52.292312+0800 - INFO - 弓箭手-奇美拉 找到可用技能: w
2025-06-20T09:46:52.292312+0800 - INFO - w
2025-06-20T09:46:52.295969+0800 - INFO - 已释放技能列表: ['q', 'w', 'e', 'r', 't']
2025-06-20T09:46:52.296509+0800 - INFO - 第一排技能 - 检查技能: q
2025-06-20T09:46:52.297508+0800 - INFO - 第一排技能 - 检查技能: w
2025-06-20T09:46:52.298006+0800 - INFO - 弓箭手-奇美拉 找到可用技能: w
2025-06-20T09:46:52.298508+0800 - INFO - w
2025-06-20T09:46:52.301512+0800 - INFO - 已释放技能列表: ['q', 'w', 'e', 'r', 't']
2025-06-20T09:46:52.302063+0800 - INFO - 第一排技能 - 检查技能: q
2025-06-20T09:46:52.303084+0800 - INFO - 第一排技能 - 检查技能: w
2025-06-20T09:46:52.303084+0800 - INFO - 弓箭手-奇美拉 找到可用技能: w
2025-06-20T09:46:52.303084+0800 - INFO - w
2025-06-20T09:46:52.307650+0800 - INFO - 已释放技能列表: ['q', 'w', 'e', 'r', 't']
2025-06-20T09:46:52.308653+0800 - INFO - 第一排技能 - 检查技能: q
2025-06-20T09:46:52.309699+0800 - INFO - 第一排技能 - 检查技能: w
2025-06-20T09:46:52.310198+0800 - INFO - 弓箭手-奇美拉 找到可用技能: w
2025-06-20T09:46:52.310198+0800 - INFO - w
2025-06-20T09:46:52.314301+0800 - INFO - 已释放技能列表: ['q', 'w', 'e', 'r', 't']
2025-06-20T09:46:52.314301+0800 - INFO - 第一排技能 - 检查技能: q
2025-06-20T09:46:52.315893+0800 - INFO - 第一排技能 - 检查技能: w
2025-06-20T09:46:52.316404+0800 - INFO - 弓箭手-奇美拉 找到可用技能: w
2025-06-20T09:46:52.316404+0800 - INFO - w
2025-06-20T09:46:52.319931+0800 - INFO - 已释放技能列表: ['q', 'w', 'e', 'r', 't']
2025-06-20T09:46:52.320429+0800 - INFO - 第一排技能 - 检查技能: q
2025-06-20T09:46:52.320927+0800 - INFO - 第一排技能 - 检查技能: w
2025-06-20T09:46:52.321931+0800 - INFO - 弓箭手-奇美拉 找到可用技能: w
2025-06-20T09:46:52.321931+0800 - INFO - w
2025-06-20T09:46:52.326281+0800 - INFO - 已释放技能列表: ['q', 'w', 'e', 'r', 't']
2025-06-20T09:46:52.326802+0800 - INFO - 第一排技能 - 检查技能: q
2025-06-20T09:46:52.327806+0800 - INFO - 第一排技能 - 检查技能: w
2025-06-20T09:46:52.328803+0800 - INFO - 弓箭手-奇美拉 找到可用技能: w
2025-06-20T09:46:52.328803+0800 - INFO - w
2025-06-20T09:46:52.333293+0800 - INFO - 已释放技能列表: ['q', 'w', 'e', 'r', 't']
2025-06-20T09:46:52.333293+0800 - INFO - 第一排技能 - 检查技能: q
2025-06-20T09:46:52.334826+0800 - INFO - 第一排技能 - 检查技能: w
2025-06-20T09:46:52.334826+0800 - INFO - 弓箭手-奇美拉 找到可用技能: w
2025-06-20T09:46:52.335830+0800 - INFO - w
2025-06-20T09:46:52.338873+0800 - INFO - 已释放技能列表: ['q', 'w', 'e', 'r', 't']
2025-06-20T09:46:52.339373+0800 - INFO - 第一排技能 - 检查技能: q
2025-06-20T09:46:52.340373+0800 - INFO - 第一排技能 - 检查技能: w
2025-06-20T09:46:52.340871+0800 - INFO - 弓箭手-奇美拉 找到可用技能: w
2025-06-20T09:46:52.341371+0800 - INFO - w
2025-06-20T09:46:52.344949+0800 - INFO - 已释放技能列表: ['q', 'w', 'e', 'r', 't']
2025-06-20T09:46:52.344949+0800 - INFO - 第一排技能 - 检查技能: q
2025-06-20T09:46:52.346555+0800 - INFO - 第一排技能 - 检查技能: w
2025-06-20T09:46:52.347062+0800 - INFO - 弓箭手-奇美拉 找到可用技能: w
2025-06-20T09:46:52.347062+0800 - INFO - w
2025-06-20T09:46:52.351695+0800 - INFO - 已释放技能列表: ['q', 'w', 'e', 'r', 't']
2025-06-20T09:46:52.351695+0800 - INFO - 第一排技能 - 检查技能: q
2025-06-20T09:46:52.352693+0800 - INFO - 第一排技能 - 检查技能: w
2025-06-20T09:46:52.353192+0800 - INFO - 弓箭手-奇美拉 找到可用技能: w
2025-06-20T09:46:52.353691+0800 - INFO - w
2025-06-20T09:46:52.356750+0800 - INFO - 已释放技能列表: ['q', 'w', 'e', 'r', 't']
2025-06-20T09:46:52.357828+0800 - INFO - 第一排技能 - 检查技能: q
2025-06-20T09:46:52.358830+0800 - INFO - 第一排技能 - 检查技能: w
2025-06-20T09:46:52.358830+0800 - INFO - 弓箭手-奇美拉 找到可用技能: w
2025-06-20T09:46:52.359835+0800 - INFO - w
2025-06-20T09:46:52.363578+0800 - INFO - 已释放技能列表: ['q', 'w', 'e', 'r', 't']
2025-06-20T09:46:52.363578+0800 - INFO - 第一排技能 - 检查技能: q
2025-06-20T09:46:52.364077+0800 - INFO - 第一排技能 - 检查技能: w
2025-06-20T09:46:52.365081+0800 - INFO - 弓箭手-奇美拉 找到可用技能: w
2025-06-20T09:46:52.365081+0800 - INFO - w
2025-06-20T09:46:52.369252+0800 - INFO - 已释放技能列表: ['q', 'w', 'e', 'r', 't']
2025-06-20T09:46:52.369252+0800 - INFO - 第一排技能 - 检查技能: q
2025-06-20T09:46:52.370835+0800 - INFO - 第一排技能 - 检查技能: w
2025-06-20T09:46:52.371334+0800 - INFO - 弓箭手-奇美拉 找到可用技能: w
2025-06-20T09:46:52.371834+0800 - INFO - w
2025-06-20T09:46:52.374885+0800 - INFO - 已释放技能列表: ['q', 'w', 'e', 'r', 't']
2025-06-20T09:46:52.374885+0800 - INFO - 第一排技能 - 检查技能: q
2025-06-20T09:46:52.376417+0800 - INFO - 第一排技能 - 检查技能: w
2025-06-20T09:46:52.376948+0800 - INFO - 弓箭手-奇美拉 找到可用技能: w
2025-06-20T09:46:52.377447+0800 - INFO - w
2025-06-20T09:46:52.381347+0800 - INFO - 已释放技能列表: ['q', 'w', 'e', 'r', 't']
2025-06-20T09:46:52.381347+0800 - INFO - 第一排技能 - 检查技能: q
2025-06-20T09:46:52.382345+0800 - INFO - 第一排技能 - 检查技能: w
2025-06-20T09:46:52.382345+0800 - INFO - 弓箭手-奇美拉 找到可用技能: w
2025-06-20T09:46:52.383348+0800 - INFO - w
2025-06-20T09:46:52.386965+0800 - INFO - 已释放技能列表: ['q', 'w', 'e', 'r', 't']
2025-06-20T09:46:52.387467+0800 - INFO - 第一排技能 - 检查技能: q
2025-06-20T09:46:52.388468+0800 - INFO - 第一排技能 - 检查技能: w
2025-06-20T09:46:52.388969+0800 - INFO - 弓箭手-奇美拉 找到可用技能: w
2025-06-20T09:46:52.389467+0800 - INFO - w
2025-06-20T09:46:52.392461+0800 - INFO - 已释放技能列表: ['q', 'w', 'e', 'r', 't']
2025-06-20T09:46:52.392961+0800 - INFO - 第一排技能 - 检查技能: q
2025-06-20T09:46:52.393958+0800 - INFO - 第一排技能 - 检查技能: w
2025-06-20T09:46:52.394457+0800 - INFO - 弓箭手-奇美拉 找到可用技能: w
2025-06-20T09:46:52.394457+0800 - INFO - w
2025-06-20T09:46:52.399599+0800 - INFO - 已释放技能列表: ['q', 'w', 'e', 'r', 't']
2025-06-20T09:46:52.400101+0800 - INFO - 第一排技能 - 检查技能: q
2025-06-20T09:46:52.400599+0800 - INFO - 第一排技能 - 检查技能: w
2025-06-20T09:46:52.401612+0800 - INFO - 弓箭手-奇美拉 找到可用技能: w
2025-06-20T09:46:52.402154+0800 - INFO - w
2025-06-20T09:46:52.407807+0800 - INFO - 已释放技能列表: ['q', 'w', 'e', 'r', 't']
2025-06-20T09:46:52.408306+0800 - INFO - 第一排技能 - 检查技能: q
2025-06-20T09:46:52.409304+0800 - INFO - 第一排技能 - 检查技能: w
2025-06-20T09:46:52.409802+0800 - INFO - 弓箭手-奇美拉 找到可用技能: w
2025-06-20T09:46:52.409802+0800 - INFO - w
2025-06-20T09:46:52.414530+0800 - INFO - 已释放技能列表: ['q', 'w', 'e', 'r', 't']
2025-06-20T09:46:52.415030+0800 - INFO - 第一排技能 - 检查技能: q
2025-06-20T09:46:52.416035+0800 - INFO - 第一排技能 - 检查技能: w
2025-06-20T09:46:52.416582+0800 - INFO - 弓箭手-奇美拉 找到可用技能: w
2025-06-20T09:46:52.417082+0800 - INFO - w
2025-06-20T09:46:52.421122+0800 - INFO - 已释放技能列表: ['q', 'w', 'e', 'r', 't']
2025-06-20T09:46:52.421122+0800 - INFO - 第一排技能 - 检查技能: q
2025-06-20T09:46:52.422706+0800 - INFO - 第一排技能 - 检查技能: w
2025-06-20T09:46:52.423204+0800 - INFO - 弓箭手-奇美拉 找到可用技能: w
2025-06-20T09:46:52.423204+0800 - INFO - w
2025-06-20T09:46:52.428333+0800 - INFO - 已释放技能列表: ['q', 'w', 'e', 'r', 't']
2025-06-20T09:46:52.428832+0800 - INFO - 第一排技能 - 检查技能: q
2025-06-20T09:46:52.430329+0800 - INFO - 第一排技能 - 检查技能: w
2025-06-20T09:46:52.430829+0800 - INFO - 弓箭手-奇美拉 找到可用技能: w
2025-06-20T09:46:52.430829+0800 - INFO - w
2025-06-20T09:46:52.434322+0800 - INFO - 已释放技能列表: ['q', 'w', 'e', 'r', 't']
2025-06-20T09:46:52.434821+0800 - INFO - 第一排技能 - 检查技能: q
2025-06-20T09:46:52.435824+0800 - INFO - 第一排技能 - 检查技能: w
2025-06-20T09:46:52.436350+0800 - INFO - 弓箭手-奇美拉 找到可用技能: w
2025-06-20T09:46:52.436350+0800 - INFO - w
2025-06-20T09:46:52.439895+0800 - INFO - 已释放技能列表: ['q', 'w', 'e', 'r', 't']
2025-06-20T09:46:52.439895+0800 - INFO - 第一排技能 - 检查技能: q
2025-06-20T09:46:52.440893+0800 - INFO - 第一排技能 - 检查技能: w
2025-06-20T09:46:52.441392+0800 - INFO - 弓箭手-奇美拉 找到可用技能: w
2025-06-20T09:46:52.441392+0800 - INFO - w
2025-06-20T09:46:52.445944+0800 - INFO - 已释放技能列表: ['q', 'w', 'e', 'r', 't']
2025-06-20T09:46:52.446465+0800 - INFO - 第一排技能 - 检查技能: q
2025-06-20T09:46:52.447487+0800 - INFO - 第一排技能 - 检查技能: w
2025-06-20T09:46:52.448488+0800 - INFO - 弓箭手-奇美拉 找到可用技能: w
2025-06-20T09:46:52.448488+0800 - INFO - w
2025-06-20T09:46:52.452980+0800 - INFO - 已释放技能列表: ['q', 'w', 'e', 'r', 't']
2025-06-20T09:46:52.453479+0800 - INFO - 第一排技能 - 检查技能: q
2025-06-20T09:46:52.454477+0800 - INFO - 第一排技能 - 检查技能: w
2025-06-20T09:46:52.454976+0800 - INFO - 弓箭手-奇美拉 找到可用技能: w
2025-06-20T09:46:52.454976+0800 - INFO - w
2025-06-20T09:46:52.459020+0800 - INFO - 已释放技能列表: ['q', 'w', 'e', 'r', 't']
2025-06-20T09:46:52.459556+0800 - INFO - 第一排技能 - 检查技能: q
2025-06-20T09:46:52.460555+0800 - INFO - 第一排技能 - 检查技能: w
2025-06-20T09:46:52.461661+0800 - INFO - 弓箭手-奇美拉 找到可用技能: w
2025-06-20T09:46:52.461661+0800 - INFO - w
2025-06-20T09:46:52.466829+0800 - INFO - 已释放技能列表: ['q', 'w', 'e', 'r', 't']
2025-06-20T09:46:52.467834+0800 - INFO - 第一排技能 - 检查技能: q
2025-06-20T09:46:52.468877+0800 - INFO - 第一排技能 - 检查技能: w
2025-06-20T09:46:52.469375+0800 - INFO - 弓箭手-奇美拉 找到可用技能: w
2025-06-20T09:46:52.469874+0800 - INFO - w
2025-06-20T09:46:52.472924+0800 - INFO - 已释放技能列表: ['q', 'w', 'e', 'r', 't']
2025-06-20T09:46:52.473423+0800 - INFO - 第一排技能 - 检查技能: q
2025-06-20T09:46:52.474421+0800 - INFO - 第一排技能 - 检查技能: w
2025-06-20T09:46:52.474920+0800 - INFO - 弓箭手-奇美拉 找到可用技能: w
2025-06-20T09:46:52.474920+0800 - INFO - w
2025-06-20T09:46:52.478448+0800 - INFO - 已释放技能列表: ['q', 'w', 'e', 'r', 't']
2025-06-20T09:46:52.479452+0800 - INFO - 第一排技能 - 检查技能: q
2025-06-20T09:46:52.480487+0800 - INFO - 第一排技能 - 检查技能: w
2025-06-20T09:46:52.480986+0800 - INFO - 弓箭手-奇美拉 找到可用技能: w
2025-06-20T09:46:52.481483+0800 - INFO - w
2025-06-20T09:46:52.484484+0800 - INFO - 已释放技能列表: ['q', 'w', 'e', 'r', 't']
2025-06-20T09:46:52.484484+0800 - INFO - 第一排技能 - 检查技能: q
2025-06-20T09:46:52.485025+0800 - INFO - 第一排技能 - 检查技能: w
2025-06-20T09:46:52.486057+0800 - INFO - 弓箭手-奇美拉 找到可用技能: w
2025-06-20T09:46:52.486057+0800 - INFO - w
2025-06-20T09:46:52.491120+0800 - INFO - 已释放技能列表: ['q', 'w', 'e', 'r', 't']
2025-06-20T09:46:52.491618+0800 - INFO - 第一排技能 - 检查技能: q
2025-06-20T09:46:52.492616+0800 - INFO - 第一排技能 - 检查技能: w
2025-06-20T09:46:52.493116+0800 - INFO - 弓箭手-奇美拉 找到可用技能: w
2025-06-20T09:46:52.493616+0800 - INFO - w
2025-06-20T09:46:52.497681+0800 - INFO - 已释放技能列表: ['q', 'w', 'e', 'r', 't']
2025-06-20T09:46:52.498180+0800 - INFO - 第一排技能 - 检查技能: q
2025-06-20T09:46:52.499184+0800 - INFO - 第一排技能 - 检查技能: w
2025-06-20T09:46:52.499184+0800 - INFO - 弓箭手-奇美拉 找到可用技能: w
2025-06-20T09:46:52.500284+0800 - INFO - w
2025-06-20T09:46:52.504352+0800 - INFO - 已释放技能列表: ['q', 'w', 'e', 'r', 't']
2025-06-20T09:46:52.505354+0800 - INFO - 第一排技能 - 检查技能: q
2025-06-20T09:46:52.505895+0800 - INFO - 第一排技能 - 检查技能: w
2025-06-20T09:46:52.506405+0800 - INFO - 弓箭手-奇美拉 找到可用技能: w
2025-06-20T09:46:52.506405+0800 - INFO - w
2025-06-20T09:46:52.512098+0800 - INFO - 已释放技能列表: ['q', 'w', 'e', 'r', 't']
2025-06-20T09:46:52.512674+0800 - INFO - 第一排技能 - 检查技能: q
2025-06-20T09:46:52.513676+0800 - INFO - 第一排技能 - 检查技能: w
2025-06-20T09:46:52.514674+0800 - INFO - 弓箭手-奇美拉 找到可用技能: w
2025-06-20T09:46:52.514674+0800 - INFO - w
2025-06-20T09:46:52.518710+0800 - INFO - 已释放技能列表: ['q', 'w', 'e', 'r', 't']
2025-06-20T09:46:52.518710+0800 - INFO - 第一排技能 - 检查技能: q
2025-06-20T09:46:52.519708+0800 - INFO - 第一排技能 - 检查技能: w
2025-06-20T09:46:52.519708+0800 - INFO - 弓箭手-奇美拉 找到可用技能: w
2025-06-20T09:46:52.519708+0800 - INFO - w
2025-06-20T09:46:52.524400+0800 - INFO - 已释放技能列表: ['q', 'w', 'e', 'r', 't']
2025-06-20T09:46:52.524899+0800 - INFO - 第一排技能 - 检查技能: q
2025-06-20T09:46:52.524899+0800 - INFO - 第一排技能 - 检查技能: w
2025-06-20T09:46:52.525904+0800 - INFO - 弓箭手-奇美拉 找到可用技能: w
2025-06-20T09:46:52.526440+0800 - INFO - w
2025-06-20T09:46:52.530482+0800 - INFO - 已释放技能列表: ['q', 'w', 'e', 'r', 't']
2025-06-20T09:46:52.530482+0800 - INFO - 第一排技能 - 检查技能: q
2025-06-20T09:46:52.531980+0800 - INFO - 第一排技能 - 检查技能: w
2025-06-20T09:46:52.532478+0800 - INFO - 弓箭手-奇美拉 找到可用技能: w
2025-06-20T09:46:52.532478+0800 - INFO - w
2025-06-20T09:46:52.535977+0800 - INFO - 已释放技能列表: ['q', 'w', 'e', 'r', 't']
2025-06-20T09:46:52.535977+0800 - INFO - 第一排技能 - 检查技能: q
2025-06-20T09:46:52.537006+0800 - INFO - 第一排技能 - 检查技能: w
2025-06-20T09:46:52.537006+0800 - INFO - 弓箭手-奇美拉 找到可用技能: w
2025-06-20T09:46:52.538011+0800 - INFO - w
2025-06-20T09:46:52.541142+0800 - INFO - 已释放技能列表: ['q', 'w', 'e', 'r', 't']
2025-06-20T09:46:52.541645+0800 - INFO - 第一排技能 - 检查技能: q
2025-06-20T09:46:52.542643+0800 - INFO - 第一排技能 - 检查技能: w
2025-06-20T09:46:52.543141+0800 - INFO - 弓箭手-奇美拉 找到可用技能: w
2025-06-20T09:46:52.543642+0800 - INFO - w
2025-06-20T09:46:52.547199+0800 - INFO - 已释放技能列表: ['q', 'w', 'e', 'r', 't']
2025-06-20T09:46:52.547199+0800 - INFO - 第一排技能 - 检查技能: q
2025-06-20T09:46:52.548258+0800 - INFO - 第一排技能 - 检查技能: w
2025-06-20T09:46:52.548760+0800 - INFO - 弓箭手-奇美拉 找到可用技能: w
2025-06-20T09:46:52.549259+0800 - INFO - w
2025-06-20T09:46:52.552752+0800 - INFO - 已释放技能列表: ['q', 'w', 'e', 'r', 't']
2025-06-20T09:46:52.552752+0800 - INFO - 第一排技能 - 检查技能: q
2025-06-20T09:46:52.553751+0800 - INFO - 第一排技能 - 检查技能: w
2025-06-20T09:46:52.554250+0800 - INFO - 弓箭手-奇美拉 找到可用技能: w
2025-06-20T09:46:52.554250+0800 - INFO - w
2025-06-20T09:46:52.558832+0800 - INFO - 已释放技能列表: ['q', 'w', 'e', 'r', 't']
2025-06-20T09:46:52.559830+0800 - INFO - 第一排技能 - 检查技能: q
2025-06-20T09:46:52.560330+0800 - INFO - 第一排技能 - 检查技能: w
2025-06-20T09:46:52.561437+0800 - INFO - 弓箭手-奇美拉 找到可用技能: w
2025-06-20T09:46:52.561437+0800 - INFO - w
2025-06-20T09:46:52.566012+0800 - INFO - 已释放技能列表: ['q', 'w', 'e', 'r', 't']
2025-06-20T09:46:52.566012+0800 - INFO - 第一排技能 - 检查技能: q
2025-06-20T09:46:52.567083+0800 - INFO - 第一排技能 - 检查技能: w
2025-06-20T09:46:52.567083+0800 - INFO - 弓箭手-奇美拉 找到可用技能: w
2025-06-20T09:46:52.567083+0800 - INFO - w
2025-06-20T09:46:52.572309+0800 - INFO - 已释放技能列表: ['q', 'w', 'e', 'r', 't']
2025-06-20T09:46:52.572808+0800 - INFO - 第一排技能 - 检查技能: q
2025-06-20T09:46:52.572808+0800 - INFO - 第一排技能 - 检查技能: w
2025-06-20T09:46:52.573813+0800 - INFO - 弓箭手-奇美拉 找到可用技能: w
2025-06-20T09:46:52.574357+0800 - INFO - w
2025-06-20T09:46:52.578423+0800 - INFO - 已释放技能列表: ['q', 'w', 'e', 'r', 't']
2025-06-20T09:46:52.578922+0800 - INFO - 第一排技能 - 检查技能: q
2025-06-20T09:46:52.579920+0800 - INFO - 第一排技能 - 检查技能: w
2025-06-20T09:46:52.580917+0800 - INFO - 弓箭手-奇美拉 找到可用技能: w
2025-06-20T09:46:52.580917+0800 - INFO - w
2025-06-20T09:46:52.585057+0800 - INFO - 已释放技能列表: ['q', 'w', 'e', 'r', 't']
2025-06-20T09:46:52.586062+0800 - INFO - 第一排技能 - 检查技能: q
2025-06-20T09:46:52.587090+0800 - INFO - 第一排技能 - 检查技能: w
2025-06-20T09:46:52.587633+0800 - INFO - 弓箭手-奇美拉 找到可用技能: w
2025-06-20T09:46:52.588131+0800 - INFO - w
2025-06-20T09:46:52.591668+0800 - INFO - 已释放技能列表: ['q', 'w', 'e', 'r', 't']
2025-06-20T09:46:52.592171+0800 - INFO - 第一排技能 - 检查技能: q
2025-06-20T09:46:52.593169+0800 - INFO - 第一排技能 - 检查技能: w
2025-06-20T09:46:52.593665+0800 - INFO - 弓箭手-奇美拉 找到可用技能: w
2025-06-20T09:46:52.594163+0800 - INFO - w
2025-06-20T09:46:52.598212+0800 - INFO - 已释放技能列表: ['q', 'w', 'e', 'r', 't']
2025-06-20T09:46:52.599217+0800 - INFO - 第一排技能 - 检查技能: q
2025-06-20T09:46:52.599766+0800 - INFO - 第一排技能 - 检查技能: w
2025-06-20T09:46:52.600263+0800 - INFO - 弓箭手-奇美拉 找到可用技能: w
2025-06-20T09:46:52.600763+0800 - INFO - w
2025-06-20T09:46:52.603955+0800 - INFO - 已释放技能列表: ['q', 'w', 'e', 'r', 't']
2025-06-20T09:46:52.604454+0800 - INFO - 第一排技能 - 检查技能: q
2025-06-20T09:46:52.604953+0800 - INFO - 第一排技能 - 检查技能: w
2025-06-20T09:46:52.605957+0800 - INFO - 弓箭手-奇美拉 找到可用技能: w
2025-06-20T09:46:52.605957+0800 - INFO - w
2025-06-20T09:46:52.609537+0800 - INFO - 已释放技能列表: ['q', 'w', 'e', 'r', 't']
2025-06-20T09:46:52.610077+0800 - INFO - 第一排技能 - 检查技能: q
2025-06-20T09:46:52.611075+0800 - INFO - 第一排技能 - 检查技能: w
2025-06-20T09:46:52.611574+0800 - INFO - 弓箭手-奇美拉 找到可用技能: w
2025-06-20T09:46:52.611574+0800 - INFO - w
2025-06-20T09:46:52.614720+0800 - INFO - 已释放技能列表: ['q', 'w', 'e', 'r', 't']
2025-06-20T09:46:52.614720+0800 - INFO - 第一排技能 - 检查技能: q
2025-06-20T09:46:52.615756+0800 - INFO - 第一排技能 - 检查技能: w
2025-06-20T09:46:52.616299+0800 - INFO - 弓箭手-奇美拉 找到可用技能: w
2025-06-20T09:46:52.616800+0800 - INFO - w
2025-06-20T09:46:52.620297+0800 - INFO - 已释放技能列表: ['q', 'w', 'e', 'r', 't']
2025-06-20T09:46:52.620797+0800 - INFO - 第一排技能 - 检查技能: q
2025-06-20T09:46:52.621794+0800 - INFO - 第一排技能 - 检查技能: w
2025-06-20T09:46:52.622290+0800 - INFO - 弓箭手-奇美拉 找到可用技能: w
2025-06-20T09:46:52.622290+0800 - INFO - w
2025-06-20T09:46:52.625997+0800 - INFO - 已释放技能列表: ['q', 'w', 'e', 'r', 't']
2025-06-20T09:46:52.625997+0800 - INFO - 第一排技能 - 检查技能: q
2025-06-20T09:46:52.627022+0800 - INFO - 第一排技能 - 检查技能: w
2025-06-20T09:46:52.627022+0800 - INFO - 弓箭手-奇美拉 找到可用技能: w
2025-06-20T09:46:52.627022+0800 - INFO - w
2025-06-20T09:46:52.631093+0800 - INFO - 已释放技能列表: ['q', 'w', 'e', 'r', 't']
2025-06-20T09:46:52.631594+0800 - INFO - 第一排技能 - 检查技能: q
2025-06-20T09:46:52.632592+0800 - INFO - 第一排技能 - 检查技能: w
2025-06-20T09:46:52.633090+0800 - INFO - 弓箭手-奇美拉 找到可用技能: w
2025-06-20T09:46:52.633090+0800 - INFO - w
2025-06-20T09:46:52.636623+0800 - INFO - 已释放技能列表: ['q', 'w', 'e', 'r', 't']
2025-06-20T09:46:52.637122+0800 - INFO - 第一排技能 - 检查技能: q
2025-06-20T09:46:52.638117+0800 - INFO - 第一排技能 - 检查技能: w
2025-06-20T09:46:52.638620+0800 - INFO - 弓箭手-奇美拉 找到可用技能: w
2025-06-20T09:46:52.638620+0800 - INFO - w
2025-06-20T09:46:52.642147+0800 - INFO - 已释放技能列表: ['q', 'w', 'e', 'r', 't']
2025-06-20T09:46:52.642646+0800 - INFO - 第一排技能 - 检查技能: q
2025-06-20T09:46:52.643144+0800 - INFO - 第一排技能 - 检查技能: w
2025-06-20T09:46:52.644295+0800 - INFO - 弓箭手-奇美拉 找到可用技能: w
2025-06-20T09:46:52.644295+0800 - INFO - w
2025-06-20T09:46:52.648403+0800 - INFO - 已释放技能列表: ['q', 'w', 'e', 'r', 't']
2025-06-20T09:46:52.648913+0800 - INFO - 第一排技能 - 检查技能: q
2025-06-20T09:46:52.649417+0800 - INFO - 第一排技能 - 检查技能: w
2025-06-20T09:46:52.650422+0800 - INFO - 弓箭手-奇美拉 找到可用技能: w
2025-06-20T09:46:52.650422+0800 - INFO - w
2025-06-20T09:46:52.653945+0800 - INFO - 已释放技能列表: ['q', 'w', 'e', 'r', 't']
2025-06-20T09:46:52.654444+0800 - INFO - 第一排技能 - 检查技能: q
2025-06-20T09:46:52.654944+0800 - INFO - 第一排技能 - 检查技能: w
2025-06-20T09:46:52.654944+0800 - INFO - 弓箭手-奇美拉 找到可用技能: w
2025-06-20T09:46:52.655950+0800 - INFO - w
2025-06-20T09:46:52.661049+0800 - INFO - 已释放技能列表: ['q', 'w', 'e', 'r', 't']
2025-06-20T09:46:52.661545+0800 - INFO - 第一排技能 - 检查技能: q
2025-06-20T09:46:52.662542+0800 - INFO - 第一排技能 - 检查技能: w
2025-06-20T09:46:52.662542+0800 - INFO - 弓箭手-奇美拉 找到可用技能: w
2025-06-20T09:46:52.662542+0800 - INFO - w
2025-06-20T09:46:52.666220+0800 - INFO - 已释放技能列表: ['q', 'w', 'e', 'r', 't']
2025-06-20T09:46:52.666723+0800 - INFO - 第一排技能 - 检查技能: q
2025-06-20T09:46:52.667220+0800 - INFO - 第一排技能 - 检查技能: w
2025-06-20T09:46:52.667220+0800 - INFO - 弓箭手-奇美拉 找到可用技能: w
2025-06-20T09:46:52.668225+0800 - INFO - w
2025-06-20T09:46:52.672357+0800 - INFO - 已释放技能列表: ['q', 'w', 'e', 'r', 't']
2025-06-20T09:46:52.672897+0800 - INFO - 第一排技能 - 检查技能: q
2025-06-20T09:46:52.673898+0800 - INFO - 第一排技能 - 检查技能: w
2025-06-20T09:46:52.674394+0800 - INFO - 弓箭手-奇美拉 找到可用技能: w
2025-06-20T09:46:52.674893+0800 - INFO - w
2025-06-20T09:46:52.678512+0800 - INFO - 已释放技能列表: ['q', 'w', 'e', 'r', 't']
2025-06-20T09:46:52.679011+0800 - INFO - 第一排技能 - 检查技能: q
2025-06-20T09:46:52.679509+0800 - INFO - 第一排技能 - 检查技能: w
2025-06-20T09:46:52.680008+0800 - INFO - 弓箭手-奇美拉 找到可用技能: w
2025-06-20T09:46:52.680507+0800 - INFO - w
2025-06-20T09:46:52.684001+0800 - INFO - 已释放技能列表: ['q', 'w', 'e', 'r', 't']
2025-06-20T09:46:52.684001+0800 - INFO - 第一排技能 - 检查技能: q
2025-06-20T09:46:52.685010+0800 - INFO - 第一排技能 - 检查技能: w
2025-06-20T09:46:52.685551+0800 - INFO - 弓箭手-奇美拉 找到可用技能: w
2025-06-20T09:46:52.685551+0800 - INFO - w
2025-06-20T09:46:52.689689+0800 - INFO - 已释放技能列表: ['q', 'w', 'e', 'r', 't']
2025-06-20T09:46:52.690189+0800 - INFO - 第一排技能 - 检查技能: q
2025-06-20T09:46:52.690189+0800 - INFO - 第一排技能 - 检查技能: w
2025-06-20T09:46:52.691727+0800 - INFO - 弓箭手-奇美拉 找到可用技能: w
2025-06-20T09:46:52.691727+0800 - INFO - w
2025-06-20T09:46:52.694721+0800 - INFO - 已释放技能列表: ['q', 'w', 'e', 'r', 't']
2025-06-20T09:46:52.694721+0800 - INFO - 第一排技能 - 检查技能: q
2025-06-20T09:46:52.696266+0800 - INFO - 第一排技能 - 检查技能: w
2025-06-20T09:46:52.696761+0800 - INFO - 弓箭手-奇美拉 找到可用技能: w
2025-06-20T09:46:52.696761+0800 - INFO - w
2025-06-20T09:46:52.700685+0800 - INFO - 已释放技能列表: ['q', 'w', 'e', 'r', 't']
2025-06-20T09:46:52.700685+0800 - INFO - 第一排技能 - 检查技能: q
2025-06-20T09:46:52.702237+0800 - INFO - 第一排技能 - 检查技能: w
2025-06-20T09:46:52.702733+0800 - INFO - 弓箭手-奇美拉 找到可用技能: w
2025-06-20T09:46:52.702733+0800 - INFO - w
2025-06-20T09:46:52.706770+0800 - INFO - 已释放技能列表: ['q', 'w', 'e', 'r', 't']
2025-06-20T09:46:52.707269+0800 - INFO - 第一排技能 - 检查技能: q
2025-06-20T09:46:52.708267+0800 - INFO - 第一排技能 - 检查技能: w
2025-06-20T09:46:52.708267+0800 - INFO - 弓箭手-奇美拉 找到可用技能: w
2025-06-20T09:46:52.709271+0800 - INFO - w
2025-06-20T09:46:52.712340+0800 - INFO - 已释放技能列表: ['q', 'w', 'e', 'r', 't']
2025-06-20T09:46:52.713345+0800 - INFO - 第一排技能 - 检查技能: q
2025-06-20T09:46:52.714921+0800 - INFO - 第一排技能 - 检查技能: w
2025-06-20T09:46:52.714921+0800 - INFO - 弓箭手-奇美拉 找到可用技能: w
2025-06-20T09:46:52.714921+0800 - INFO - w
2025-06-20T09:46:52.719341+0800 - INFO - 已释放技能列表: ['q', 'w', 'e', 'r', 't']
2025-06-20T09:46:52.719844+0800 - INFO - 第一排技能 - 检查技能: q
2025-06-20T09:46:52.720839+0800 - INFO - 第一排技能 - 检查技能: w
2025-06-20T09:46:52.721340+0800 - INFO - 弓箭手-奇美拉 找到可用技能: w
2025-06-20T09:46:52.721340+0800 - INFO - w
2025-06-20T09:46:52.724913+0800 - INFO - 已释放技能列表: ['q', 'w', 'e', 'r', 't']
2025-06-20T09:46:52.724913+0800 - INFO - 第一排技能 - 检查技能: q
2025-06-20T09:46:52.725922+0800 - INFO - 第一排技能 - 检查技能: w
2025-06-20T09:46:52.726458+0800 - INFO - 弓箭手-奇美拉 找到可用技能: w
2025-06-20T09:46:52.726458+0800 - INFO - w
2025-06-20T09:46:52.732219+0800 - INFO - 已释放技能列表: ['q', 'w', 'e', 'r', 't']
2025-06-20T09:46:52.732718+0800 - INFO - 第一排技能 - 检查技能: q
2025-06-20T09:46:52.734215+0800 - INFO - 第一排技能 - 检查技能: w
2025-06-20T09:46:52.734720+0800 - INFO - 弓箭手-奇美拉 找到可用技能: w
2025-06-20T09:46:52.734720+0800 - INFO - w
2025-06-20T09:46:52.738764+0800 - INFO - 已释放技能列表: ['q', 'w', 'e', 'r', 't']
2025-06-20T09:46:52.739263+0800 - INFO - 第一排技能 - 检查技能: q
2025-06-20T09:46:52.739762+0800 - INFO - 第一排技能 - 检查技能: w
2025-06-20T09:46:52.740760+0800 - INFO - 弓箭手-奇美拉 找到可用技能: w
2025-06-20T09:46:52.740760+0800 - INFO - w
2025-06-20T09:46:52.744305+0800 - INFO - 已释放技能列表: ['q', 'w', 'e', 'r', 't']
2025-06-20T09:46:52.744804+0800 - INFO - 第一排技能 - 检查技能: q
2025-06-20T09:46:52.745809+0800 - INFO - 第一排技能 - 检查技能: w
2025-06-20T09:46:52.745809+0800 - INFO - 弓箭手-奇美拉 找到可用技能: w
2025-06-20T09:46:52.745809+0800 - INFO - w
2025-06-20T09:46:52.750410+0800 - INFO - 已释放技能列表: ['q', 'w', 'e', 'r', 't']
2025-06-20T09:46:52.750908+0800 - INFO - 第一排技能 - 检查技能: q
2025-06-20T09:46:52.751912+0800 - INFO - 第一排技能 - 检查技能: w
2025-06-20T09:46:52.752943+0800 - INFO - 弓箭手-奇美拉 找到可用技能: w
2025-06-20T09:46:52.753493+0800 - INFO - w
2025-06-20T09:46:52.758015+0800 - INFO - 已释放技能列表: ['q', 'w', 'e', 'r', 't']
2025-06-20T09:46:52.759016+0800 - INFO - 第一排技能 - 检查技能: q
2025-06-20T09:46:52.760076+0800 - INFO - 第一排技能 - 检查技能: w
2025-06-20T09:46:52.760584+0800 - INFO - 弓箭手-奇美拉 找到可用技能: w
2025-06-20T09:46:52.761080+0800 - INFO - w
2025-06-20T09:46:52.765117+0800 - INFO - 已释放技能列表: ['q', 'w', 'e', 'r', 't']
2025-06-20T09:46:52.765117+0800 - INFO - 第一排技能 - 检查技能: q
2025-06-20T09:46:52.766120+0800 - INFO - 第一排技能 - 检查技能: w
2025-06-20T09:46:52.766650+0800 - INFO - 弓箭手-奇美拉 找到可用技能: w
2025-06-20T09:46:52.766650+0800 - INFO - w
2025-06-20T09:46:52.770867+0800 - INFO - 已释放技能列表: ['q', 'w', 'e', 'r', 't']
2025-06-20T09:46:52.771366+0800 - INFO - 第一排技能 - 检查技能: q
2025-06-20T09:46:52.771366+0800 - INFO - 第一排技能 - 检查技能: w
2025-06-20T09:46:52.772370+0800 - INFO - 弓箭手-奇美拉 找到可用技能: w
2025-06-20T09:46:52.772903+0800 - INFO - w
2025-06-20T09:46:52.776952+0800 - INFO - 已释放技能列表: ['q', 'w', 'e', 'r', 't']
2025-06-20T09:46:52.777451+0800 - INFO - 第一排技能 - 检查技能: q
2025-06-20T09:46:52.778457+0800 - INFO - 第一排技能 - 检查技能: w
2025-06-20T09:46:52.779108+0800 - INFO - 弓箭手-奇美拉 找到可用技能: w
2025-06-20T09:46:52.779108+0800 - INFO - w
2025-06-20T09:46:52.783605+0800 - INFO - 已释放技能列表: ['q', 'w', 'e', 'r', 't']
2025-06-20T09:46:52.784101+0800 - INFO - 第一排技能 - 检查技能: q
2025-06-20T09:46:52.785110+0800 - INFO - 第一排技能 - 检查技能: w
2025-06-20T09:46:52.785671+0800 - INFO - 弓箭手-奇美拉 找到可用技能: w
2025-06-20T09:46:52.785671+0800 - INFO - w
2025-06-20T09:46:52.789214+0800 - INFO - 已释放技能列表: ['q', 'w', 'e', 'r', 't']
2025-06-20T09:46:52.789718+0800 - INFO - 第一排技能 - 检查技能: q
2025-06-20T09:46:52.790724+0800 - INFO - 第一排技能 - 检查技能: w
2025-06-20T09:46:52.791261+0800 - INFO - 弓箭手-奇美拉 找到可用技能: w
2025-06-20T09:46:52.791261+0800 - INFO - w
2025-06-20T09:46:52.795831+0800 - INFO - 已释放技能列表: ['q', 'w', 'e', 'r', 't']
2025-06-20T09:46:52.796389+0800 - INFO - 第一排技能 - 检查技能: q
2025-06-20T09:46:52.796888+0800 - INFO - 第一排技能 - 检查技能: w
2025-06-20T09:46:52.797636+0800 - INFO - 弓箭手-奇美拉 找到可用技能: w
2025-06-20T09:46:52.798133+0800 - INFO - w
2025-06-20T09:46:52.802215+0800 - INFO - 已释放技能列表: ['q', 'w', 'e', 'r', 't']
2025-06-20T09:46:52.803247+0800 - INFO - 第一排技能 - 检查技能: q
2025-06-20T09:46:52.803247+0800 - INFO - 第一排技能 - 检查技能: w
2025-06-20T09:46:52.804282+0800 - INFO - 弓箭手-奇美拉 找到可用技能: w
2025-06-20T09:46:52.804815+0800 - INFO - w
2025-06-20T09:46:52.807836+0800 - INFO - 已释放技能列表: ['q', 'w', 'e', 'r', 't']
2025-06-20T09:46:52.808840+0800 - INFO - 第一排技能 - 检查技能: q
2025-06-20T09:46:52.809873+0800 - INFO - 第一排技能 - 检查技能: w
2025-06-20T09:46:52.809873+0800 - INFO - 弓箭手-奇美拉 找到可用技能: w
2025-06-20T09:46:52.810882+0800 - INFO - w
2025-06-20T09:46:52.815058+0800 - INFO - 已释放技能列表: ['q', 'w', 'e', 'r', 't']
2025-06-20T09:46:52.815058+0800 - INFO - 第一排技能 - 检查技能: q
2025-06-20T09:46:52.816587+0800 - INFO - 第一排技能 - 检查技能: w
2025-06-20T09:46:52.817089+0800 - INFO - 弓箭手-奇美拉 找到可用技能: w
2025-06-20T09:46:52.817585+0800 - INFO - w
2025-06-20T09:46:52.820680+0800 - INFO - 已释放技能列表: ['q', 'w', 'e', 'r', 't']
2025-06-20T09:46:52.822222+0800 - INFO - 第一排技能 - 检查技能: q
2025-06-20T09:46:52.822722+0800 - INFO - 第一排技能 - 检查技能: w
2025-06-20T09:46:52.823720+0800 - INFO - 弓箭手-奇美拉 找到可用技能: w
2025-06-20T09:46:52.823720+0800 - INFO - w
2025-06-20T09:46:52.827752+0800 - INFO - 已释放技能列表: ['q', 'w', 'e', 'r', 't']
2025-06-20T09:46:52.828252+0800 - INFO - 第一排技能 - 检查技能: q
2025-06-20T09:46:52.828750+0800 - INFO - 第一排技能 - 检查技能: w
2025-06-20T09:46:52.829842+0800 - INFO - 弓箭手-奇美拉 找到可用技能: w
2025-06-20T09:46:52.830347+0800 - INFO - w
2025-06-20T09:46:52.833933+0800 - INFO - 已释放技能列表: ['q', 'w', 'e', 'r', 't']
2025-06-20T09:46:52.834432+0800 - INFO - 第一排技能 - 检查技能: q
2025-06-20T09:46:52.834930+0800 - INFO - 第一排技能 - 检查技能: w
2025-06-20T09:46:52.834930+0800 - INFO - 弓箭手-奇美拉 找到可用技能: w
2025-06-20T09:46:52.835935+0800 - INFO - w
2025-06-20T09:46:52.838738+0800 - INFO - 已释放技能列表: ['q', 'w', 'e', 'r', 't']
2025-06-20T09:46:52.839237+0800 - INFO - 第一排技能 - 检查技能: q
2025-06-20T09:46:52.839744+0800 - INFO - 第一排技能 - 检查技能: w
2025-06-20T09:46:52.840235+0800 - INFO - 弓箭手-奇美拉 找到可用技能: w
2025-06-20T09:46:52.840737+0800 - INFO - w
2025-06-20T09:46:52.844231+0800 - INFO - 已释放技能列表: ['q', 'w', 'e', 'r', 't']
2025-06-20T09:46:52.845238+0800 - INFO - 第一排技能 - 检查技能: q
2025-06-20T09:46:52.846296+0800 - INFO - 第一排技能 - 检查技能: w
2025-06-20T09:46:52.847295+0800 - INFO - 弓箭手-奇美拉 找到可用技能: w
2025-06-20T09:46:52.847295+0800 - INFO - w
2025-06-20T09:46:52.852469+0800 - INFO - 已释放技能列表: ['q', 'w', 'e', 'r', 't']
2025-06-20T09:46:52.853473+0800 - INFO - 第一排技能 - 检查技能: q
2025-06-20T09:46:52.854006+0800 - INFO - 第一排技能 - 检查技能: w
2025-06-20T09:46:52.854502+0800 - INFO - 弓箭手-奇美拉 找到可用技能: w
2025-06-20T09:46:52.854502+0800 - INFO - w
2025-06-20T09:46:52.859074+0800 - INFO - 已释放技能列表: ['q', 'w', 'e', 'r', 't']
2025-06-20T09:46:52.859074+0800 - INFO - 第一排技能 - 检查技能: q
2025-06-20T09:46:52.860605+0800 - INFO - 第一排技能 - 检查技能: w
2025-06-20T09:46:52.861103+0800 - INFO - 弓箭手-奇美拉 找到可用技能: w
2025-06-20T09:46:52.861603+0800 - INFO - w
2025-06-20T09:46:52.865152+0800 - INFO - 已释放技能列表: ['q', 'w', 'e', 'r', 't']
2025-06-20T09:46:52.866156+0800 - INFO - 第一排技能 - 检查技能: q
2025-06-20T09:46:52.866693+0800 - INFO - 第一排技能 - 检查技能: w
2025-06-20T09:46:52.867197+0800 - INFO - 弓箭手-奇美拉 找到可用技能: w
2025-06-20T09:46:52.867691+0800 - INFO - w
2025-06-20T09:46:52.871387+0800 - INFO - 已释放技能列表: ['q', 'w', 'e', 'r', 't']
2025-06-20T09:46:52.871892+0800 - INFO - 第一排技能 - 检查技能: q
2025-06-20T09:46:52.872922+0800 - INFO - 第一排技能 - 检查技能: w
2025-06-20T09:46:52.872922+0800 - INFO - 弓箭手-奇美拉 找到可用技能: w
2025-06-20T09:46:52.872922+0800 - INFO - w
2025-06-20T09:46:52.877017+0800 - INFO - 已释放技能列表: ['q', 'w', 'e', 'r', 't']
2025-06-20T09:46:52.877017+0800 - INFO - 第一排技能 - 检查技能: q
2025-06-20T09:46:52.878419+0800 - INFO - 第一排技能 - 检查技能: w
2025-06-20T09:46:52.878922+0800 - INFO - 弓箭手-奇美拉 找到可用技能: w
2025-06-20T09:46:52.879422+0800 - INFO - w
2025-06-20T09:46:52.882452+0800 - INFO - 已释放技能列表: ['q', 'w', 'e', 'r', 't']
2025-06-20T09:46:52.882951+0800 - INFO - 第一排技能 - 检查技能: q
2025-06-20T09:46:52.883953+0800 - INFO - 第一排技能 - 检查技能: w
2025-06-20T09:46:52.883953+0800 - INFO - 弓箭手-奇美拉 找到可用技能: w
2025-06-20T09:46:52.885012+0800 - INFO - w
2025-06-20T09:46:52.887550+0800 - INFO - 已释放技能列表: ['q', 'w', 'e', 'r', 't']
2025-06-20T09:46:52.888052+0800 - INFO - 第一排技能 - 检查技能: q
2025-06-20T09:46:52.889052+0800 - INFO - 第一排技能 - 检查技能: w
2025-06-20T09:46:52.889551+0800 - INFO - 弓箭手-奇美拉 找到可用技能: w
2025-06-20T09:46:52.889551+0800 - INFO - w
2025-06-20T09:46:52.893214+0800 - INFO - 已释放技能列表: ['q', 'w', 'e', 'r', 't']
2025-06-20T09:46:52.893214+0800 - INFO - 第一排技能 - 检查技能: q
2025-06-20T09:46:52.894746+0800 - INFO - 第一排技能 - 检查技能: w
2025-06-20T09:46:52.894746+0800 - INFO - 弓箭手-奇美拉 找到可用技能: w
2025-06-20T09:46:52.895750+0800 - INFO - w
2025-06-20T09:46:52.899307+0800 - INFO - 已释放技能列表: ['q', 'w', 'e', 'r', 't']
2025-06-20T09:46:52.899806+0800 - INFO - 第一排技能 - 检查技能: q
2025-06-20T09:46:52.900305+0800 - INFO - 第一排技能 - 检查技能: w
2025-06-20T09:46:52.900805+0800 - INFO - 弓箭手-奇美拉 找到可用技能: w
2025-06-20T09:46:52.900805+0800 - INFO - w
2025-06-20T09:46:52.904340+0800 - INFO - 已释放技能列表: ['q', 'w', 'e', 'r', 't']
2025-06-20T09:46:52.904837+0800 - INFO - 第一排技能 - 检查技能: q
2025-06-20T09:46:52.904837+0800 - INFO - 第一排技能 - 检查技能: w
2025-06-20T09:46:52.905842+0800 - INFO - 弓箭手-奇美拉 找到可用技能: w
2025-06-20T09:46:52.906390+0800 - INFO - w
2025-06-20T09:46:52.910730+0800 - INFO - 已释放技能列表: ['q', 'w', 'e', 'r', 't']
2025-06-20T09:46:52.911229+0800 - INFO - 第一排技能 - 检查技能: q
2025-06-20T09:46:52.911229+0800 - INFO - 第一排技能 - 检查技能: w
2025-06-20T09:46:52.912305+0800 - INFO - 弓箭手-奇美拉 找到可用技能: w
2025-06-20T09:46:52.912889+0800 - INFO - w
2025-06-20T09:46:52.916527+0800 - INFO - 已释放技能列表: ['q', 'w', 'e', 'r', 't']
2025-06-20T09:46:52.917025+0800 - INFO - 第一排技能 - 检查技能: q
2025-06-20T09:46:52.918199+0800 - INFO - 第一排技能 - 检查技能: w
2025-06-20T09:46:52.918700+0800 - INFO - 弓箭手-奇美拉 找到可用技能: w
2025-06-20T09:46:52.918700+0800 - INFO - w
2025-06-20T09:46:52.924307+0800 - INFO - 已释放技能列表: ['q', 'w', 'e', 'r', 't']
2025-06-20T09:46:52.924807+0800 - INFO - 第一排技能 - 检查技能: q
2025-06-20T09:46:52.925812+0800 - INFO - 第一排技能 - 检查技能: w
2025-06-20T09:46:52.926345+0800 - INFO - 弓箭手-奇美拉 找到可用技能: w
2025-06-20T09:46:52.926874+0800 - INFO - w
2025-06-20T09:46:52.930281+0800 - INFO - 已释放技能列表: ['q', 'w', 'e', 'r', 't']
2025-06-20T09:46:52.930786+0800 - INFO - 第一排技能 - 检查技能: q
2025-06-20T09:46:52.931283+0800 - INFO - 第一排技能 - 检查技能: w
2025-06-20T09:46:52.932288+0800 - INFO - 弓箭手-奇美拉 找到可用技能: w
2025-06-20T09:46:52.932840+0800 - INFO - w
2025-06-20T09:46:52.937070+0800 - INFO - 已释放技能列表: ['q', 'w', 'e', 'r', 't']
2025-06-20T09:46:52.937070+0800 - INFO - 第一排技能 - 检查技能: q
2025-06-20T09:46:52.938082+0800 - INFO - 第一排技能 - 检查技能: w
2025-06-20T09:46:52.939112+0800 - INFO - 弓箭手-奇美拉 找到可用技能: w
2025-06-20T09:46:52.939112+0800 - INFO - w
2025-06-20T09:46:52.943599+0800 - INFO - 已释放技能列表: ['q', 'w', 'e', 'r', 't']
2025-06-20T09:46:52.944102+0800 - INFO - 第一排技能 - 检查技能: q
2025-06-20T09:46:52.945101+0800 - INFO - 第一排技能 - 检查技能: w
2025-06-20T09:46:52.945101+0800 - INFO - 弓箭手-奇美拉 找到可用技能: w
2025-06-20T09:46:52.946109+0800 - INFO - w
2025-06-20T09:46:52.950210+0800 - INFO - 已释放技能列表: ['q', 'w', 'e', 'r', 't']
2025-06-20T09:46:52.950708+0800 - INFO - 第一排技能 - 检查技能: q
2025-06-20T09:46:52.951208+0800 - INFO - 第一排技能 - 检查技能: w
2025-06-20T09:46:52.952206+0800 - INFO - 弓箭手-奇美拉 找到可用技能: w
2025-06-20T09:46:52.952206+0800 - INFO - w
2025-06-20T09:46:52.955954+0800 - INFO - 已释放技能列表: ['q', 'w', 'e', 'r', 't']
2025-06-20T09:46:52.956460+0800 - INFO - 第一排技能 - 检查技能: q
2025-06-20T09:46:52.956959+0800 - INFO - 第一排技能 - 检查技能: w
2025-06-20T09:46:52.957967+0800 - INFO - 弓箭手-奇美拉 找到可用技能: w
2025-06-20T09:46:52.958496+0800 - INFO - w
2025-06-20T09:46:52.962048+0800 - INFO - 已释放技能列表: ['q', 'w', 'e', 'r', 't']
2025-06-20T09:46:52.962547+0800 - INFO - 第一排技能 - 检查技能: q
2025-06-20T09:46:52.963544+0800 - INFO - 第一排技能 - 检查技能: w
2025-06-20T09:46:52.964045+0800 - INFO - 弓箭手-奇美拉 找到可用技能: w
2025-06-20T09:46:52.964045+0800 - INFO - w
2025-06-20T09:46:52.967618+0800 - INFO - 已释放技能列表: ['q', 'w', 'e', 'r', 't']
2025-06-20T09:46:52.968118+0800 - INFO - 第一排技能 - 检查技能: q
2025-06-20T09:46:52.968118+0800 - INFO - 第一排技能 - 检查技能: w
2025-06-20T09:46:52.969180+0800 - INFO - 弓箭手-奇美拉 找到可用技能: w
2025-06-20T09:46:52.969687+0800 - INFO - w
2025-06-20T09:46:52.973761+0800 - INFO - 已释放技能列表: ['q', 'w', 'e', 'r', 't']
2025-06-20T09:46:52.973761+0800 - INFO - 第一排技能 - 检查技能: q
2025-06-20T09:46:52.974883+0800 - INFO - 第一排技能 - 检查技能: w
2025-06-20T09:46:52.975392+0800 - INFO - 弓箭手-奇美拉 找到可用技能: w
2025-06-20T09:46:52.975906+0800 - INFO - w
2025-06-20T09:46:52.980438+0800 - INFO - 已释放技能列表: ['q', 'w', 'e', 'r', 't']
2025-06-20T09:46:52.980438+0800 - INFO - 第一排技能 - 检查技能: q
2025-06-20T09:46:52.981436+0800 - INFO - 第一排技能 - 检查技能: w
2025-06-20T09:46:52.981935+0800 - INFO - 弓箭手-奇美拉 找到可用技能: w
2025-06-20T09:46:52.982434+0800 - INFO - w
2025-06-20T09:46:52.986081+0800 - INFO - 已释放技能列表: ['q', 'w', 'e', 'r', 't']
2025-06-20T09:46:52.986611+0800 - INFO - 第一排技能 - 检查技能: q
2025-06-20T09:46:52.987111+0800 - INFO - 第一排技能 - 检查技能: w
2025-06-20T09:46:52.987870+0800 - INFO - 弓箭手-奇美拉 找到可用技能: w
2025-06-20T09:46:52.988369+0800 - INFO - w
2025-06-20T09:46:52.991365+0800 - INFO - 已释放技能列表: ['q', 'w', 'e', 'r', 't']
2025-06-20T09:46:52.991862+0800 - INFO - 第一排技能 - 检查技能: q
2025-06-20T09:46:52.992363+0800 - INFO - 第一排技能 - 检查技能: w
2025-06-20T09:46:52.992860+0800 - INFO - 弓箭手-奇美拉 找到可用技能: w
2025-06-20T09:46:52.992860+0800 - INFO - w
2025-06-20T09:46:52.997532+0800 - INFO - 已释放技能列表: ['q', 'w', 'e', 'r', 't']
2025-06-20T09:46:52.997532+0800 - INFO - 第一排技能 - 检查技能: q
2025-06-20T09:46:52.998536+0800 - INFO - 第一排技能 - 检查技能: w
2025-06-20T09:46:52.999571+0800 - INFO - 弓箭手-奇美拉 找到可用技能: w
2025-06-20T09:46:52.999571+0800 - INFO - w
2025-06-20T09:46:53.003113+0800 - INFO - 已释放技能列表: ['q', 'w', 'e', 'r', 't']
2025-06-20T09:46:53.003612+0800 - INFO - 第一排技能 - 检查技能: q
2025-06-20T09:46:53.004110+0800 - INFO - 第一排技能 - 检查技能: w
2025-06-20T09:46:53.005109+0800 - INFO - 弓箭手-奇美拉 找到可用技能: w
2025-06-20T09:46:53.005109+0800 - INFO - w
2025-06-20T09:46:53.008751+0800 - INFO - 已释放技能列表: ['q', 'w', 'e', 'r', 't']
2025-06-20T09:46:53.009277+0800 - INFO - 第一排技能 - 检查技能: q
2025-06-20T09:46:53.010276+0800 - INFO - 第一排技能 - 检查技能: w
2025-06-20T09:46:53.010775+0800 - INFO - 弓箭手-奇美拉 找到可用技能: w
2025-06-20T09:46:53.011275+0800 - INFO - w
2025-06-20T09:46:53.015934+0800 - INFO - 已释放技能列表: ['q', 'w', 'e', 'r', 't']
2025-06-20T09:46:53.016445+0800 - INFO - 第一排技能 - 检查技能: q
2025-06-20T09:46:53.017451+0800 - INFO - 第一排技能 - 检查技能: w
2025-06-20T09:46:53.017957+0800 - INFO - 弓箭手-奇美拉 找到可用技能: w
2025-06-20T09:46:53.018452+0800 - INFO - w
2025-06-20T09:46:53.021948+0800 - INFO - 已释放技能列表: ['q', 'w', 'e', 'r', 't']
2025-06-20T09:46:53.021948+0800 - INFO - 第一排技能 - 检查技能: q
2025-06-20T09:46:53.022955+0800 - INFO - 第一排技能 - 检查技能: w
2025-06-20T09:46:53.022955+0800 - INFO - 弓箭手-奇美拉 找到可用技能: w
2025-06-20T09:46:53.023996+0800 - INFO - w
2025-06-20T09:46:53.028080+0800 - INFO - 已释放技能列表: ['q', 'w', 'e', 'r', 't']
2025-06-20T09:46:53.028580+0800 - INFO - 第一排技能 - 检查技能: q
2025-06-20T09:46:53.029578+0800 - INFO - 第一排技能 - 检查技能: w
2025-06-20T09:46:53.030077+0800 - INFO - 弓箭手-奇美拉 找到可用技能: w
2025-06-20T09:46:53.030576+0800 - INFO - w
2025-06-20T09:46:53.034613+0800 - INFO - 已释放技能列表: ['q', 'w', 'e', 'r', 't']
2025-06-20T09:46:53.035132+0800 - INFO - 第一排技能 - 检查技能: q
2025-06-20T09:46:53.035132+0800 - INFO - 第一排技能 - 检查技能: w
2025-06-20T09:46:53.036136+0800 - INFO - 弓箭手-奇美拉 找到可用技能: w
2025-06-20T09:46:53.036727+0800 - INFO - w
2025-06-20T09:46:53.040192+0800 - INFO - 已释放技能列表: ['q', 'w', 'e', 'r', 't']
2025-06-20T09:46:53.040692+0800 - INFO - 第一排技能 - 检查技能: q
2025-06-20T09:46:53.041690+0800 - INFO - 第一排技能 - 检查技能: w
2025-06-20T09:46:53.042189+0800 - INFO - 弓箭手-奇美拉 找到可用技能: w
2025-06-20T09:46:53.042189+0800 - INFO - w
2025-06-20T09:46:53.046255+0800 - INFO - 已释放技能列表: ['q', 'w', 'e', 'r', 't']
2025-06-20T09:46:53.047255+0800 - INFO - 第一排技能 - 检查技能: q
2025-06-20T09:46:53.047752+0800 - INFO - 第一排技能 - 检查技能: w
2025-06-20T09:46:53.048252+0800 - INFO - 弓箭手-奇美拉 找到可用技能: w
2025-06-20T09:46:53.048252+0800 - INFO - w
2025-06-20T09:46:53.052290+0800 - INFO - 已释放技能列表: ['q', 'w', 'e', 'r', 't']
2025-06-20T09:46:53.052789+0800 - INFO - 第一排技能 - 检查技能: q
2025-06-20T09:46:53.053787+0800 - INFO - 第一排技能 - 检查技能: w
2025-06-20T09:46:53.053787+0800 - INFO - 弓箭手-奇美拉 找到可用技能: w
2025-06-20T09:46:53.053787+0800 - INFO - w
2025-06-20T09:46:53.057508+0800 - INFO - 已释放技能列表: ['q', 'w', 'e', 'r', 't']
2025-06-20T09:46:53.057508+0800 - INFO - 第一排技能 - 检查技能: q
2025-06-20T09:46:53.058506+0800 - INFO - 第一排技能 - 检查技能: w
2025-06-20T09:46:53.058506+0800 - INFO - 弓箭手-奇美拉 找到可用技能: w
2025-06-20T09:46:53.059510+0800 - INFO - w
2025-06-20T09:46:53.063064+0800 - INFO - 已释放技能列表: ['q', 'w', 'e', 'r', 't']
2025-06-20T09:46:53.063563+0800 - INFO - 第一排技能 - 检查技能: q
2025-06-20T09:46:53.064561+0800 - INFO - 第一排技能 - 检查技能: w
2025-06-20T09:46:53.064561+0800 - INFO - 弓箭手-奇美拉 找到可用技能: w
2025-06-20T09:46:53.065567+0800 - INFO - w
2025-06-20T09:46:53.068643+0800 - INFO - 已释放技能列表: ['q', 'w', 'e', 'r', 't']
2025-06-20T09:46:53.069652+0800 - INFO - 第一排技能 - 检查技能: q
2025-06-20T09:46:53.070196+0800 - INFO - 第一排技能 - 检查技能: w
2025-06-20T09:46:53.070698+0800 - INFO - 弓箭手-奇美拉 找到可用技能: w
2025-06-20T09:46:53.071196+0800 - INFO - w
2025-06-20T09:46:53.075860+0800 - INFO - 已释放技能列表: ['q', 'w', 'e', 'r', 't']
2025-06-20T09:46:53.075860+0800 - INFO - 第一排技能 - 检查技能: q
2025-06-20T09:46:53.076890+0800 - INFO - 第一排技能 - 检查技能: w
2025-06-20T09:46:53.078019+0800 - INFO - 弓箭手-奇美拉 找到可用技能: w
2025-06-20T09:46:53.078019+0800 - INFO - w
2025-06-20T09:46:53.082516+0800 - INFO - 已释放技能列表: ['q', 'w', 'e', 'r', 't']
2025-06-20T09:46:53.083012+0800 - INFO - 第一排技能 - 检查技能: q
2025-06-20T09:46:53.084008+0800 - INFO - 第一排技能 - 检查技能: w
2025-06-20T09:46:53.084008+0800 - INFO - 弓箭手-奇美拉 找到可用技能: w
2025-06-20T09:46:53.084008+0800 - INFO - w
2025-06-20T09:46:53.087845+0800 - INFO - 已释放技能列表: ['q', 'w', 'e', 'r', 't']
2025-06-20T09:46:53.087845+0800 - INFO - 第一排技能 - 检查技能: q
2025-06-20T09:46:53.088843+0800 - INFO - 第一排技能 - 检查技能: w
2025-06-20T09:46:53.089342+0800 - INFO - 弓箭手-奇美拉 找到可用技能: w
2025-06-20T09:46:53.089342+0800 - INFO - w
2025-06-20T09:46:53.093335+0800 - INFO - 已释放技能列表: ['q', 'w', 'e', 'r', 't']
2025-06-20T09:46:53.093834+0800 - INFO - 第一排技能 - 检查技能: q
2025-06-20T09:46:53.094836+0800 - INFO - 第一排技能 - 检查技能: w
2025-06-20T09:46:53.094836+0800 - INFO - 弓箭手-奇美拉 找到可用技能: w
2025-06-20T09:46:53.094836+0800 - INFO - w
2025-06-20T09:46:53.099021+0800 - INFO - 已释放技能列表: ['q', 'w', 'e', 'r', 't']
2025-06-20T09:46:53.099518+0800 - INFO - 第一排技能 - 检查技能: q
2025-06-20T09:46:53.099518+0800 - INFO - 第一排技能 - 检查技能: w
2025-06-20T09:46:53.100522+0800 - INFO - 弓箭手-奇美拉 找到可用技能: w
2025-06-20T09:46:53.101052+0800 - INFO - w
2025-06-20T09:46:53.104098+0800 - INFO - 已释放技能列表: ['q', 'w', 'e', 'r', 't']
2025-06-20T09:46:53.104593+0800 - INFO - 第一排技能 - 检查技能: q
2025-06-20T09:46:53.105096+0800 - INFO - 第一排技能 - 检查技能: w
2025-06-20T09:46:53.106100+0800 - INFO - 弓箭手-奇美拉 找到可用技能: w
2025-06-20T09:46:53.106642+0800 - INFO - w
2025-06-20T09:46:53.111176+0800 - INFO - 已释放技能列表: ['q', 'w', 'e', 'r', 't']
2025-06-20T09:46:53.111675+0800 - INFO - 第一排技能 - 检查技能: q
2025-06-20T09:46:53.112174+0800 - INFO - 第一排技能 - 检查技能: w
2025-06-20T09:46:53.113172+0800 - INFO - 弓箭手-奇美拉 找到可用技能: w
2025-06-20T09:46:53.113172+0800 - INFO - w
2025-06-20T09:46:53.116246+0800 - INFO - 已释放技能列表: ['q', 'w', 'e', 'r', 't']
2025-06-20T09:46:53.116768+0800 - INFO - 第一排技能 - 检查技能: q
2025-06-20T09:46:53.116768+0800 - INFO - 第一排技能 - 检查技能: w
2025-06-20T09:46:53.117774+0800 - INFO - 弓箭手-奇美拉 找到可用技能: w
2025-06-20T09:46:53.118360+0800 - INFO - w
2025-06-20T09:46:53.121858+0800 - INFO - 已释放技能列表: ['q', 'w', 'e', 'r', 't']
2025-06-20T09:46:53.121858+0800 - INFO - 第一排技能 - 检查技能: q
2025-06-20T09:46:53.122866+0800 - INFO - 第一排技能 - 检查技能: w
2025-06-20T09:46:53.123406+0800 - INFO - 弓箭手-奇美拉 找到可用技能: w
2025-06-20T09:46:53.123905+0800 - INFO - w
2025-06-20T09:46:53.126936+0800 - INFO - 已释放技能列表: ['q', 'w', 'e', 'r', 't']
2025-06-20T09:46:53.126936+0800 - INFO - 第一排技能 - 检查技能: q
2025-06-20T09:46:53.128311+0800 - INFO - 第一排技能 - 检查技能: w
2025-06-20T09:46:53.128813+0800 - INFO - 弓箭手-奇美拉 找到可用技能: w
2025-06-20T09:46:53.128813+0800 - INFO - w
2025-06-20T09:46:53.132304+0800 - INFO - 已释放技能列表: ['q', 'w', 'e', 'r', 't']
2025-06-20T09:46:53.132803+0800 - INFO - 第一排技能 - 检查技能: q
2025-06-20T09:46:53.133302+0800 - INFO - 第一排技能 - 检查技能: w
2025-06-20T09:46:53.134301+0800 - INFO - 弓箭手-奇美拉 找到可用技能: w
2025-06-20T09:46:53.134301+0800 - INFO - w
2025-06-20T09:46:53.136866+0800 - INFO - 已释放技能列表: ['q', 'w', 'e', 'r', 't']
2025-06-20T09:46:53.137874+0800 - INFO - 第一排技能 - 检查技能: q
2025-06-20T09:46:53.138899+0800 - INFO - 第一排技能 - 检查技能: w
2025-06-20T09:46:53.139474+0800 - INFO - 弓箭手-奇美拉 找到可用技能: w
2025-06-20T09:46:53.139474+0800 - INFO - w
2025-06-20T09:46:53.142974+0800 - INFO - 已释放技能列表: ['q', 'w', 'e', 'r', 't']
2025-06-20T09:46:53.143467+0800 - INFO - 第一排技能 - 检查技能: q
2025-06-20T09:46:53.144464+0800 - INFO - 第一排技能 - 检查技能: w
2025-06-20T09:46:53.144963+0800 - INFO - 弓箭手-奇美拉 找到可用技能: w
2025-06-20T09:46:53.144963+0800 - INFO - w
2025-06-20T09:46:53.149042+0800 - INFO - 已释放技能列表: ['q', 'w', 'e', 'r', 't']
2025-06-20T09:46:53.149539+0800 - INFO - 第一排技能 - 检查技能: q
2025-06-20T09:46:53.150542+0800 - INFO - 第一排技能 - 检查技能: w
2025-06-20T09:46:53.150542+0800 - INFO - 弓箭手-奇美拉 找到可用技能: w
2025-06-20T09:46:53.150542+0800 - INFO - w
2025-06-20T09:46:53.155075+0800 - INFO - 已释放技能列表: ['q', 'w', 'e', 'r', 't']
2025-06-20T09:46:53.155075+0800 - INFO - 第一排技能 - 检查技能: q
2025-06-20T09:46:53.156079+0800 - INFO - 第一排技能 - 检查技能: w
2025-06-20T09:46:53.156607+0800 - INFO - 弓箭手-奇美拉 找到可用技能: w
2025-06-20T09:46:53.156607+0800 - INFO - w
2025-06-20T09:46:53.160251+0800 - INFO - 已释放技能列表: ['q', 'w', 'e', 'r', 't']
2025-06-20T09:46:53.160768+0800 - INFO - 第一排技能 - 检查技能: q
2025-06-20T09:46:53.161837+0800 - INFO - 第一排技能 - 检查技能: w
2025-06-20T09:46:53.162369+0800 - INFO - 弓箭手-奇美拉 找到可用技能: w
2025-06-20T09:46:53.162868+0800 - INFO - w
2025-06-20T09:46:53.166890+0800 - INFO - 已释放技能列表: ['q', 'w', 'e', 'r', 't']
2025-06-20T09:46:53.167390+0800 - INFO - 第一排技能 - 检查技能: q
2025-06-20T09:46:53.168388+0800 - INFO - 第一排技能 - 检查技能: w
2025-06-20T09:46:53.168886+0800 - INFO - 弓箭手-奇美拉 找到可用技能: w
2025-06-20T09:46:53.168886+0800 - INFO - w
2025-06-20T09:46:53.172567+0800 - INFO - 已释放技能列表: ['q', 'w', 'e', 'r', 't']
2025-06-20T09:46:53.172567+0800 - INFO - 第一排技能 - 检查技能: q
2025-06-20T09:46:53.173563+0800 - INFO - 第一排技能 - 检查技能: w
2025-06-20T09:46:53.174062+0800 - INFO - 弓箭手-奇美拉 找到可用技能: w
2025-06-20T09:46:53.174062+0800 - INFO - w
2025-06-20T09:46:53.178650+0800 - INFO - 已释放技能列表: ['q', 'w', 'e', 'r', 't']
2025-06-20T09:46:53.178650+0800 - INFO - 第一排技能 - 检查技能: q
2025-06-20T09:46:53.179202+0800 - INFO - 第一排技能 - 检查技能: w
2025-06-20T09:46:53.180346+0800 - INFO - 弓箭手-奇美拉 找到可用技能: w
2025-06-20T09:46:53.180849+0800 - INFO - w
2025-06-20T09:46:53.183844+0800 - INFO - 已释放技能列表: ['q', 'w', 'e', 'r', 't']
2025-06-20T09:46:53.184342+0800 - INFO - 第一排技能 - 检查技能: q
2025-06-20T09:46:53.184841+0800 - INFO - 第一排技能 - 检查技能: w
2025-06-20T09:46:53.184841+0800 - INFO - 弓箭手-奇美拉 找到可用技能: w
2025-06-20T09:46:53.185844+0800 - INFO - w
2025-06-20T09:46:53.190456+0800 - INFO - 已释放技能列表: ['q', 'w', 'e', 'r', 't']
2025-06-20T09:46:53.190951+0800 - INFO - 第一排技能 - 检查技能: q
2025-06-20T09:46:53.191949+0800 - INFO - 第一排技能 - 检查技能: w
2025-06-20T09:46:53.192448+0800 - INFO - 弓箭手-奇美拉 找到可用技能: w
2025-06-20T09:46:53.192946+0800 - INFO - w
2025-06-20T09:46:53.196491+0800 - INFO - 已释放技能列表: ['q', 'w', 'e', 'r', 't']
2025-06-20T09:46:53.196491+0800 - INFO - 第一排技能 - 检查技能: q
2025-06-20T09:46:53.198029+0800 - INFO - 第一排技能 - 检查技能: w
2025-06-20T09:46:53.198029+0800 - INFO - 弓箭手-奇美拉 找到可用技能: w
2025-06-20T09:46:53.198029+0800 - INFO - w
2025-06-20T09:46:53.202749+0800 - INFO - 已释放技能列表: ['q', 'w', 'e', 'r', 't']
2025-06-20T09:46:53.202749+0800 - INFO - 第一排技能 - 检查技能: q
2025-06-20T09:46:53.203776+0800 - INFO - 第一排技能 - 检查技能: w
2025-06-20T09:46:53.204277+0800 - INFO - 弓箭手-奇美拉 找到可用技能: w
2025-06-20T09:46:53.204774+0800 - INFO - w
2025-06-20T09:46:53.208323+0800 - INFO - 已释放技能列表: ['q', 'w', 'e', 'r', 't']
2025-06-20T09:46:53.208822+0800 - INFO - 第一排技能 - 检查技能: q
2025-06-20T09:46:53.209819+0800 - INFO - 第一排技能 - 检查技能: w
2025-06-20T09:46:53.210319+0800 - INFO - 弓箭手-奇美拉 找到可用技能: w
2025-06-20T09:46:53.210319+0800 - INFO - w
2025-06-20T09:46:53.213869+0800 - INFO - 已释放技能列表: ['q', 'w', 'e', 'r', 't']
2025-06-20T09:46:53.214878+0800 - INFO - 第一排技能 - 检查技能: q
2025-06-20T09:46:53.216016+0800 - INFO - 第一排技能 - 检查技能: w
2025-06-20T09:46:53.216521+0800 - INFO - 弓箭手-奇美拉 找到可用技能: w
2025-06-20T09:46:53.217018+0800 - INFO - w
2025-06-20T09:46:53.220088+0800 - INFO - 已释放技能列表: ['q', 'w', 'e', 'r', 't']
2025-06-20T09:46:53.220088+0800 - INFO - 第一排技能 - 检查技能: q
2025-06-20T09:46:53.221666+0800 - INFO - 第一排技能 - 检查技能: w
2025-06-20T09:46:53.222165+0800 - INFO - 弓箭手-奇美拉 找到可用技能: w
2025-06-20T09:46:53.222165+0800 - INFO - w
2025-06-20T09:46:53.225767+0800 - INFO - 已释放技能列表: ['q', 'w', 'e', 'r', 't']
2025-06-20T09:46:53.226270+0800 - INFO - 第一排技能 - 检查技能: q
2025-06-20T09:46:53.227268+0800 - INFO - 第一排技能 - 检查技能: w
2025-06-20T09:46:53.227268+0800 - INFO - 弓箭手-奇美拉 找到可用技能: w
2025-06-20T09:46:53.228273+0800 - INFO - w
2025-06-20T09:46:53.231295+0800 - INFO - 已释放技能列表: ['q', 'w', 'e', 'r', 't']
2025-06-20T09:46:53.231795+0800 - INFO - 第一排技能 - 检查技能: q
2025-06-20T09:46:53.232294+0800 - INFO - 第一排技能 - 检查技能: w
2025-06-20T09:46:53.232798+0800 - INFO - 弓箭手-奇美拉 找到可用技能: w
2025-06-20T09:46:53.233296+0800 - INFO - w
2025-06-20T09:46:53.236814+0800 - INFO - 已释放技能列表: ['q', 'w', 'e', 'r', 't']
2025-06-20T09:46:53.236814+0800 - INFO - 第一排技能 - 检查技能: q
2025-06-20T09:46:53.237313+0800 - INFO - 第一排技能 - 检查技能: w
2025-06-20T09:46:53.238318+0800 - INFO - 弓箭手-奇美拉 找到可用技能: w
2025-06-20T09:46:53.238855+0800 - INFO - w
2025-06-20T09:46:53.241985+0800 - INFO - 已释放技能列表: ['q', 'w', 'e', 'r', 't']
2025-06-20T09:46:53.242486+0800 - INFO - 第一排技能 - 检查技能: q
2025-06-20T09:46:53.243484+0800 - INFO - 第一排技能 - 检查技能: w
2025-06-20T09:46:53.243987+0800 - INFO - 弓箭手-奇美拉 找到可用技能: w
2025-06-20T09:46:53.243987+0800 - INFO - w
2025-06-20T09:46:53.247929+0800 - INFO - 已释放技能列表: ['q', 'w', 'e', 'r', 't']
2025-06-20T09:46:53.248988+0800 - INFO - 第一排技能 - 检查技能: q
2025-06-20T09:46:53.248988+0800 - INFO - 第一排技能 - 检查技能: w
2025-06-20T09:46:53.249991+0800 - INFO - 弓箭手-奇美拉 找到可用技能: w
2025-06-20T09:46:53.249991+0800 - INFO - w
2025-06-20T09:46:53.254734+0800 - INFO - 已释放技能列表: ['q', 'w', 'e', 'r', 't']
2025-06-20T09:46:53.254734+0800 - INFO - 第一排技能 - 检查技能: q
2025-06-20T09:46:53.255742+0800 - INFO - 第一排技能 - 检查技能: w
2025-06-20T09:46:53.256263+0800 - INFO - 弓箭手-奇美拉 找到可用技能: w
2025-06-20T09:46:53.256762+0800 - INFO - w
2025-06-20T09:46:53.259298+0800 - INFO - 已释放技能列表: ['q', 'w', 'e', 'r', 't']
2025-06-20T09:46:53.260306+0800 - INFO - 第一排技能 - 检查技能: q
2025-06-20T09:46:53.261336+0800 - INFO - 第一排技能 - 检查技能: w
2025-06-20T09:46:53.261919+0800 - INFO - 弓箭手-奇美拉 找到可用技能: w
2025-06-20T09:46:53.261919+0800 - INFO - w
2025-06-20T09:46:53.266045+0800 - INFO - 已释放技能列表: ['q', 'w', 'e', 'r', 't']
2025-06-20T09:46:53.266590+0800 - INFO - 第一排技能 - 检查技能: q
2025-06-20T09:46:53.267625+0800 - INFO - 第一排技能 - 检查技能: w
2025-06-20T09:46:53.268120+0800 - INFO - 弓箭手-奇美拉 找到可用技能: w
2025-06-20T09:46:53.268623+0800 - INFO - w
2025-06-20T09:46:53.271660+0800 - INFO - 已释放技能列表: ['q', 'w', 'e', 'r', 't']
2025-06-20T09:46:53.271660+0800 - INFO - 第一排技能 - 检查技能: q
2025-06-20T09:46:53.272786+0800 - INFO - 第一排技能 - 检查技能: w
2025-06-20T09:46:53.273294+0800 - INFO - 弓箭手-奇美拉 找到可用技能: w
2025-06-20T09:46:53.273788+0800 - INFO - w
2025-06-20T09:46:53.277330+0800 - INFO - 已释放技能列表: ['q', 'w', 'e', 'r', 't']
2025-06-20T09:46:53.277828+0800 - INFO - 第一排技能 - 检查技能: q
2025-06-20T09:46:53.278834+0800 - INFO - 第一排技能 - 检查技能: w
2025-06-20T09:46:53.279379+0800 - INFO - 弓箭手-奇美拉 找到可用技能: w
2025-06-20T09:46:53.279379+0800 - INFO - w
2025-06-20T09:46:53.284455+0800 - INFO - 已释放技能列表: ['q', 'w', 'e', 'r', 't']
2025-06-20T09:46:53.284954+0800 - INFO - 第一排技能 - 检查技能: q
2025-06-20T09:46:53.284954+0800 - INFO - 第一排技能 - 检查技能: w
2025-06-20T09:46:53.285963+0800 - INFO - 弓箭手-奇美拉 找到可用技能: w
2025-06-20T09:46:53.285963+0800 - INFO - w
2025-06-20T09:46:53.289513+0800 - INFO - 已释放技能列表: ['q', 'w', 'e', 'r', 't']
2025-06-20T09:46:53.290043+0800 - INFO - 第一排技能 - 检查技能: q
2025-06-20T09:46:53.291041+0800 - INFO - 第一排技能 - 检查技能: w
2025-06-20T09:46:53.291540+0800 - INFO - 弓箭手-奇美拉 找到可用技能: w
2025-06-20T09:46:53.291540+0800 - INFO - w
2025-06-20T09:46:53.296041+0800 - INFO - 已释放技能列表: ['q', 'w', 'e', 'r', 't']
2025-06-20T09:46:53.296581+0800 - INFO - 第一排技能 - 检查技能: q
2025-06-20T09:46:53.297579+0800 - INFO - 第一排技能 - 检查技能: w
2025-06-20T09:46:53.298079+0800 - INFO - 弓箭手-奇美拉 找到可用技能: w
2025-06-20T09:46:53.298079+0800 - INFO - w
2025-06-20T09:46:53.302171+0800 - INFO - 已释放技能列表: ['q', 'w', 'e', 'r', 't']
2025-06-20T09:46:53.302697+0800 - INFO - 第一排技能 - 检查技能: q
2025-06-20T09:46:53.303778+0800 - INFO - 第一排技能 - 检查技能: w
2025-06-20T09:46:53.303778+0800 - INFO - 弓箭手-奇美拉 找到可用技能: w
2025-06-20T09:46:53.303778+0800 - INFO - w
2025-06-20T09:46:53.307874+0800 - INFO - 已释放技能列表: ['q', 'w', 'e', 'r', 't']
2025-06-20T09:46:53.308373+0800 - INFO - 第一排技能 - 检查技能: q
2025-06-20T09:46:53.308872+0800 - INFO - 第一排技能 - 检查技能: w
2025-06-20T09:46:53.309372+0800 - INFO - 弓箭手-奇美拉 找到可用技能: w
2025-06-20T09:46:53.309871+0800 - INFO - w
2025-06-20T09:46:53.313366+0800 - INFO - 已释放技能列表: ['q', 'w', 'e', 'r', 't']
2025-06-20T09:46:53.313865+0800 - INFO - 第一排技能 - 检查技能: q
2025-06-20T09:46:53.314922+0800 - INFO - 第一排技能 - 检查技能: w
2025-06-20T09:46:53.314922+0800 - INFO - 弓箭手-奇美拉 找到可用技能: w
2025-06-20T09:46:53.314922+0800 - INFO - w
2025-06-20T09:46:53.318506+0800 - INFO - 已释放技能列表: ['q', 'w', 'e', 'r', 't']
2025-06-20T09:46:53.319510+0800 - INFO - 第一排技能 - 检查技能: q
2025-06-20T09:46:53.320040+0800 - INFO - 第一排技能 - 检查技能: w
2025-06-20T09:46:53.321049+0800 - INFO - 弓箭手-奇美拉 找到可用技能: w
2025-06-20T09:46:53.321049+0800 - INFO - w
2025-06-20T09:46:53.324752+0800 - INFO - 已释放技能列表: ['q', 'w', 'e', 'r', 't']
2025-06-20T09:46:53.324752+0800 - INFO - 第一排技能 - 检查技能: q
2025-06-20T09:46:53.326314+0800 - INFO - 第一排技能 - 检查技能: w
2025-06-20T09:46:53.326813+0800 - INFO - 弓箭手-奇美拉 找到可用技能: w
2025-06-20T09:46:53.327315+0800 - INFO - w
2025-06-20T09:46:53.331876+0800 - INFO - 已释放技能列表: ['q', 'w', 'e', 'r', 't']
2025-06-20T09:46:53.332374+0800 - INFO - 第一排技能 - 检查技能: q
2025-06-20T09:46:53.333372+0800 - INFO - 第一排技能 - 检查技能: w
2025-06-20T09:46:53.333872+0800 - INFO - 弓箭手-奇美拉 找到可用技能: w
2025-06-20T09:46:53.334370+0800 - INFO - w
2025-06-20T09:46:53.337911+0800 - INFO - 已释放技能列表: ['q', 'w', 'e', 'r', 't']
2025-06-20T09:46:53.338410+0800 - INFO - 第一排技能 - 检查技能: q
2025-06-20T09:46:53.338909+0800 - INFO - 第一排技能 - 检查技能: w
2025-06-20T09:46:53.339913+0800 - INFO - 弓箭手-奇美拉 找到可用技能: w
2025-06-20T09:46:53.339913+0800 - INFO - w
2025-06-20T09:46:53.344026+0800 - INFO - 已释放技能列表: ['q', 'w', 'e', 'r', 't']
2025-06-20T09:46:53.344026+0800 - INFO - 第一排技能 - 检查技能: q
2025-06-20T09:46:53.345169+0800 - INFO - 第一排技能 - 检查技能: w
2025-06-20T09:46:53.346710+0800 - INFO - 弓箭手-奇美拉 找到可用技能: w
2025-06-20T09:46:53.346710+0800 - INFO - w
2025-06-20T09:46:53.350705+0800 - INFO - 已释放技能列表: ['q', 'w', 'e', 'r', 't']
2025-06-20T09:46:53.351204+0800 - INFO - 第一排技能 - 检查技能: q
2025-06-20T09:46:53.352203+0800 - INFO - 第一排技能 - 检查技能: w
2025-06-20T09:46:53.352702+0800 - INFO - 弓箭手-奇美拉 找到可用技能: w
2025-06-20T09:46:53.353206+0800 - INFO - w
2025-06-20T09:46:53.356817+0800 - INFO - 已释放技能列表: ['q', 'w', 'e', 'r', 't']
2025-06-20T09:46:53.357325+0800 - INFO - 第一排技能 - 检查技能: q
2025-06-20T09:46:53.358813+0800 - INFO - 第一排技能 - 检查技能: w
2025-06-20T09:46:53.359319+0800 - INFO - 弓箭手-奇美拉 找到可用技能: w
2025-06-20T09:46:53.359319+0800 - INFO - w
2025-06-20T09:46:53.363494+0800 - INFO - 已释放技能列表: ['q', 'w', 'e', 'r', 't']
2025-06-20T09:46:53.363994+0800 - INFO - 第一排技能 - 检查技能: q
2025-06-20T09:46:53.364992+0800 - INFO - 第一排技能 - 检查技能: w
2025-06-20T09:46:53.364992+0800 - INFO - 弓箭手-奇美拉 找到可用技能: w
2025-06-20T09:46:53.364992+0800 - INFO - w
2025-06-20T09:46:53.369133+0800 - INFO - 已释放技能列表: ['q', 'w', 'e', 'r', 't']
2025-06-20T09:46:53.369632+0800 - INFO - 第一排技能 - 检查技能: q
2025-06-20T09:46:53.370637+0800 - INFO - 第一排技能 - 检查技能: w
2025-06-20T09:46:53.371177+0800 - INFO - 弓箭手-奇美拉 找到可用技能: w
2025-06-20T09:46:53.371177+0800 - INFO - w
2025-06-20T09:46:53.374723+0800 - INFO - 已释放技能列表: ['q', 'w', 'e', 'r', 't']
2025-06-20T09:46:53.374723+0800 - INFO - 第一排技能 - 检查技能: q
2025-06-20T09:46:53.376267+0800 - INFO - 第一排技能 - 检查技能: w
2025-06-20T09:46:53.377267+0800 - INFO - 弓箭手-奇美拉 找到可用技能: w
2025-06-20T09:46:53.377267+0800 - INFO - w
2025-06-20T09:46:53.380765+0800 - INFO - 已释放技能列表: ['q', 'w', 'e', 'r', 't']
2025-06-20T09:46:53.381299+0800 - INFO - 第一排技能 - 检查技能: q
2025-06-20T09:46:53.382325+0800 - INFO - 第一排技能 - 检查技能: w
2025-06-20T09:46:53.382854+0800 - INFO - 弓箭手-奇美拉 找到可用技能: w
2025-06-20T09:46:53.382854+0800 - INFO - w
2025-06-20T09:46:53.386601+0800 - INFO - 已释放技能列表: ['q', 'w', 'e', 'r', 't']
2025-06-20T09:46:53.386601+0800 - INFO - 第一排技能 - 检查技能: q
2025-06-20T09:46:53.387742+0800 - INFO - 第一排技能 - 检查技能: w
2025-06-20T09:46:53.388284+0800 - INFO - 弓箭手-奇美拉 找到可用技能: w
2025-06-20T09:46:53.388841+0800 - INFO - w
2025-06-20T09:46:53.392875+0800 - INFO - 已释放技能列表: ['q', 'w', 'e', 'r', 't']
2025-06-20T09:46:53.393371+0800 - INFO - 第一排技能 - 检查技能: q
2025-06-20T09:46:53.394370+0800 - INFO - 第一排技能 - 检查技能: w
2025-06-20T09:46:53.394869+0800 - INFO - 弓箭手-奇美拉 找到可用技能: w
2025-06-20T09:46:53.394869+0800 - INFO - w
2025-06-20T09:46:53.399688+0800 - INFO - 已释放技能列表: ['q', 'w', 'e', 'r', 't']
2025-06-20T09:46:53.400187+0800 - INFO - 第一排技能 - 检查技能: q
2025-06-20T09:46:53.400187+0800 - INFO - 第一排技能 - 检查技能: w
2025-06-20T09:46:53.401191+0800 - INFO - 弓箭手-奇美拉 找到可用技能: w
2025-06-20T09:46:53.401191+0800 - INFO - w
2025-06-20T09:46:53.405784+0800 - INFO - 已释放技能列表: ['q', 'w', 'e', 'r', 't']
2025-06-20T09:46:53.405784+0800 - INFO - 第一排技能 - 检查技能: q
2025-06-20T09:46:53.407394+0800 - INFO - 第一排技能 - 检查技能: w
2025-06-20T09:46:53.408395+0800 - INFO - 弓箭手-奇美拉 找到可用技能: w
2025-06-20T09:46:53.408395+0800 - INFO - w
2025-06-20T09:46:53.412949+0800 - INFO - 已释放技能列表: ['q', 'w', 'e', 'r', 't']
2025-06-20T09:46:53.413947+0800 - INFO - 第一排技能 - 检查技能: q
2025-06-20T09:46:53.414945+0800 - INFO - 第一排技能 - 检查技能: w
2025-06-20T09:46:53.414945+0800 - INFO - 弓箭手-奇美拉 找到可用技能: w
2025-06-20T09:46:53.415949+0800 - INFO - w
2025-06-20T09:46:53.421625+0800 - INFO - 已释放技能列表: ['q', 'w', 'e', 'r', 't']
2025-06-20T09:46:53.421625+0800 - INFO - 第一排技能 - 检查技能: q
2025-06-20T09:46:53.422167+0800 - INFO - 第一排技能 - 检查技能: w
2025-06-20T09:46:53.423729+0800 - INFO - 弓箭手-奇美拉 找到可用技能: w
2025-06-20T09:46:53.423729+0800 - INFO - w
2025-06-20T09:46:53.427856+0800 - INFO - 已释放技能列表: ['q', 'w', 'e', 'r', 't']
2025-06-20T09:46:53.428853+0800 - INFO - 第一排技能 - 检查技能: q
2025-06-20T09:46:53.429850+0800 - INFO - 第一排技能 - 检查技能: w
2025-06-20T09:46:53.430351+0800 - INFO - 弓箭手-奇美拉 找到可用技能: w
2025-06-20T09:46:53.430851+0800 - INFO - w
2025-06-20T09:46:53.434901+0800 - INFO - 已释放技能列表: ['q', 'w', 'e', 'r', 't']
2025-06-20T09:46:53.434901+0800 - INFO - 第一排技能 - 检查技能: q
2025-06-20T09:46:53.435906+0800 - INFO - 第一排技能 - 检查技能: w
2025-06-20T09:46:53.436440+0800 - INFO - 弓箭手-奇美拉 找到可用技能: w
2025-06-20T09:46:53.436941+0800 - INFO - w
2025-06-20T09:46:53.440843+0800 - INFO - 已释放技能列表: ['q', 'w', 'e', 'r', 't']
2025-06-20T09:46:53.440843+0800 - INFO - 第一排技能 - 检查技能: q
2025-06-20T09:46:53.441847+0800 - INFO - 第一排技能 - 检查技能: w
2025-06-20T09:46:53.442877+0800 - INFO - 弓箭手-奇美拉 找到可用技能: w
2025-06-20T09:46:53.443406+0800 - INFO - w
2025-06-20T09:46:53.446492+0800 - INFO - 已释放技能列表: ['q', 'w', 'e', 'r', 't']
2025-06-20T09:46:53.447498+0800 - INFO - 第一排技能 - 检查技能: q
2025-06-20T09:46:53.448542+0800 - INFO - 第一排技能 - 检查技能: w
2025-06-20T09:46:53.449045+0800 - INFO - 弓箭手-奇美拉 找到可用技能: w
2025-06-20T09:46:53.449541+0800 - INFO - w
2025-06-20T09:46:53.454032+0800 - INFO - 已释放技能列表: ['q', 'w', 'e', 'r', 't']
2025-06-20T09:46:53.454531+0800 - INFO - 第一排技能 - 检查技能: q
2025-06-20T09:46:53.455030+0800 - INFO - 第一排技能 - 检查技能: w
2025-06-20T09:46:53.455030+0800 - INFO - 弓箭手-奇美拉 找到可用技能: w
2025-06-20T09:46:53.456035+0800 - INFO - w
2025-06-20T09:46:53.460186+0800 - INFO - 已释放技能列表: ['q', 'w', 'e', 'r', 't']
2025-06-20T09:46:53.461184+0800 - INFO - 第一排技能 - 检查技能: q
2025-06-20T09:46:53.461184+0800 - INFO - 第一排技能 - 检查技能: w
2025-06-20T09:46:53.462271+0800 - INFO - 弓箭手-奇美拉 找到可用技能: w
2025-06-20T09:46:53.462773+0800 - INFO - w
2025-06-20T09:46:53.466343+0800 - INFO - 已释放技能列表: ['q', 'w', 'e', 'r', 't']
2025-06-20T09:46:53.466841+0800 - INFO - 第一排技能 - 检查技能: q
2025-06-20T09:46:53.467845+0800 - INFO - 第一排技能 - 检查技能: w
2025-06-20T09:46:53.468454+0800 - INFO - 弓箭手-奇美拉 找到可用技能: w
2025-06-20T09:46:53.468454+0800 - INFO - w
2025-06-20T09:46:53.473075+0800 - INFO - 已释放技能列表: ['q', 'w', 'e', 'r', 't']
2025-06-20T09:46:53.473573+0800 - INFO - 第一排技能 - 检查技能: q
2025-06-20T09:46:53.474571+0800 - INFO - 第一排技能 - 检查技能: w
2025-06-20T09:46:53.475069+0800 - INFO - 弓箭手-奇美拉 找到可用技能: w
2025-06-20T09:46:53.475069+0800 - INFO - w
2025-06-20T09:46:53.479622+0800 - INFO - 已释放技能列表: ['q', 'w', 'e', 'r', 't']
2025-06-20T09:46:53.480121+0800 - INFO - 第一排技能 - 检查技能: q
2025-06-20T09:46:53.481118+0800 - INFO - 第一排技能 - 检查技能: w
2025-06-20T09:46:53.481616+0800 - INFO - 弓箭手-奇美拉 找到可用技能: w
2025-06-20T09:46:53.481616+0800 - INFO - w
2025-06-20T09:46:53.486832+0800 - INFO - 已释放技能列表: ['q', 'w', 'e', 'r', 't']
2025-06-20T09:46:53.487330+0800 - INFO - 第一排技能 - 检查技能: q
2025-06-20T09:46:53.488335+0800 - INFO - 第一排技能 - 检查技能: w
2025-06-20T09:46:53.489468+0800 - INFO - 弓箭手-奇美拉 找到可用技能: w
2025-06-20T09:46:53.489468+0800 - INFO - w
2025-06-20T09:46:53.495068+0800 - INFO - 已释放技能列表: ['q', 'w', 'e', 'r', 't']
2025-06-20T09:46:53.495068+0800 - INFO - 第一排技能 - 检查技能: q
2025-06-20T09:46:53.496619+0800 - INFO - 第一排技能 - 检查技能: w
2025-06-20T09:46:53.497617+0800 - INFO - 弓箭手-奇美拉 找到可用技能: w
2025-06-20T09:46:53.497617+0800 - INFO - w
2025-06-20T09:46:53.502118+0800 - INFO - 已释放技能列表: ['q', 'w', 'e', 'r', 't']
2025-06-20T09:46:53.503160+0800 - INFO - 第一排技能 - 检查技能: q
2025-06-20T09:46:53.503696+0800 - INFO - 第一排技能 - 检查技能: w
2025-06-20T09:46:53.504775+0800 - INFO - 弓箭手-奇美拉 找到可用技能: w
2025-06-20T09:46:53.504775+0800 - INFO - w
2025-06-20T09:46:53.509940+0800 - INFO - 已释放技能列表: ['q', 'w', 'e', 'r', 't']
2025-06-20T09:46:53.510440+0800 - INFO - 第一排技能 - 检查技能: q
2025-06-20T09:46:53.511438+0800 - INFO - 第一排技能 - 检查技能: w
2025-06-20T09:46:53.511937+0800 - INFO - 弓箭手-奇美拉 找到可用技能: w
2025-06-20T09:46:53.512438+0800 - INFO - w
2025-06-20T09:46:53.516022+0800 - INFO - 已释放技能列表: ['q', 'w', 'e', 'r', 't']
2025-06-20T09:46:53.516022+0800 - INFO - 第一排技能 - 检查技能: q
2025-06-20T09:46:53.517028+0800 - INFO - 第一排技能 - 检查技能: w
2025-06-20T09:46:53.518076+0800 - INFO - 弓箭手-奇美拉 找到可用技能: w
2025-06-20T09:46:53.518616+0800 - INFO - w
2025-06-20T09:46:53.521700+0800 - INFO - 已释放技能列表: ['q', 'w', 'e', 'r', 't']
2025-06-20T09:46:53.522702+0800 - INFO - 第一排技能 - 检查技能: q
2025-06-20T09:46:53.523224+0800 - INFO - 第一排技能 - 检查技能: w
2025-06-20T09:46:53.524239+0800 - INFO - 弓箭手-奇美拉 找到可用技能: w
2025-06-20T09:46:53.524239+0800 - INFO - w
2025-06-20T09:46:53.528304+0800 - INFO - 已释放技能列表: ['q', 'w', 'e', 'r', 't']
2025-06-20T09:46:53.528304+0800 - INFO - 第一排技能 - 检查技能: q
2025-06-20T09:46:53.528799+0800 - INFO - 第一排技能 - 检查技能: w
2025-06-20T09:46:53.530436+0800 - INFO - 弓箭手-奇美拉 找到可用技能: w
2025-06-20T09:46:53.530937+0800 - INFO - w
2025-06-20T09:46:53.535982+0800 - INFO - 已释放技能列表: ['q', 'w', 'e', 'r', 't']
2025-06-20T09:46:53.535982+0800 - INFO - 第一排技能 - 检查技能: q
2025-06-20T09:46:53.537025+0800 - INFO - 第一排技能 - 检查技能: w
2025-06-20T09:46:53.538026+0800 - INFO - 弓箭手-奇美拉 找到可用技能: w
2025-06-20T09:46:53.538026+0800 - INFO - w
2025-06-20T09:46:53.542518+0800 - INFO - 已释放技能列表: ['q', 'w', 'e', 'r', 't']
2025-06-20T09:46:53.543521+0800 - INFO - 第一排技能 - 检查技能: q
2025-06-20T09:46:53.544044+0800 - INFO - 第一排技能 - 检查技能: w
2025-06-20T09:46:53.545050+0800 - INFO - 弓箭手-奇美拉 找到可用技能: w
2025-06-20T09:46:53.545609+0800 - INFO - w
2025-06-20T09:46:53.549662+0800 - INFO - 已释放技能列表: ['q', 'w', 'e', 'r', 't']
2025-06-20T09:46:53.549662+0800 - INFO - 第一排技能 - 检查技能: q
2025-06-20T09:46:53.551276+0800 - INFO - 第一排技能 - 检查技能: w
2025-06-20T09:46:53.552275+0800 - INFO - 弓箭手-奇美拉 找到可用技能: w
2025-06-20T09:46:53.552275+0800 - INFO - w
2025-06-20T09:46:53.556307+0800 - INFO - 已释放技能列表: ['q', 'w', 'e', 'r', 't']
2025-06-20T09:46:53.556806+0800 - INFO - 第一排技能 - 检查技能: q
2025-06-20T09:46:53.557805+0800 - INFO - 第一排技能 - 检查技能: w
2025-06-20T09:46:53.558304+0800 - INFO - 弓箭手-奇美拉 找到可用技能: w
2025-06-20T09:46:53.558803+0800 - INFO - w
2025-06-20T09:46:53.561852+0800 - INFO - 已释放技能列表: ['q', 'w', 'e', 'r', 't']
2025-06-20T09:46:53.562935+0800 - INFO - 第一排技能 - 检查技能: q
2025-06-20T09:46:53.563940+0800 - INFO - 第一排技能 - 检查技能: w
2025-06-20T09:46:53.564464+0800 - INFO - 弓箭手-奇美拉 找到可用技能: w
2025-06-20T09:46:53.564464+0800 - INFO - w
2025-06-20T09:46:53.568516+0800 - INFO - 已释放技能列表: ['q', 'w', 'e', 'r', 't']
2025-06-20T09:46:53.569069+0800 - INFO - 第一排技能 - 检查技能: q
2025-06-20T09:46:53.569567+0800 - INFO - 第一排技能 - 检查技能: w
2025-06-20T09:46:53.570570+0800 - INFO - 弓箭手-奇美拉 找到可用技能: w
2025-06-20T09:46:53.570570+0800 - INFO - w
2025-06-20T09:46:53.574705+0800 - INFO - 已释放技能列表: ['q', 'w', 'e', 'r', 't']
2025-06-20T09:46:53.574705+0800 - INFO - 第一排技能 - 检查技能: q
2025-06-20T09:46:53.576259+0800 - INFO - 第一排技能 - 检查技能: w
2025-06-20T09:46:53.576756+0800 - INFO - 弓箭手-奇美拉 找到可用技能: w
2025-06-20T09:46:53.576756+0800 - INFO - w
2025-06-20T09:46:53.581654+0800 - INFO - 已释放技能列表: ['q', 'w', 'e', 'r', 't']
2025-06-20T09:46:53.581654+0800 - INFO - 第一排技能 - 检查技能: q
2025-06-20T09:46:53.582651+0800 - INFO - 第一排技能 - 检查技能: w
2025-06-20T09:46:53.583151+0800 - INFO - 弓箭手-奇美拉 找到可用技能: w
2025-06-20T09:46:53.583151+0800 - INFO - w
2025-06-20T09:46:53.586754+0800 - INFO - 已释放技能列表: ['q', 'w', 'e', 'r', 't']
2025-06-20T09:46:53.587252+0800 - INFO - 第一排技能 - 检查技能: q
2025-06-20T09:46:53.588257+0800 - INFO - 第一排技能 - 检查技能: w
2025-06-20T09:46:53.588790+0800 - INFO - 弓箭手-奇美拉 找到可用技能: w
2025-06-20T09:46:53.588790+0800 - INFO - w
2025-06-20T09:46:53.593411+0800 - INFO - 已释放技能列表: ['q', 'w', 'e', 'r', 't']
2025-06-20T09:46:53.593411+0800 - INFO - 第一排技能 - 检查技能: q
2025-06-20T09:46:53.594409+0800 - INFO - 第一排技能 - 检查技能: w
2025-06-20T09:46:53.594910+0800 - INFO - 弓箭手-奇美拉 找到可用技能: w
2025-06-20T09:46:53.594910+0800 - INFO - w
2025-06-20T09:46:53.599386+0800 - INFO - 已释放技能列表: ['q', 'w', 'e', 'r', 't']
2025-06-20T09:46:53.600388+0800 - INFO - 第一排技能 - 检查技能: q
2025-06-20T09:46:53.600883+0800 - INFO - 第一排技能 - 检查技能: w
2025-06-20T09:46:53.601381+0800 - INFO - 弓箭手-奇美拉 找到可用技能: w
2025-06-20T09:46:53.601381+0800 - INFO - w
2025-06-20T09:46:53.605024+0800 - INFO - 已释放技能列表: ['q', 'w', 'e', 'r', 't']
2025-06-20T09:46:53.606028+0800 - INFO - 第一排技能 - 检查技能: q
2025-06-20T09:46:53.607101+0800 - INFO - 第一排技能 - 检查技能: w
2025-06-20T09:46:53.608103+0800 - INFO - 弓箭手-奇美拉 找到可用技能: w
2025-06-20T09:46:53.608103+0800 - INFO - w
2025-06-20T09:46:53.611655+0800 - INFO - 已释放技能列表: ['q', 'w', 'e', 'r', 't']
2025-06-20T09:46:53.612763+0800 - INFO - 第一排技能 - 检查技能: q
2025-06-20T09:46:53.613767+0800 - INFO - 第一排技能 - 检查技能: w
2025-06-20T09:46:53.614268+0800 - INFO - 弓箭手-奇美拉 找到可用技能: w
2025-06-20T09:46:53.614767+0800 - INFO - w
2025-06-20T09:46:53.617842+0800 - INFO - 已释放技能列表: ['q', 'w', 'e', 'r', 't']
2025-06-20T09:46:53.617842+0800 - INFO - 第一排技能 - 检查技能: q
2025-06-20T09:46:53.618847+0800 - INFO - 第一排技能 - 检查技能: w
2025-06-20T09:46:53.619394+0800 - INFO - 弓箭手-奇美拉 找到可用技能: w
2025-06-20T09:46:53.619893+0800 - INFO - w
2025-06-20T09:46:53.622966+0800 - INFO - 已释放技能列表: ['q', 'w', 'e', 'r', 't']
2025-06-20T09:46:53.623461+0800 - INFO - 第一排技能 - 检查技能: q
2025-06-20T09:46:53.623960+0800 - INFO - 第一排技能 - 检查技能: w
2025-06-20T09:46:53.624964+0800 - INFO - 弓箭手-奇美拉 找到可用技能: w
2025-06-20T09:46:53.624964+0800 - INFO - w
2025-06-20T09:46:53.629083+0800 - INFO - 已释放技能列表: ['q', 'w', 'e', 'r', 't']
2025-06-20T09:46:53.629582+0800 - INFO - 第一排技能 - 检查技能: q
2025-06-20T09:46:53.630584+0800 - INFO - 第一排技能 - 检查技能: w
2025-06-20T09:46:53.631087+0800 - INFO - 弓箭手-奇美拉 找到可用技能: w
2025-06-20T09:46:53.631583+0800 - INFO - w
2025-06-20T09:46:53.634748+0800 - INFO - 已释放技能列表: ['q', 'w', 'e', 'r', 't']
2025-06-20T09:46:53.635753+0800 - INFO - 第一排技能 - 检查技能: q
2025-06-20T09:46:53.635753+0800 - INFO - 第一排技能 - 检查技能: w
2025-06-20T09:46:53.636785+0800 - INFO - 弓箭手-奇美拉 找到可用技能: w
2025-06-20T09:46:53.637323+0800 - INFO - w
2025-06-20T09:46:53.641819+0800 - INFO - 已释放技能列表: ['q', 'w', 'e', 'r', 't']
2025-06-20T09:46:53.642318+0800 - INFO - 第一排技能 - 检查技能: q
2025-06-20T09:46:53.643314+0800 - INFO - 第一排技能 - 检查技能: w
2025-06-20T09:46:53.643814+0800 - INFO - 弓箭手-奇美拉 找到可用技能: w
2025-06-20T09:46:53.644313+0800 - INFO - w
2025-06-20T09:46:53.648930+0800 - INFO - 已释放技能列表: ['q', 'w', 'e', 'r', 't']
2025-06-20T09:46:53.648930+0800 - INFO - 第一排技能 - 检查技能: q
2025-06-20T09:46:53.649930+0800 - INFO - 第一排技能 - 检查技能: w
2025-06-20T09:46:53.650428+0800 - INFO - 弓箭手-奇美拉 找到可用技能: w
2025-06-20T09:46:53.650926+0800 - INFO - w
2025-06-20T09:46:53.653921+0800 - INFO - 已释放技能列表: ['q', 'w', 'e', 'r', 't']
2025-06-20T09:46:53.653921+0800 - INFO - 第一排技能 - 检查技能: q
2025-06-20T09:46:53.654927+0800 - INFO - 第一排技能 - 检查技能: w
2025-06-20T09:46:53.655971+0800 - INFO - 弓箭手-奇美拉 找到可用技能: w
2025-06-20T09:46:53.655971+0800 - INFO - w
2025-06-20T09:46:53.660513+0800 - INFO - 已释放技能列表: ['q', 'w', 'e', 'r', 't']
2025-06-20T09:46:53.661011+0800 - INFO - 第一排技能 - 检查技能: q
2025-06-20T09:46:53.662139+0800 - INFO - 第一排技能 - 检查技能: w
2025-06-20T09:46:53.662139+0800 - INFO - 弓箭手-奇美拉 找到可用技能: w
2025-06-20T09:46:53.663147+0800 - INFO - w
2025-06-20T09:46:53.668318+0800 - INFO - 已释放技能列表: ['q', 'w', 'e', 'r', 't']
2025-06-20T09:46:53.668318+0800 - INFO - 第一排技能 - 检查技能: q
2025-06-20T09:46:53.669324+0800 - INFO - 第一排技能 - 检查技能: w
2025-06-20T09:46:53.669860+0800 - INFO - 弓箭手-奇美拉 找到可用技能: w
2025-06-20T09:46:53.670359+0800 - INFO - w
2025-06-20T09:46:53.673981+0800 - INFO - 已释放技能列表: ['q', 'w', 'e', 'r', 't']
2025-06-20T09:46:53.674480+0800 - INFO - 第一排技能 - 检查技能: q
2025-06-20T09:46:53.674980+0800 - INFO - 第一排技能 - 检查技能: w
2025-06-20T09:46:53.675984+0800 - INFO - 弓箭手-奇美拉 找到可用技能: w
2025-06-20T09:46:53.676529+0800 - INFO - w
2025-06-20T09:46:53.680725+0800 - INFO - 已释放技能列表: ['q', 'w', 'e', 'r', 't']
2025-06-20T09:46:53.681224+0800 - INFO - 第一排技能 - 检查技能: q
2025-06-20T09:46:53.681724+0800 - INFO - 第一排技能 - 检查技能: w
2025-06-20T09:46:53.682222+0800 - INFO - 弓箭手-奇美拉 找到可用技能: w
2025-06-20T09:46:53.682722+0800 - INFO - w
2025-06-20T09:46:53.686818+0800 - INFO - 已释放技能列表: ['q', 'w', 'e', 'r', 't']
2025-06-20T09:46:53.687829+0800 - INFO - 第一排技能 - 检查技能: q
2025-06-20T09:46:53.688859+0800 - INFO - 第一排技能 - 检查技能: w
2025-06-20T09:46:53.689359+0800 - INFO - 弓箭手-奇美拉 找到可用技能: w
2025-06-20T09:46:53.689359+0800 - INFO - w
2025-06-20T09:46:53.692351+0800 - INFO - 已释放技能列表: ['q', 'w', 'e', 'r', 't']
2025-06-20T09:46:53.692850+0800 - INFO - 第一排技能 - 检查技能: q
2025-06-20T09:46:53.693848+0800 - INFO - 第一排技能 - 检查技能: w
2025-06-20T09:46:53.694847+0800 - INFO - 弓箭手-奇美拉 找到可用技能: w
2025-06-20T09:46:53.694847+0800 - INFO - w
2025-06-20T09:46:53.698436+0800 - INFO - 已释放技能列表: ['q', 'w', 'e', 'r', 't']
2025-06-20T09:46:53.698436+0800 - INFO - 第一排技能 - 检查技能: q
2025-06-20T09:46:53.699434+0800 - INFO - 第一排技能 - 检查技能: w
2025-06-20T09:46:53.699933+0800 - INFO - 弓箭手-奇美拉 找到可用技能: w
2025-06-20T09:46:53.700432+0800 - INFO - w
2025-06-20T09:46:53.703507+0800 - INFO - 已释放技能列表: ['q', 'w', 'e', 'r', 't']
2025-06-20T09:46:53.704006+0800 - INFO - 第一排技能 - 检查技能: q
2025-06-20T09:46:53.705004+0800 - INFO - 第一排技能 - 检查技能: w
2025-06-20T09:46:53.705004+0800 - INFO - 弓箭手-奇美拉 找到可用技能: w
2025-06-20T09:46:53.705004+0800 - INFO - w
2025-06-20T09:46:53.709620+0800 - INFO - 已释放技能列表: ['q', 'w', 'e', 'r', 't']
2025-06-20T09:46:53.709620+0800 - INFO - 第一排技能 - 检查技能: q
2025-06-20T09:46:53.710622+0800 - INFO - 第一排技能 - 检查技能: w
2025-06-20T09:46:53.711119+0800 - INFO - 弓箭手-奇美拉 找到可用技能: w
2025-06-20T09:46:53.711616+0800 - INFO - w
2025-06-20T09:46:53.714708+0800 - INFO - 已释放技能列表: ['q', 'w', 'e', 'r', 't']
2025-06-20T09:46:53.714708+0800 - INFO - 第一排技能 - 检查技能: q
2025-06-20T09:46:53.715717+0800 - INFO - 第一排技能 - 检查技能: w
2025-06-20T09:46:53.715717+0800 - INFO - 弓箭手-奇美拉 找到可用技能: w
2025-06-20T09:46:53.716749+0800 - INFO - w
2025-06-20T09:46:53.720886+0800 - INFO - 已释放技能列表: ['q', 'w', 'e', 'r', 't']
2025-06-20T09:46:53.721384+0800 - INFO - 第一排技能 - 检查技能: q
2025-06-20T09:46:53.722388+0800 - INFO - 第一排技能 - 检查技能: w
2025-06-20T09:46:53.722388+0800 - INFO - 弓箭手-奇美拉 找到可用技能: w
2025-06-20T09:46:53.722388+0800 - INFO - w
2025-06-20T09:46:53.727026+0800 - INFO - 已释放技能列表: ['q', 'w', 'e', 'r', 't']
2025-06-20T09:46:53.727558+0800 - INFO - 第一排技能 - 检查技能: q
2025-06-20T09:46:53.728566+0800 - INFO - 第一排技能 - 检查技能: w
2025-06-20T09:46:53.729106+0800 - INFO - 弓箭手-奇美拉 找到可用技能: w
2025-06-20T09:46:53.729606+0800 - INFO - w
2025-06-20T09:46:53.732601+0800 - INFO - 已释放技能列表: ['q', 'w', 'e', 'r', 't']
2025-06-20T09:46:53.733605+0800 - INFO - 第一排技能 - 检查技能: q
2025-06-20T09:46:53.734654+0800 - INFO - 第一排技能 - 检查技能: w
2025-06-20T09:46:53.735155+0800 - INFO - 弓箭手-奇美拉 找到可用技能: w
2025-06-20T09:46:53.735155+0800 - INFO - w
2025-06-20T09:46:53.739768+0800 - INFO - 已释放技能列表: ['q', 'w', 'e', 'r', 't']
2025-06-20T09:46:53.740267+0800 - INFO - 第一排技能 - 检查技能: q
2025-06-20T09:46:53.740766+0800 - INFO - 第一排技能 - 检查技能: w
2025-06-20T09:46:53.741265+0800 - INFO - 弓箭手-奇美拉 找到可用技能: w
2025-06-20T09:46:53.741760+0800 - INFO - w
2025-06-20T09:46:53.744754+0800 - INFO - 已释放技能列表: ['q', 'w', 'e', 'r', 't']
2025-06-20T09:46:53.745874+0800 - INFO - 第一排技能 - 检查技能: q
2025-06-20T09:46:53.746379+0800 - INFO - 第一排技能 - 检查技能: w
2025-06-20T09:46:53.747389+0800 - INFO - 弓箭手-奇美拉 找到可用技能: w
2025-06-20T09:46:53.747389+0800 - INFO - w
2025-06-20T09:46:53.750459+0800 - INFO - 已释放技能列表: ['q', 'w', 'e', 'r', 't']
2025-06-20T09:46:53.750958+0800 - INFO - 第一排技能 - 检查技能: q
2025-06-20T09:46:53.751957+0800 - INFO - 第一排技能 - 检查技能: w
2025-06-20T09:46:53.752457+0800 - INFO - 弓箭手-奇美拉 找到可用技能: w
2025-06-20T09:46:53.752457+0800 - INFO - w
2025-06-20T09:46:53.756034+0800 - INFO - 已释放技能列表: ['q', 'w', 'e', 'r', 't']
2025-06-20T09:46:53.756536+0800 - INFO - 第一排技能 - 检查技能: q
2025-06-20T09:46:53.757540+0800 - INFO - 第一排技能 - 检查技能: w
2025-06-20T09:46:53.758080+0800 - INFO - 弓箭手-奇美拉 找到可用技能: w
2025-06-20T09:46:53.758579+0800 - INFO - w
2025-06-20T09:46:53.761573+0800 - INFO - 已释放技能列表: ['q', 'w', 'e', 'r', 't']
2025-06-20T09:46:53.762072+0800 - INFO - 第一排技能 - 检查技能: q
2025-06-20T09:46:53.762072+0800 - INFO - 第一排技能 - 检查技能: w
2025-06-20T09:46:53.763077+0800 - INFO - 弓箭手-奇美拉 找到可用技能: w
2025-06-20T09:46:53.763077+0800 - INFO - w
2025-06-20T09:46:53.766758+0800 - INFO - 已释放技能列表: ['q', 'w', 'e', 'r', 't']
2025-06-20T09:46:53.766758+0800 - INFO - 第一排技能 - 检查技能: q
2025-06-20T09:46:53.767764+0800 - INFO - 第一排技能 - 检查技能: w
2025-06-20T09:46:53.768291+0800 - INFO - 弓箭手-奇美拉 找到可用技能: w
2025-06-20T09:46:53.768291+0800 - INFO - w
2025-06-20T09:46:53.772445+0800 - INFO - 已释放技能列表: ['q', 'w', 'e', 'r', 't']
2025-06-20T09:46:53.772964+0800 - INFO - 第一排技能 - 检查技能: q
2025-06-20T09:46:53.773463+0800 - INFO - 第一排技能 - 检查技能: w
2025-06-20T09:46:53.774467+0800 - INFO - 弓箭手-奇美拉 找到可用技能: w
2025-06-20T09:46:53.775009+0800 - INFO - w
2025-06-20T09:46:53.778601+0800 - INFO - 已释放技能列表: ['q', 'w', 'e', 'r', 't']
2025-06-20T09:46:53.779100+0800 - INFO - 第一排技能 - 检查技能: q
2025-06-20T09:46:53.780098+0800 - INFO - 第一排技能 - 检查技能: w
2025-06-20T09:46:53.780597+0800 - INFO - 弓箭手-奇美拉 找到可用技能: w
2025-06-20T09:46:53.781096+0800 - INFO - w
2025-06-20T09:46:53.784091+0800 - INFO - 已释放技能列表: ['q', 'w', 'e', 'r', 't']
2025-06-20T09:46:53.784593+0800 - INFO - 第一排技能 - 检查技能: q
2025-06-20T09:46:53.785089+0800 - INFO - 第一排技能 - 检查技能: w
2025-06-20T09:46:53.785089+0800 - INFO - 弓箭手-奇美拉 找到可用技能: w
2025-06-20T09:46:53.786093+0800 - INFO - w
2025-06-20T09:46:53.788684+0800 - INFO - 已释放技能列表: ['q', 'w', 'e', 'r', 't']
2025-06-20T09:46:53.789690+0800 - INFO - 第一排技能 - 检查技能: q
2025-06-20T09:46:53.790730+0800 - INFO - 第一排技能 - 检查技能: w
2025-06-20T09:46:53.791228+0800 - INFO - 弓箭手-奇美拉 找到可用技能: w
2025-06-20T09:46:53.791729+0800 - INFO - w
2025-06-20T09:46:53.795731+0800 - INFO - 已释放技能列表: ['q', 'w', 'e', 'r', 't']
2025-06-20T09:46:53.796265+0800 - INFO - 第一排技能 - 检查技能: q
2025-06-20T09:46:53.797263+0800 - INFO - 第一排技能 - 检查技能: w
2025-06-20T09:46:53.797763+0800 - INFO - 弓箭手-奇美拉 找到可用技能: w
2025-06-20T09:46:53.797763+0800 - INFO - w
2025-06-20T09:46:53.801318+0800 - INFO - 已释放技能列表: ['q', 'w', 'e', 'r', 't']
2025-06-20T09:46:53.801318+0800 - INFO - 第一排技能 - 检查技能: q
2025-06-20T09:46:53.802888+0800 - INFO - 第一排技能 - 检查技能: w
2025-06-20T09:46:53.803385+0800 - INFO - 弓箭手-奇美拉 找到可用技能: w
2025-06-20T09:46:53.803887+0800 - INFO - w
2025-06-20T09:46:53.807428+0800 - INFO - 已释放技能列表: ['q', 'w', 'e', 'r', 't']
2025-06-20T09:46:53.807428+0800 - INFO - 第一排技能 - 检查技能: q
2025-06-20T09:46:53.808435+0800 - INFO - 第一排技能 - 检查技能: w
2025-06-20T09:46:53.808970+0800 - INFO - 弓箭手-奇美拉 找到可用技能: w
2025-06-20T09:46:53.808970+0800 - INFO - w
2025-06-20T09:46:53.813498+0800 - INFO - 已释放技能列表: ['q', 'w', 'e', 'r', 't']
2025-06-20T09:46:53.813997+0800 - INFO - 第一排技能 - 检查技能: q
2025-06-20T09:46:53.815068+0800 - INFO - 第一排技能 - 检查技能: w
2025-06-20T09:46:53.815068+0800 - INFO - 弓箭手-奇美拉 找到可用技能: w
2025-06-20T09:46:53.815068+0800 - INFO - w
2025-06-20T09:46:53.819690+0800 - INFO - 已释放技能列表: ['q', 'w', 'e', 'r', 't']
2025-06-20T09:46:53.819690+0800 - INFO - 第一排技能 - 检查技能: q
2025-06-20T09:46:53.820700+0800 - INFO - 第一排技能 - 检查技能: w
2025-06-20T09:46:53.821233+0800 - INFO - 弓箭手-奇美拉 找到可用技能: w
2025-06-20T09:46:53.821233+0800 - INFO - w
2025-06-20T09:46:53.824252+0800 - INFO - 已释放技能列表: ['q', 'w', 'e', 'r', 't']
2025-06-20T09:46:53.825257+0800 - INFO - 第一排技能 - 检查技能: q
2025-06-20T09:46:53.826305+0800 - INFO - 第一排技能 - 检查技能: w
2025-06-20T09:46:53.827303+0800 - INFO - 弓箭手-奇美拉 找到可用技能: w
2025-06-20T09:46:53.827303+0800 - INFO - w
2025-06-20T09:46:53.831372+0800 - INFO - 已释放技能列表: ['q', 'w', 'e', 'r', 't']
2025-06-20T09:46:53.831872+0800 - INFO - 第一排技能 - 检查技能: q
2025-06-20T09:46:53.832871+0800 - INFO - 第一排技能 - 检查技能: w
2025-06-20T09:46:53.833374+0800 - INFO - 弓箭手-奇美拉 找到可用技能: w
2025-06-20T09:46:53.833875+0800 - INFO - w
2025-06-20T09:46:53.836416+0800 - INFO - 已释放技能列表: ['q', 'w', 'e', 'r', 't']
2025-06-20T09:46:53.836909+0800 - INFO - 第一排技能 - 检查技能: q
2025-06-20T09:46:53.837413+0800 - INFO - 第一排技能 - 检查技能: w
2025-06-20T09:46:53.837910+0800 - INFO - 弓箭手-奇美拉 找到可用技能: w
2025-06-20T09:46:53.838408+0800 - INFO - w
2025-06-20T09:46:53.842484+0800 - INFO - 已释放技能列表: ['q', 'w', 'e', 'r', 't']
2025-06-20T09:46:53.842484+0800 - INFO - 第一排技能 - 检查技能: q
2025-06-20T09:46:53.843481+0800 - INFO - 第一排技能 - 检查技能: w
2025-06-20T09:46:53.843980+0800 - INFO - 弓箭手-奇美拉 找到可用技能: w
2025-06-20T09:46:53.844481+0800 - INFO - w
2025-06-20T09:46:53.848017+0800 - INFO - 已释放技能列表: ['q', 'w', 'e', 'r', 't']
2025-06-20T09:46:53.849575+0800 - INFO - 第一排技能 - 检查技能: q
2025-06-20T09:46:53.849575+0800 - INFO - 第一排技能 - 检查技能: w
2025-06-20T09:46:53.851115+0800 - INFO - 弓箭手-奇美拉 找到可用技能: w
2025-06-20T09:46:53.851115+0800 - INFO - w
2025-06-20T09:46:53.854109+0800 - INFO - 已释放技能列表: ['q', 'w', 'e', 'r', 't']
2025-06-20T09:46:53.854608+0800 - INFO - 第一排技能 - 检查技能: q
2025-06-20T09:46:53.855107+0800 - INFO - 第一排技能 - 检查技能: w
2025-06-20T09:46:53.855107+0800 - INFO - 弓箭手-奇美拉 找到可用技能: w
2025-06-20T09:46:53.856114+0800 - INFO - w
2025-06-20T09:46:53.859638+0800 - INFO - 已释放技能列表: ['q', 'w', 'e', 'r', 't']
2025-06-20T09:46:53.859638+0800 - INFO - 第一排技能 - 检查技能: q
2025-06-20T09:46:53.860641+0800 - INFO - 第一排技能 - 检查技能: w
2025-06-20T09:46:53.861183+0800 - INFO - 弓箭手-奇美拉 找到可用技能: w
2025-06-20T09:46:53.861683+0800 - INFO - w
2025-06-20T09:46:53.864716+0800 - INFO - 已释放技能列表: ['q', 'w', 'e', 'r', 't']
2025-06-20T09:46:53.865723+0800 - INFO - 第一排技能 - 检查技能: q
2025-06-20T09:46:53.866254+0800 - INFO - 第一排技能 - 检查技能: w
2025-06-20T09:46:53.866752+0800 - INFO - 弓箭手-奇美拉 找到可用技能: w
2025-06-20T09:46:53.867251+0800 - INFO - w
2025-06-20T09:46:53.869785+0800 - INFO - 已释放技能列表: ['q', 'w', 'e', 'r', 't']
2025-06-20T09:46:53.870790+0800 - INFO - 第一排技能 - 检查技能: q
2025-06-20T09:46:53.870790+0800 - INFO - 第一排技能 - 检查技能: w
2025-06-20T09:46:53.872401+0800 - INFO - 弓箭手-奇美拉 找到可用技能: w
2025-06-20T09:46:53.872401+0800 - INFO - w
2025-06-20T09:46:53.876459+0800 - INFO - 已释放技能列表: ['q', 'w', 'e', 'r', 't']
2025-06-20T09:46:53.876957+0800 - INFO - 第一排技能 - 检查技能: q
2025-06-20T09:46:53.877459+0800 - INFO - 第一排技能 - 检查技能: w
2025-06-20T09:46:53.878458+0800 - INFO - 弓箭手-奇美拉 找到可用技能: w
2025-06-20T09:46:53.878458+0800 - INFO - w
2025-06-20T09:46:53.882477+0800 - INFO - 已释放技能列表: ['q', 'w', 'e', 'r', 't']
2025-06-20T09:46:53.883475+0800 - INFO - 第一排技能 - 检查技能: q
2025-06-20T09:46:53.883974+0800 - INFO - 第一排技能 - 检查技能: w
2025-06-20T09:46:53.884973+0800 - INFO - 弓箭手-奇美拉 找到可用技能: w
2025-06-20T09:46:53.884973+0800 - INFO - w
2025-06-20T09:46:53.889563+0800 - INFO - 已释放技能列表: ['q', 'w', 'e', 'r', 't']
2025-06-20T09:46:53.890086+0800 - INFO - 第一排技能 - 检查技能: q
2025-06-20T09:46:53.890086+0800 - INFO - 第一排技能 - 检查技能: w
2025-06-20T09:46:53.891626+0800 - INFO - 弓箭手-奇美拉 找到可用技能: w
2025-06-20T09:46:53.891626+0800 - INFO - w
2025-06-20T09:46:53.895116+0800 - INFO - 已释放技能列表: ['q', 'w', 'e', 'r', 't']
2025-06-20T09:46:53.896121+0800 - INFO - 第一排技能 - 检查技能: q
2025-06-20T09:46:53.896744+0800 - INFO - 第一排技能 - 检查技能: w
2025-06-20T09:46:53.897746+0800 - INFO - 弓箭手-奇美拉 找到可用技能: w
2025-06-20T09:46:53.897746+0800 - INFO - w
2025-06-20T09:46:53.900244+0800 - INFO - 已释放技能列表: ['q', 'w', 'e', 'r', 't']
2025-06-20T09:46:53.901251+0800 - INFO - 第一排技能 - 检查技能: q
2025-06-20T09:46:53.901791+0800 - INFO - 第一排技能 - 检查技能: w
2025-06-20T09:46:53.902864+0800 - INFO - 弓箭手-奇美拉 找到可用技能: w
2025-06-20T09:46:53.902864+0800 - INFO - w
2025-06-20T09:46:53.906404+0800 - INFO - 已释放技能列表: ['q', 'w', 'e', 'r', 't']
2025-06-20T09:46:53.906404+0800 - INFO - 第一排技能 - 检查技能: q
2025-06-20T09:46:53.907402+0800 - INFO - 第一排技能 - 检查技能: w
2025-06-20T09:46:53.907901+0800 - INFO - 弓箭手-奇美拉 找到可用技能: w
2025-06-20T09:46:53.908400+0800 - INFO - w
2025-06-20T09:46:53.910468+0800 - INFO - 已释放技能列表: ['q', 'w', 'e', 'r', 't']
2025-06-20T09:46:53.911526+0800 - INFO - 第一排技能 - 检查技能: q
2025-06-20T09:46:53.912561+0800 - INFO - 第一排技能 - 检查技能: w
2025-06-20T09:46:53.913060+0800 - INFO - 弓箭手-奇美拉 找到可用技能: w
2025-06-20T09:46:53.913559+0800 - INFO - w
2025-06-20T09:46:53.916593+0800 - INFO - 已释放技能列表: ['q', 'w', 'e', 'r', 't']
2025-06-20T09:46:53.916593+0800 - INFO - 第一排技能 - 检查技能: q
2025-06-20T09:46:53.917621+0800 - INFO - 第一排技能 - 检查技能: w
2025-06-20T09:46:53.917621+0800 - INFO - 弓箭手-奇美拉 找到可用技能: w
2025-06-20T09:46:53.917621+0800 - INFO - w
2025-06-20T09:46:53.922795+0800 - INFO - 已释放技能列表: ['q', 'w', 'e', 'r', 't']
2025-06-20T09:46:53.923294+0800 - INFO - 第一排技能 - 检查技能: q
2025-06-20T09:46:53.923794+0800 - INFO - 第一排技能 - 检查技能: w
2025-06-20T09:46:53.924791+0800 - INFO - 弓箭手-奇美拉 找到可用技能: w
2025-06-20T09:46:53.924791+0800 - INFO - w
2025-06-20T09:46:53.928349+0800 - INFO - 已释放技能列表: ['q', 'w', 'e', 'r', 't']
2025-06-20T09:46:53.928848+0800 - INFO - 第一排技能 - 检查技能: q
2025-06-20T09:46:53.929347+0800 - INFO - 第一排技能 - 检查技能: w
2025-06-20T09:46:53.930351+0800 - INFO - 弓箭手-奇美拉 找到可用技能: w
2025-06-20T09:46:53.930351+0800 - INFO - w
2025-06-20T09:46:53.934926+0800 - INFO - 已释放技能列表: ['q', 'w', 'e', 'r', 't']
2025-06-20T09:46:53.934926+0800 - INFO - 第一排技能 - 检查技能: q
2025-06-20T09:46:53.936518+0800 - INFO - 第一排技能 - 检查技能: w
2025-06-20T09:46:53.937017+0800 - INFO - 弓箭手-奇美拉 找到可用技能: w
2025-06-20T09:46:53.937017+0800 - INFO - w
2025-06-20T09:46:53.941265+0800 - INFO - 已释放技能列表: ['q', 'w', 'e', 'r', 't']
2025-06-20T09:46:53.941265+0800 - INFO - 第一排技能 - 检查技能: q
2025-06-20T09:46:53.942825+0800 - INFO - 第一排技能 - 检查技能: w
2025-06-20T09:46:53.943348+0800 - INFO - 弓箭手-奇美拉 找到可用技能: w
2025-06-20T09:46:53.943847+0800 - INFO - w
2025-06-20T09:46:53.947876+0800 - INFO - 已释放技能列表: ['q', 'w', 'e', 'r', 't']
2025-06-20T09:46:53.948375+0800 - INFO - 第一排技能 - 检查技能: q
2025-06-20T09:46:53.949373+0800 - INFO - 第一排技能 - 检查技能: w
2025-06-20T09:46:53.949871+0800 - INFO - 弓箭手-奇美拉 找到可用技能: w
2025-06-20T09:46:53.949871+0800 - INFO - w
2025-06-20T09:46:53.953494+0800 - INFO - 已释放技能列表: ['q', 'w', 'e', 'r', 't']
2025-06-20T09:46:53.953993+0800 - INFO - 第一排技能 - 检查技能: q
2025-06-20T09:46:53.954995+0800 - INFO - 第一排技能 - 检查技能: w
2025-06-20T09:46:53.954995+0800 - INFO - 弓箭手-奇美拉 找到可用技能: w
2025-06-20T09:46:53.955999+0800 - INFO - w
2025-06-20T09:46:53.959834+0800 - INFO - 已释放技能列表: ['q', 'w', 'e', 'r', 't']
2025-06-20T09:46:53.960335+0800 - INFO - 第一排技能 - 检查技能: q
2025-06-20T09:46:53.961331+0800 - INFO - 第一排技能 - 检查技能: w
2025-06-20T09:46:53.961835+0800 - INFO - 弓箭手-奇美拉 找到可用技能: w
2025-06-20T09:46:53.961835+0800 - INFO - w
2025-06-20T09:46:53.965935+0800 - INFO - 已释放技能列表: ['q', 'w', 'e', 'r', 't']
2025-06-20T09:46:53.966466+0800 - INFO - 第一排技能 - 检查技能: q
2025-06-20T09:46:53.966970+0800 - INFO - 第一排技能 - 检查技能: w
2025-06-20T09:46:53.967979+0800 - INFO - 弓箭手-奇美拉 找到可用技能: w
2025-06-20T09:46:53.967979+0800 - INFO - w
2025-06-20T09:46:53.972616+0800 - INFO - 已释放技能列表: ['q', 'w', 'e', 'r', 't']
2025-06-20T09:46:53.972616+0800 - INFO - 第一排技能 - 检查技能: q
2025-06-20T09:46:53.973644+0800 - INFO - 第一排技能 - 检查技能: w
2025-06-20T09:46:53.974143+0800 - INFO - 弓箭手-奇美拉 找到可用技能: w
2025-06-20T09:46:53.974643+0800 - INFO - w
2025-06-20T09:46:53.978718+0800 - INFO - 已释放技能列表: ['q', 'w', 'e', 'r', 't']
2025-06-20T09:46:53.979716+0800 - INFO - 第一排技能 - 检查技能: q
2025-06-20T09:46:53.980215+0800 - INFO - 第一排技能 - 检查技能: w
2025-06-20T09:46:53.980713+0800 - INFO - 弓箭手-奇美拉 找到可用技能: w
2025-06-20T09:46:53.981212+0800 - INFO - w
2025-06-20T09:46:53.983712+0800 - INFO - 已释放技能列表: ['q', 'w', 'e', 'r', 't']
2025-06-20T09:46:53.984721+0800 - INFO - 第一排技能 - 检查技能: q
2025-06-20T09:46:53.985768+0800 - INFO - 第一排技能 - 检查技能: w
2025-06-20T09:46:53.986292+0800 - INFO - 弓箭手-奇美拉 找到可用技能: w
2025-06-20T09:46:53.986292+0800 - INFO - w
2025-06-20T09:46:53.990363+0800 - INFO - 已释放技能列表: ['q', 'w', 'e', 'r', 't']
2025-06-20T09:46:53.990363+0800 - INFO - 第一排技能 - 检查技能: q
2025-06-20T09:46:53.991367+0800 - INFO - 第一排技能 - 检查技能: w
2025-06-20T09:46:53.991906+0800 - INFO - 弓箭手-奇美拉 找到可用技能: w
2025-06-20T09:46:53.991906+0800 - INFO - w
2025-06-20T09:46:53.995996+0800 - INFO - 已释放技能列表: ['q', 'w', 'e', 'r', 't']
2025-06-20T09:46:53.996536+0800 - INFO - 第一排技能 - 检查技能: q
2025-06-20T09:46:53.997535+0800 - INFO - 第一排技能 - 检查技能: w
2025-06-20T09:46:53.998534+0800 - INFO - 弓箭手-奇美拉 找到可用技能: w
2025-06-20T09:46:53.998534+0800 - INFO - w
2025-06-20T09:46:54.002534+0800 - INFO - 已释放技能列表: ['q', 'w', 'e', 'r', 't']
2025-06-20T09:46:54.002534+0800 - INFO - 第一排技能 - 检查技能: q
2025-06-20T09:46:54.003580+0800 - INFO - 第一排技能 - 检查技能: w
2025-06-20T09:46:54.004121+0800 - INFO - 弓箭手-奇美拉 找到可用技能: w
2025-06-20T09:46:54.004121+0800 - INFO - w
2025-06-20T09:46:54.008438+0800 - INFO - 已释放技能列表: ['q', 'w', 'e', 'r', 't']
2025-06-20T09:46:54.008936+0800 - INFO - 第一排技能 - 检查技能: q
2025-06-20T09:46:54.009939+0800 - INFO - 第一排技能 - 检查技能: w
2025-06-20T09:46:54.010438+0800 - INFO - 弓箭手-奇美拉 找到可用技能: w
2025-06-20T09:46:54.010438+0800 - INFO - w
2025-06-20T09:46:54.014649+0800 - INFO - 已释放技能列表: ['q', 'w', 'e', 'r', 't']
2025-06-20T09:46:54.015148+0800 - INFO - 第一排技能 - 检查技能: q
2025-06-20T09:46:54.016151+0800 - INFO - 第一排技能 - 检查技能: w
2025-06-20T09:46:54.016699+0800 - INFO - 弓箭手-奇美拉 找到可用技能: w
2025-06-20T09:46:54.017198+0800 - INFO - w
2025-06-20T09:46:54.020243+0800 - INFO - 已释放技能列表: ['q', 'w', 'e', 'r', 't']
2025-06-20T09:46:54.020746+0800 - INFO - 第一排技能 - 检查技能: q
2025-06-20T09:46:54.020746+0800 - INFO - 第一排技能 - 检查技能: w
2025-06-20T09:46:54.022350+0800 - INFO - 弓箭手-奇美拉 找到可用技能: w
2025-06-20T09:46:54.022350+0800 - INFO - w
2025-06-20T09:46:54.026383+0800 - INFO - 已释放技能列表: ['q', 'w', 'e', 'r', 't']
2025-06-20T09:46:54.026882+0800 - INFO - 第一排技能 - 检查技能: q
2025-06-20T09:46:54.027881+0800 - INFO - 第一排技能 - 检查技能: w
2025-06-20T09:46:54.027881+0800 - INFO - 弓箭手-奇美拉 找到可用技能: w
2025-06-20T09:46:54.028889+0800 - INFO - w
2025-06-20T09:46:54.032523+0800 - INFO - 已释放技能列表: ['q', 'w', 'e', 'r', 't']
2025-06-20T09:46:54.032523+0800 - INFO - 第一排技能 - 检查技能: q
2025-06-20T09:46:54.034079+0800 - INFO - 第一排技能 - 检查技能: w
2025-06-20T09:46:54.034578+0800 - INFO - 弓箭手-奇美拉 找到可用技能: w
2025-06-20T09:46:54.035077+0800 - INFO - w
2025-06-20T09:46:54.038637+0800 - INFO - 已释放技能列表: ['q', 'w', 'e', 'r', 't']
2025-06-20T09:46:54.039134+0800 - INFO - 第一排技能 - 检查技能: q
2025-06-20T09:46:54.040132+0800 - INFO - 第一排技能 - 检查技能: w
2025-06-20T09:46:54.040631+0800 - INFO - 弓箭手-奇美拉 找到可用技能: w
2025-06-20T09:46:54.040631+0800 - INFO - w
2025-06-20T09:46:54.045193+0800 - INFO - 已释放技能列表: ['q', 'w', 'e', 'r', 't']
2025-06-20T09:46:54.045193+0800 - INFO - 第一排技能 - 检查技能: q
2025-06-20T09:46:54.046207+0800 - INFO - 第一排技能 - 检查技能: w
2025-06-20T09:46:54.047260+0800 - INFO - 弓箭手-奇美拉 找到可用技能: w
2025-06-20T09:46:54.047260+0800 - INFO - w
2025-06-20T09:46:54.051261+0800 - INFO - 已释放技能列表: ['q', 'w', 'e', 'r', 't']
2025-06-20T09:46:54.052342+0800 - INFO - 第一排技能 - 检查技能: q
2025-06-20T09:46:54.052850+0800 - INFO - 第一排技能 - 检查技能: w
2025-06-20T09:46:54.052850+0800 - INFO - 弓箭手-奇美拉 找到可用技能: w
2025-06-20T09:46:54.053858+0800 - INFO - w
2025-06-20T09:46:54.056959+0800 - INFO - 已释放技能列表: ['q', 'w', 'e', 'r', 't']
2025-06-20T09:46:54.057833+0800 - INFO - 第一排技能 - 检查技能: q
2025-06-20T09:46:54.058829+0800 - INFO - 第一排技能 - 检查技能: w
2025-06-20T09:46:54.059328+0800 - INFO - 弓箭手-奇美拉 找到可用技能: w
2025-06-20T09:46:54.059328+0800 - INFO - w
2025-06-20T09:46:54.063325+0800 - INFO - 已释放技能列表: ['q', 'w', 'e', 'r', 't']
2025-06-20T09:46:54.063325+0800 - INFO - 第一排技能 - 检查技能: q
2025-06-20T09:46:54.064901+0800 - INFO - 第一排技能 - 检查技能: w
2025-06-20T09:46:54.065906+0800 - INFO - 弓箭手-奇美拉 找到可用技能: w
2025-06-20T09:46:54.065906+0800 - INFO - w
2025-06-20T09:46:54.069477+0800 - INFO - 已释放技能列表: ['q', 'w', 'e', 'r', 't']
2025-06-20T09:46:54.070016+0800 - INFO - 第一排技能 - 检查技能: q
2025-06-20T09:46:54.070514+0800 - INFO - 第一排技能 - 检查技能: w
2025-06-20T09:46:54.071013+0800 - INFO - 弓箭手-奇美拉 找到可用技能: w
2025-06-20T09:46:54.071013+0800 - INFO - w
2025-06-20T09:46:54.075195+0800 - INFO - 已释放技能列表: ['q', 'w', 'e', 'r', 't']
2025-06-20T09:46:54.076200+0800 - INFO - 第一排技能 - 检查技能: q
2025-06-20T09:46:54.077236+0800 - INFO - 第一排技能 - 检查技能: w
2025-06-20T09:46:54.077735+0800 - INFO - 弓箭手-奇美拉 找到可用技能: w
2025-06-20T09:46:54.078234+0800 - INFO - w
2025-06-20T09:46:54.081804+0800 - INFO - 已释放技能列表: ['q', 'w', 'e', 'r', 't']
2025-06-20T09:46:54.081804+0800 - INFO - 第一排技能 - 检查技能: q
2025-06-20T09:46:54.082921+0800 - INFO - 第一排技能 - 检查技能: w
2025-06-20T09:46:54.082921+0800 - INFO - 弓箭手-奇美拉 找到可用技能: w
2025-06-20T09:46:54.083933+0800 - INFO - w
2025-06-20T09:46:54.087562+0800 - INFO - 已释放技能列表: ['q', 'w', 'e', 'r', 't']
2025-06-20T09:46:54.087562+0800 - INFO - 第一排技能 - 检查技能: q
2025-06-20T09:46:54.088055+0800 - INFO - 第一排技能 - 检查技能: w
2025-06-20T09:46:54.089062+0800 - INFO - 弓箭手-奇美拉 找到可用技能: w
2025-06-20T09:46:54.089585+0800 - INFO - w
2025-06-20T09:46:54.092087+0800 - INFO - 已释放技能列表: ['q', 'w', 'e', 'r', 't']
2025-06-20T09:46:54.093201+0800 - INFO - 第一排技能 - 检查技能: q
2025-06-20T09:46:54.094210+0800 - INFO - 第一排技能 - 检查技能: w
2025-06-20T09:46:54.094210+0800 - INFO - 弓箭手-奇美拉 找到可用技能: w
2025-06-20T09:46:54.094210+0800 - INFO - w
2025-06-20T09:46:54.098329+0800 - INFO - 已释放技能列表: ['q', 'w', 'e', 'r', 't']
2025-06-20T09:46:54.099323+0800 - INFO - 第一排技能 - 检查技能: q
2025-06-20T09:46:54.100321+0800 - INFO - 第一排技能 - 检查技能: w
2025-06-20T09:46:54.100821+0800 - INFO - 弓箭手-奇美拉 找到可用技能: w
2025-06-20T09:46:54.101319+0800 - INFO - w
2025-06-20T09:46:54.103866+0800 - INFO - 已释放技能列表: ['q', 'w', 'e', 'r', 't']
2025-06-20T09:46:54.104363+0800 - INFO - 第一排技能 - 检查技能: q
2025-06-20T09:46:54.105446+0800 - INFO - 第一排技能 - 检查技能: w
2025-06-20T09:46:54.105952+0800 - INFO - 弓箭手-奇美拉 找到可用技能: w
2025-06-20T09:46:54.106468+0800 - INFO - w
2025-06-20T09:46:54.110025+0800 - INFO - 已释放技能列表: ['q', 'w', 'e', 'r', 't']
2025-06-20T09:46:54.110523+0800 - INFO - 第一排技能 - 检查技能: q
2025-06-20T09:46:54.111525+0800 - INFO - 第一排技能 - 检查技能: w
2025-06-20T09:46:54.112026+0800 - INFO - 弓箭手-奇美拉 找到可用技能: w
2025-06-20T09:46:54.112522+0800 - INFO - w
2025-06-20T09:46:54.116714+0800 - INFO - 已释放技能列表: ['q', 'w', 'e', 'r', 't']
2025-06-20T09:46:54.117213+0800 - INFO - 第一排技能 - 检查技能: q
2025-06-20T09:46:54.118218+0800 - INFO - 第一排技能 - 检查技能: w
2025-06-20T09:46:54.118750+0800 - INFO - 弓箭手-奇美拉 找到可用技能: w
2025-06-20T09:46:54.119251+0800 - INFO - w
2025-06-20T09:46:54.123347+0800 - INFO - 已释放技能列表: ['q', 'w', 'e', 'r', 't']
2025-06-20T09:46:54.123845+0800 - INFO - 第一排技能 - 检查技能: q
2025-06-20T09:46:54.124843+0800 - INFO - 第一排技能 - 检查技能: w
2025-06-20T09:46:54.124843+0800 - INFO - 弓箭手-奇美拉 找到可用技能: w
2025-06-20T09:46:54.125847+0800 - INFO - w
2025-06-20T09:46:54.129402+0800 - INFO - 已释放技能列表: ['q', 'w', 'e', 'r', 't']
2025-06-20T09:46:54.129901+0800 - INFO - 第一排技能 - 检查技能: q
2025-06-20T09:46:54.130904+0800 - INFO - 第一排技能 - 检查技能: w
2025-06-20T09:46:54.131419+0800 - INFO - 弓箭手-奇美拉 找到可用技能: w
2025-06-20T09:46:54.131419+0800 - INFO - w
2025-06-20T09:46:54.135046+0800 - INFO - 已释放技能列表: ['q', 'w', 'e', 'r', 't']
2025-06-20T09:46:54.135046+0800 - INFO - 第一排技能 - 检查技能: q
2025-06-20T09:46:54.136587+0800 - INFO - 第一排技能 - 检查技能: w
2025-06-20T09:46:54.137585+0800 - INFO - 弓箭手-奇美拉 找到可用技能: w
2025-06-20T09:46:54.137585+0800 - INFO - w
2025-06-20T09:46:54.141081+0800 - INFO - 已释放技能列表: ['q', 'w', 'e', 'r', 't']
2025-06-20T09:46:54.141580+0800 - INFO - 第一排技能 - 检查技能: q
2025-06-20T09:46:54.142578+0800 - INFO - 第一排技能 - 检查技能: w
2025-06-20T09:46:54.143077+0800 - INFO - 弓箭手-奇美拉 找到可用技能: w
2025-06-20T09:46:54.143576+0800 - INFO - w
2025-06-20T09:46:54.147106+0800 - INFO - 已释放技能列表: ['q', 'w', 'e', 'r', 't']
2025-06-20T09:46:54.147606+0800 - INFO - 第一排技能 - 检查技能: q
2025-06-20T09:46:54.148105+0800 - INFO - 第一排技能 - 检查技能: w
2025-06-20T09:46:54.148105+0800 - INFO - 弓箭手-奇美拉 找到可用技能: w
2025-06-20T09:46:54.149108+0800 - INFO - w
2025-06-20T09:46:54.153129+0800 - INFO - 已释放技能列表: ['q', 'w', 'e', 'r', 't']
2025-06-20T09:46:54.153129+0800 - INFO - 第一排技能 - 检查技能: q
2025-06-20T09:46:54.154209+0800 - INFO - 第一排技能 - 检查技能: w
2025-06-20T09:46:54.155264+0800 - INFO - 弓箭手-奇美拉 找到可用技能: w
2025-06-20T09:46:54.155264+0800 - INFO - w
2025-06-20T09:46:54.159295+0800 - INFO - 已释放技能列表: ['q', 'w', 'e', 'r', 't']
2025-06-20T09:46:54.159794+0800 - INFO - 第一排技能 - 检查技能: q
2025-06-20T09:46:54.160293+0800 - INFO - 第一排技能 - 检查技能: w
2025-06-20T09:46:54.160792+0800 - INFO - 弓箭手-奇美拉 找到可用技能: w
2025-06-20T09:46:54.161292+0800 - INFO - w
2025-06-20T09:46:54.164354+0800 - INFO - 已释放技能列表: ['q', 'w', 'e', 'r', 't']
2025-06-20T09:46:54.164855+0800 - INFO - 第一排技能 - 检查技能: q
2025-06-20T09:46:54.164855+0800 - INFO - 第一排技能 - 检查技能: w
2025-06-20T09:46:54.165915+0800 - INFO - 弓箭手-奇美拉 找到可用技能: w
2025-06-20T09:46:54.166417+0800 - INFO - w
2025-06-20T09:46:54.168912+0800 - INFO - 已释放技能列表: ['q', 'w', 'e', 'r', 't']
2025-06-20T09:46:54.169915+0800 - INFO - 第一排技能 - 检查技能: q
2025-06-20T09:46:54.170445+0800 - INFO - 第一排技能 - 检查技能: w
2025-06-20T09:46:54.171448+0800 - INFO - 弓箭手-奇美拉 找到可用技能: w
2025-06-20T09:46:54.171448+0800 - INFO - w
2025-06-20T09:46:54.174681+0800 - INFO - 已释放技能列表: ['q', 'w', 'e', 'r', 't']
2025-06-20T09:46:54.175684+0800 - INFO - 第一排技能 - 检查技能: q
2025-06-20T09:46:54.176214+0800 - INFO - 第一排技能 - 检查技能: w
2025-06-20T09:46:54.176736+0800 - INFO - 弓箭手-奇美拉 找到可用技能: w
2025-06-20T09:46:54.177236+0800 - INFO - w
2025-06-20T09:46:54.180732+0800 - INFO - 已释放技能列表: ['q', 'w', 'e', 'r', 't']
2025-06-20T09:46:54.180732+0800 - INFO - 第一排技能 - 检查技能: q
2025-06-20T09:46:54.181736+0800 - INFO - 第一排技能 - 检查技能: w
2025-06-20T09:46:54.182255+0800 - INFO - 弓箭手-奇美拉 找到可用技能: w
2025-06-20T09:46:54.182255+0800 - INFO - w
2025-06-20T09:46:54.188275+0800 - INFO - 已释放技能列表: ['q', 'w', 'e', 'r', 't']
2025-06-20T09:46:54.188774+0800 - INFO - 第一排技能 - 检查技能: q
2025-06-20T09:46:54.188774+0800 - INFO - 第一排技能 - 检查技能: w
2025-06-20T09:46:54.189777+0800 - INFO - 弓箭手-奇美拉 找到可用技能: w
2025-06-20T09:46:54.190297+0800 - INFO - w
2025-06-20T09:46:54.193803+0800 - INFO - 已释放技能列表: ['q', 'w', 'e', 'r', 't']
2025-06-20T09:46:54.193803+0800 - INFO - 第一排技能 - 检查技能: q
2025-06-20T09:46:54.194908+0800 - INFO - 第一排技能 - 检查技能: w
2025-06-20T09:46:54.195912+0800 - INFO - 弓箭手-奇美拉 找到可用技能: w
2025-06-20T09:46:54.195912+0800 - INFO - w
2025-06-20T09:46:54.199980+0800 - INFO - 已释放技能列表: ['q', 'w', 'e', 'r', 't']
2025-06-20T09:46:54.199980+0800 - INFO - 第一排技能 - 检查技能: q
2025-06-20T09:46:54.200978+0800 - INFO - 第一排技能 - 检查技能: w
2025-06-20T09:46:54.201477+0800 - INFO - 弓箭手-奇美拉 找到可用技能: w
2025-06-20T09:46:54.201976+0800 - INFO - w
2025-06-20T09:46:54.205019+0800 - INFO - 已释放技能列表: ['q', 'w', 'e', 'r', 't']
2025-06-20T09:46:54.205019+0800 - INFO - 第一排技能 - 检查技能: q
2025-06-20T09:46:54.206023+0800 - INFO - 第一排技能 - 检查技能: w
2025-06-20T09:46:54.207055+0800 - INFO - 弓箭手-奇美拉 找到可用技能: w
2025-06-20T09:46:54.207596+0800 - INFO - w
2025-06-20T09:46:54.211118+0800 - INFO - 已释放技能列表: ['q', 'w', 'e', 'r', 't']
2025-06-20T09:46:54.211617+0800 - INFO - 第一排技能 - 检查技能: q
2025-06-20T09:46:54.212117+0800 - INFO - 第一排技能 - 检查技能: w
2025-06-20T09:46:54.212615+0800 - INFO - 弓箭手-奇美拉 找到可用技能: w
2025-06-20T09:46:54.213114+0800 - INFO - w
2025-06-20T09:46:54.216766+0800 - INFO - 已释放技能列表: ['q', 'w', 'e', 'r', 't']
2025-06-20T09:46:54.216766+0800 - INFO - 第一排技能 - 检查技能: q
2025-06-20T09:46:54.217765+0800 - INFO - 第一排技能 - 检查技能: w
2025-06-20T09:46:54.218264+0800 - INFO - 弓箭手-奇美拉 找到可用技能: w
2025-06-20T09:46:54.218264+0800 - INFO - w
2025-06-20T09:46:54.221836+0800 - INFO - 已释放技能列表: ['q', 'w', 'e', 'r', 't']
2025-06-20T09:46:54.222362+0800 - INFO - 第一排技能 - 检查技能: q
2025-06-20T09:46:54.222886+0800 - INFO - 第一排技能 - 检查技能: w
2025-06-20T09:46:54.223405+0800 - INFO - 弓箭手-奇美拉 找到可用技能: w
2025-06-20T09:46:54.223904+0800 - INFO - w
2025-06-20T09:46:54.227517+0800 - INFO - 已释放技能列表: ['q', 'w', 'e', 'r', 't']
2025-06-20T09:46:54.228018+0800 - INFO - 第一排技能 - 检查技能: q
2025-06-20T09:46:54.228517+0800 - INFO - 第一排技能 - 检查技能: w
2025-06-20T09:46:54.229017+0800 - INFO - 弓箭手-奇美拉 找到可用技能: w
2025-06-20T09:46:54.229515+0800 - INFO - w
2025-06-20T09:46:54.232549+0800 - INFO - 已释放技能列表: ['q', 'w', 'e', 'r', 't']
2025-06-20T09:46:54.233072+0800 - INFO - 第一排技能 - 检查技能: q
2025-06-20T09:46:54.234071+0800 - INFO - 第一排技能 - 检查技能: w
2025-06-20T09:46:54.234570+0800 - INFO - 弓箭手-奇美拉 找到可用技能: w
2025-06-20T09:46:54.234570+0800 - INFO - w
2025-06-20T09:46:54.238673+0800 - INFO - 已释放技能列表: ['q', 'w', 'e', 'r', 't']
2025-06-20T09:46:54.239672+0800 - INFO - 第一排技能 - 检查技能: q
2025-06-20T09:46:54.240171+0800 - INFO - 第一排技能 - 检查技能: w
2025-06-20T09:46:54.240669+0800 - INFO - 弓箭手-奇美拉 找到可用技能: w
2025-06-20T09:46:54.241168+0800 - INFO - w
2025-06-20T09:46:54.244167+0800 - INFO - 已释放技能列表: ['q', 'w', 'e', 'r', 't']
2025-06-20T09:46:54.244167+0800 - INFO - 第一排技能 - 检查技能: q
2025-06-20T09:46:54.245161+0800 - INFO - 第一排技能 - 检查技能: w
2025-06-20T09:46:54.245161+0800 - INFO - 弓箭手-奇美拉 找到可用技能: w
2025-06-20T09:46:54.246235+0800 - INFO - w
2025-06-20T09:46:54.249276+0800 - INFO - 已释放技能列表: ['q', 'w', 'e', 'r', 't']
2025-06-20T09:46:54.249775+0800 - INFO - 第一排技能 - 检查技能: q
2025-06-20T09:46:54.250274+0800 - INFO - 第一排技能 - 检查技能: w
2025-06-20T09:46:54.251282+0800 - INFO - 弓箭手-奇美拉 找到可用技能: w
2025-06-20T09:46:54.251282+0800 - INFO - w
2025-06-20T09:46:54.254796+0800 - INFO - 已释放技能列表: ['q', 'w', 'e', 'r', 't']
2025-06-20T09:46:54.254796+0800 - INFO - 第一排技能 - 检查技能: q
2025-06-20T09:46:54.255862+0800 - INFO - 第一排技能 - 检查技能: w
2025-06-20T09:46:54.257000+0800 - INFO - 弓箭手-奇美拉 找到可用技能: w
2025-06-20T09:46:54.257000+0800 - INFO - w
2025-06-20T09:46:54.260539+0800 - INFO - 已释放技能列表: ['q', 'w', 'e', 'r', 't']
2025-06-20T09:46:54.261038+0800 - INFO - 第一排技能 - 检查技能: q
2025-06-20T09:46:54.262036+0800 - INFO - 第一排技能 - 检查技能: w
2025-06-20T09:46:54.262535+0800 - INFO - 弓箭手-奇美拉 找到可用技能: w
2025-06-20T09:46:54.262535+0800 - INFO - w
2025-06-20T09:46:54.267670+0800 - INFO - 已释放技能列表: ['q', 'w', 'e', 'r', 't']
2025-06-20T09:46:54.268173+0800 - INFO - 第一排技能 - 检查技能: q
2025-06-20T09:46:54.269170+0800 - INFO - 第一排技能 - 检查技能: w
2025-06-20T09:46:54.270169+0800 - INFO - 弓箭手-奇美拉 找到可用技能: w
2025-06-20T09:46:54.270169+0800 - INFO - w
2025-06-20T09:46:54.274345+0800 - INFO - 已释放技能列表: ['q', 'w', 'e', 'r', 't']
2025-06-20T09:46:54.274844+0800 - INFO - 第一排技能 - 检查技能: q
2025-06-20T09:46:54.274844+0800 - INFO - 第一排技能 - 检查技能: w
2025-06-20T09:46:54.276382+0800 - INFO - 弓箭手-奇美拉 找到可用技能: w
2025-06-20T09:46:54.276382+0800 - INFO - w
2025-06-20T09:46:54.280028+0800 - INFO - 已释放技能列表: ['q', 'w', 'e', 'r', 't']
2025-06-20T09:46:54.280028+0800 - INFO - 第一排技能 - 检查技能: q
2025-06-20T09:46:54.281025+0800 - INFO - 第一排技能 - 检查技能: w
2025-06-20T09:46:54.281530+0800 - INFO - 弓箭手-奇美拉 找到可用技能: w
2025-06-20T09:46:54.282024+0800 - INFO - w
2025-06-20T09:46:54.286086+0800 - INFO - 已释放技能列表: ['q', 'w', 'e', 'r', 't']
2025-06-20T09:46:54.286605+0800 - INFO - 第一排技能 - 检查技能: q
2025-06-20T09:46:54.287603+0800 - INFO - 第一排技能 - 检查技能: w
2025-06-20T09:46:54.288103+0800 - INFO - 弓箭手-奇美拉 找到可用技能: w
2025-06-20T09:46:54.288601+0800 - INFO - w
2025-06-20T09:46:54.291164+0800 - INFO - 已释放技能列表: ['q', 'w', 'e', 'r', 't']
2025-06-20T09:46:54.292168+0800 - INFO - 第一排技能 - 检查技能: q
2025-06-20T09:46:54.293196+0800 - INFO - 第一排技能 - 检查技能: w
2025-06-20T09:46:54.293695+0800 - INFO - 弓箭手-奇美拉 找到可用技能: w
2025-06-20T09:46:54.294194+0800 - INFO - w
2025-06-20T09:46:54.297853+0800 - INFO - 已释放技能列表: ['q', 'w', 'e', 'r', 't']
2025-06-20T09:46:54.297853+0800 - INFO - 第一排技能 - 检查技能: q
2025-06-20T09:46:54.298859+0800 - INFO - 第一排技能 - 检查技能: w
2025-06-20T09:46:54.299895+0800 - INFO - 弓箭手-奇美拉 找到可用技能: w
2025-06-20T09:46:54.299895+0800 - INFO - w
2025-06-20T09:46:54.303462+0800 - INFO - 已释放技能列表: ['q', 'w', 'e', 'r', 't']
2025-06-20T09:46:54.303961+0800 - INFO - 第一排技能 - 检查技能: q
2025-06-20T09:46:54.304458+0800 - INFO - 第一排技能 - 检查技能: w
2025-06-20T09:46:54.304957+0800 - INFO - 弓箭手-奇美拉 找到可用技能: w
2025-06-20T09:46:54.304957+0800 - INFO - w
2025-06-20T09:46:54.309527+0800 - INFO - 已释放技能列表: ['q', 'w', 'e', 'r', 't']
2025-06-20T09:46:54.310027+0800 - INFO - 第一排技能 - 检查技能: q
2025-06-20T09:46:54.310526+0800 - INFO - 第一排技能 - 检查技能: w
2025-06-20T09:46:54.311025+0800 - INFO - 弓箭手-奇美拉 找到可用技能: w
2025-06-20T09:46:54.311524+0800 - INFO - w
2025-06-20T09:46:54.315058+0800 - INFO - 已释放技能列表: ['q', 'w', 'e', 'r', 't']
2025-06-20T09:46:54.316062+0800 - INFO - 第一排技能 - 检查技能: q
2025-06-20T09:46:54.316062+0800 - INFO - 第一排技能 - 检查技能: w
2025-06-20T09:46:54.317090+0800 - INFO - 弓箭手-奇美拉 找到可用技能: w
2025-06-20T09:46:54.317090+0800 - INFO - w
2025-06-20T09:46:54.320225+0800 - INFO - 已释放技能列表: ['q', 'w', 'e', 'r', 't']
2025-06-20T09:46:54.320724+0800 - INFO - 第一排技能 - 检查技能: q
2025-06-20T09:46:54.321224+0800 - INFO - 第一排技能 - 检查技能: w
2025-06-20T09:46:54.321723+0800 - INFO - 弓箭手-奇美拉 找到可用技能: w
2025-06-20T09:46:54.321723+0800 - INFO - w
2025-06-20T09:46:54.324849+0800 - INFO - 已释放技能列表: ['q', 'w', 'e', 'r', 't']
2025-06-20T09:46:54.325853+0800 - INFO - 第一排技能 - 检查技能: q
2025-06-20T09:46:54.326393+0800 - INFO - 第一排技能 - 检查技能: w
2025-06-20T09:46:54.326891+0800 - INFO - 弓箭手-奇美拉 找到可用技能: w
2025-06-20T09:46:54.327393+0800 - INFO - w
2025-06-20T09:46:54.331385+0800 - INFO - 已释放技能列表: ['q', 'w', 'e', 'r', 't']
2025-06-20T09:46:54.331884+0800 - INFO - 第一排技能 - 检查技能: q
2025-06-20T09:46:54.331884+0800 - INFO - 第一排技能 - 检查技能: w
2025-06-20T09:46:54.333414+0800 - INFO - 弓箭手-奇美拉 找到可用技能: w
2025-06-20T09:46:54.333414+0800 - INFO - w
2025-06-20T09:46:54.336545+0800 - INFO - 已释放技能列表: ['q', 'w', 'e', 'r', 't']
2025-06-20T09:46:54.336545+0800 - INFO - 第一排技能 - 检查技能: q
2025-06-20T09:46:54.337552+0800 - INFO - 第一排技能 - 检查技能: w
2025-06-20T09:46:54.338753+0800 - INFO - 弓箭手-奇美拉 找到可用技能: w
2025-06-20T09:46:54.338753+0800 - INFO - w
2025-06-20T09:46:54.342751+0800 - INFO - 已释放技能列表: ['q', 'w', 'e', 'r', 't']
2025-06-20T09:46:54.342751+0800 - INFO - 第一排技能 - 检查技能: q
2025-06-20T09:46:54.343750+0800 - INFO - 第一排技能 - 检查技能: w
2025-06-20T09:46:54.344248+0800 - INFO - 弓箭手-奇美拉 找到可用技能: w
2025-06-20T09:46:54.344248+0800 - INFO - w
2025-06-20T09:46:54.348320+0800 - INFO - 已释放技能列表: ['q', 'w', 'e', 'r', 't']
2025-06-20T09:46:54.348818+0800 - INFO - 第一排技能 - 检查技能: q
2025-06-20T09:46:54.349827+0800 - INFO - 第一排技能 - 检查技能: w
2025-06-20T09:58:50.600887+0800 - INFO - self.skill_1:['q', 'w', 'e', 'r', 't', 'y']
2025-06-20T09:58:50.601394+0800 - INFO - self.skill_2:['a', 's', 'g', 'h']
2025-06-20T09:58:50.601893+0800 - INFO - boss_skill_release_order:['ctrl', 'q', 'w', 'e', 'r', 't', 'y', 'ctrl', 'a', 's', 'g', 'h']
2025-06-20T09:58:50.602391+0800 - INFO - 存放图像的字典有:12个图像
2025-06-20T09:58:50.602391+0800 - INFO - q
2025-06-20T09:58:50.602892+0800 - INFO - w
2025-06-20T09:58:50.603390+0800 - INFO - e
2025-06-20T09:58:50.603888+0800 - INFO - r
2025-06-20T09:58:50.603888+0800 - INFO - t
2025-06-20T09:58:50.604387+0800 - INFO - y
2025-06-20T09:58:50.604387+0800 - INFO - ctrl
2025-06-20T09:58:50.604887+0800 - INFO - a
2025-06-20T09:58:50.604887+0800 - INFO - s
2025-06-20T09:58:50.604887+0800 - INFO - g
2025-06-20T09:58:50.604887+0800 - INFO - h
2025-06-20T09:58:50.605994+0800 - INFO - v
2025-06-20T09:58:50.609051+0800 - INFO - 已释放技能列表: []
2025-06-20T09:58:50.609051+0800 - INFO - 第一排技能 - 检查技能: q
2025-06-20T09:58:50.609591+0800 - INFO - 弓箭手-奇美拉 找到可用技能: q
2025-06-20T09:58:50.610596+0800 - INFO - q
2025-06-20T09:58:50.614137+0800 - INFO - 已释放技能列表: ['q']
2025-06-20T09:58:50.614636+0800 - INFO - 第一排技能 - 检查技能: q
2025-06-20T09:58:50.615135+0800 - INFO - 弓箭手-奇美拉 找到可用技能: q
2025-06-20T09:58:50.615135+0800 - INFO - q
2025-06-20T09:58:50.619796+0800 - INFO - 已释放技能列表: ['q']
2025-06-20T09:58:50.619796+0800 - INFO - 第一排技能 - 检查技能: q
2025-06-20T09:58:50.621330+0800 - INFO - 弓箭手-奇美拉 找到可用技能: q
2025-06-20T09:58:50.621330+0800 - INFO - q
2025-06-20T09:58:50.625380+0800 - INFO - 已释放技能列表: ['q']
2025-06-20T09:58:50.625380+0800 - INFO - 第一排技能 - 检查技能: q
2025-06-20T09:58:50.626470+0800 - INFO - 弓箭手-奇美拉 找到可用技能: q
2025-06-20T09:58:50.626470+0800 - INFO - q
2025-06-20T09:58:50.631064+0800 - INFO - 已释放技能列表: ['q']
2025-06-20T09:58:50.631564+0800 - INFO - 第一排技能 - 检查技能: q
2025-06-20T09:58:50.632566+0800 - INFO - 弓箭手-奇美拉 找到可用技能: q
2025-06-20T09:58:50.633066+0800 - INFO - q
2025-06-20T09:58:50.637206+0800 - INFO - 已释放技能列表: ['q']
2025-06-20T09:58:50.637707+0800 - INFO - 第一排技能 - 检查技能: q
2025-06-20T09:58:50.638205+0800 - INFO - 弓箭手-奇美拉 找到可用技能: q
2025-06-20T09:58:50.639208+0800 - INFO - q
2025-06-20T09:58:50.643249+0800 - INFO - 已释放技能列表: ['q']
2025-06-20T09:58:50.643249+0800 - INFO - 第一排技能 - 检查技能: q
2025-06-20T09:58:50.644249+0800 - INFO - 弓箭手-奇美拉 找到可用技能: q
2025-06-20T09:58:50.644747+0800 - INFO - q
2025-06-20T09:58:50.648395+0800 - INFO - 已释放技能列表: ['q']
2025-06-20T09:58:50.648395+0800 - INFO - 第一排技能 - 检查技能: q
2025-06-20T09:58:50.649399+0800 - INFO - 弓箭手-奇美拉 找到可用技能: q
2025-06-20T09:58:50.649929+0800 - INFO - q
2025-06-20T09:58:50.653983+0800 - INFO - 已释放技能列表: ['q']
2025-06-20T09:58:50.654502+0800 - INFO - 第一排技能 - 检查技能: q
2025-06-20T09:58:50.655499+0800 - INFO - 弓箭手-奇美拉 找到可用技能: q
2025-06-20T09:58:50.655998+0800 - INFO - q
2025-06-20T09:58:50.659499+0800 - INFO - 已释放技能列表: ['q']
2025-06-20T09:58:50.660023+0800 - INFO - 第一排技能 - 检查技能: q
2025-06-20T09:58:50.660523+0800 - INFO - 弓箭手-奇美拉 找到可用技能: q
2025-06-20T09:58:50.660523+0800 - INFO - q
2025-06-20T09:58:50.665121+0800 - INFO - 已释放技能列表: ['q']
2025-06-20T09:58:50.665620+0800 - INFO - 第一排技能 - 检查技能: q
2025-06-20T09:58:50.666618+0800 - INFO - 弓箭手-奇美拉 找到可用技能: q
2025-06-20T09:58:50.666618+0800 - INFO - q
2025-06-20T09:58:50.670291+0800 - INFO - 已释放技能列表: ['q']
2025-06-20T09:58:50.670790+0800 - INFO - 第一排技能 - 检查技能: q
2025-06-20T09:58:50.671796+0800 - INFO - 弓箭手-奇美拉 找到可用技能: q
2025-06-20T09:58:50.671796+0800 - INFO - q
2025-06-20T09:58:50.675327+0800 - INFO - 已释放技能列表: ['q']
2025-06-20T09:58:50.675824+0800 - INFO - 第一排技能 - 检查技能: q
2025-06-20T09:58:50.676822+0800 - INFO - 弓箭手-奇美拉 找到可用技能: q
2025-06-20T09:58:50.676822+0800 - INFO - q
2025-06-20T09:58:50.680376+0800 - INFO - 已释放技能列表: ['q']
2025-06-20T09:58:50.680918+0800 - INFO - 第一排技能 - 检查技能: q
2025-06-20T09:58:50.681915+0800 - INFO - 弓箭手-奇美拉 找到可用技能: q
2025-06-20T09:58:50.681915+0800 - INFO - q
2025-06-20T09:58:50.684909+0800 - INFO - 已释放技能列表: ['q']
2025-06-20T09:58:50.685409+0800 - INFO - 第一排技能 - 检查技能: q
2025-06-20T09:58:50.686964+0800 - INFO - 弓箭手-奇美拉 找到可用技能: q
2025-06-20T09:58:50.686964+0800 - INFO - q
2025-06-20T09:58:50.690615+0800 - INFO - 已释放技能列表: ['q']
2025-06-20T09:58:50.691115+0800 - INFO - 第一排技能 - 检查技能: q
2025-06-20T09:58:50.692180+0800 - INFO - 弓箭手-奇美拉 找到可用技能: q
2025-06-20T09:58:50.692682+0800 - INFO - q
2025-06-20T09:58:50.695678+0800 - INFO - 已释放技能列表: ['q']
2025-06-20T09:58:50.696178+0800 - INFO - 第一排技能 - 检查技能: q
2025-06-20T09:58:50.697183+0800 - INFO - 弓箭手-奇美拉 找到可用技能: q
2025-06-20T09:58:50.697183+0800 - INFO - q
2025-06-20T09:58:50.701285+0800 - INFO - 已释放技能列表: ['q']
2025-06-20T09:58:50.701781+0800 - INFO - 第一排技能 - 检查技能: q
2025-06-20T09:58:50.702778+0800 - INFO - 弓箭手-奇美拉 找到可用技能: q
2025-06-20T09:58:50.702778+0800 - INFO - q
2025-06-20T09:58:50.706272+0800 - INFO - 已释放技能列表: ['q']
2025-06-20T09:58:50.706770+0800 - INFO - 第一排技能 - 检查技能: q
2025-06-20T09:58:50.707269+0800 - INFO - 弓箭手-奇美拉 找到可用技能: q
2025-06-20T09:58:50.707269+0800 - INFO - q
2025-06-20T09:58:50.711409+0800 - INFO - 已释放技能列表: ['q']
2025-06-20T09:58:50.711409+0800 - INFO - 第一排技能 - 检查技能: q
2025-06-20T09:58:50.712962+0800 - INFO - 弓箭手-奇美拉 找到可用技能: q
2025-06-20T09:58:50.712962+0800 - INFO - q
2025-06-20T09:58:50.717021+0800 - INFO - 已释放技能列表: ['q']
2025-06-20T09:58:50.717520+0800 - INFO - 第一排技能 - 检查技能: q
2025-06-20T09:58:50.718614+0800 - INFO - 弓箭手-奇美拉 找到可用技能: q
2025-06-20T09:58:50.719120+0800 - INFO - q
2025-06-20T09:58:50.723199+0800 - INFO - 已释放技能列表: ['q']
2025-06-20T09:58:50.724193+0800 - INFO - 第一排技能 - 检查技能: q
2025-06-20T09:58:50.725191+0800 - INFO - 弓箭手-奇美拉 找到可用技能: q
2025-06-20T09:58:50.725191+0800 - INFO - q
2025-06-20T09:58:50.728770+0800 - INFO - 已释放技能列表: ['q']
2025-06-20T09:58:50.729274+0800 - INFO - 第一排技能 - 检查技能: q
2025-06-20T09:58:50.729809+0800 - INFO - 弓箭手-奇美拉 找到可用技能: q
2025-06-20T09:58:50.730308+0800 - INFO - q
2025-06-20T09:58:50.734584+0800 - INFO - 已释放技能列表: ['q']
2025-06-20T09:58:50.735083+0800 - INFO - 第一排技能 - 检查技能: q
2025-06-20T09:58:50.736081+0800 - INFO - 弓箭手-奇美拉 找到可用技能: q
2025-06-20T09:58:50.736081+0800 - INFO - q
2025-06-20T09:58:50.741871+0800 - INFO - 已释放技能列表: ['q']
2025-06-20T09:58:50.742365+0800 - INFO - 第一排技能 - 检查技能: q
2025-06-20T09:58:50.743362+0800 - INFO - 弓箭手-奇美拉 找到可用技能: q
2025-06-20T09:58:50.743362+0800 - INFO - q
2025-06-20T09:58:50.746858+0800 - INFO - 已释放技能列表: ['q']
2025-06-20T09:58:50.747359+0800 - INFO - 第一排技能 - 检查技能: q
2025-06-20T09:58:50.748367+0800 - INFO - 弓箭手-奇美拉 找到可用技能: q
2025-06-20T09:58:50.748367+0800 - INFO - q
2025-06-20T09:58:50.752543+0800 - INFO - 已释放技能列表: ['q']
2025-06-20T09:58:50.753042+0800 - INFO - 第一排技能 - 检查技能: q
2025-06-20T09:58:50.753042+0800 - INFO - 弓箭手-奇美拉 找到可用技能: q
2025-06-20T09:58:50.754047+0800 - INFO - q
2025-06-20T09:58:50.758092+0800 - INFO - 已释放技能列表: ['q']
2025-06-20T09:58:50.758092+0800 - INFO - 第一排技能 - 检查技能: q
2025-06-20T09:58:50.759097+0800 - INFO - 弓箭手-奇美拉 找到可用技能: q
2025-06-20T09:58:50.759631+0800 - INFO - q
2025-06-20T09:58:50.762625+0800 - INFO - 已释放技能列表: ['q']
2025-06-20T09:58:50.762625+0800 - INFO - 第一排技能 - 检查技能: q
2025-06-20T09:58:50.764151+0800 - INFO - 弓箭手-奇美拉 找到可用技能: q
2025-06-20T09:58:50.764653+0800 - INFO - q
2025-06-20T09:58:50.768145+0800 - INFO - 已释放技能列表: ['q']
2025-06-20T09:58:50.768145+0800 - INFO - 第一排技能 - 检查技能: q
2025-06-20T09:58:50.769789+0800 - INFO - 弓箭手-奇美拉 找到可用技能: q
2025-06-20T09:58:50.770296+0800 - INFO - q
2025-06-20T09:58:50.774374+0800 - INFO - 已释放技能列表: ['q']
2025-06-20T09:58:50.774872+0800 - INFO - 第一排技能 - 检查技能: q
2025-06-20T09:58:50.775870+0800 - INFO - 弓箭手-奇美拉 找到可用技能: q
2025-06-20T09:58:50.775870+0800 - INFO - q
2025-06-20T09:58:50.781465+0800 - INFO - 已释放技能列表: ['q']
2025-06-20T09:58:50.782462+0800 - INFO - 第一排技能 - 检查技能: q
2025-06-20T09:58:50.783465+0800 - INFO - 弓箭手-奇美拉 找到可用技能: q
2025-06-20T09:58:50.783465+0800 - INFO - q
2025-06-20T09:58:50.790120+0800 - INFO - 已释放技能列表: ['q']
2025-06-20T09:58:50.790704+0800 - INFO - 第一排技能 - 检查技能: q
2025-06-20T09:58:50.791202+0800 - INFO - 弓箭手-奇美拉 找到可用技能: q
2025-06-20T09:58:50.791202+0800 - INFO - q
2025-06-20T09:58:50.797259+0800 - INFO - 已释放技能列表: ['q']
2025-06-20T09:58:50.797760+0800 - INFO - 第一排技能 - 检查技能: q
2025-06-20T09:58:50.798259+0800 - INFO - 弓箭手-奇美拉 找到可用技能: q
2025-06-20T09:58:50.799266+0800 - INFO - q
2025-06-20T09:58:50.805303+0800 - INFO - 已释放技能列表: ['q']
2025-06-20T09:58:50.805802+0800 - INFO - 第一排技能 - 检查技能: q
2025-06-20T09:58:50.806801+0800 - INFO - 弓箭手-奇美拉 找到可用技能: q
2025-06-20T09:58:50.807301+0800 - INFO - q
2025-06-20T09:58:50.813507+0800 - INFO - 已释放技能列表: ['q']
2025-06-20T09:58:50.814580+0800 - INFO - 第一排技能 - 检查技能: q
2025-06-20T09:58:50.816613+0800 - INFO - 弓箭手-奇美拉 找到可用技能: q
2025-06-20T09:58:50.817111+0800 - INFO - q
2025-06-20T09:58:50.823255+0800 - INFO - 已释放技能列表: ['q']
2025-06-20T09:58:50.823753+0800 - INFO - 第一排技能 - 检查技能: q
2025-06-20T09:58:50.824757+0800 - INFO - 弓箭手-奇美拉 找到可用技能: q
2025-06-20T09:58:50.824757+0800 - INFO - q
2025-06-20T09:58:50.830391+0800 - INFO - 已释放技能列表: ['q']
2025-06-20T09:58:50.830970+0800 - INFO - 第一排技能 - 检查技能: q
2025-06-20T09:58:50.832475+0800 - INFO - 弓箭手-奇美拉 找到可用技能: q
2025-06-20T09:58:50.832969+0800 - INFO - q
2025-06-20T09:58:50.837966+0800 - INFO - 已释放技能列表: ['q']
2025-06-20T09:58:50.838499+0800 - INFO - 第一排技能 - 检查技能: q
2025-06-20T09:58:50.839505+0800 - INFO - 弓箭手-奇美拉 找到可用技能: q
2025-06-20T09:58:50.839505+0800 - INFO - q
2025-06-20T09:58:50.845555+0800 - INFO - 已释放技能列表: ['q']
2025-06-20T09:58:50.846054+0800 - INFO - 第一排技能 - 检查技能: q
2025-06-20T09:58:50.847547+0800 - INFO - 弓箭手-奇美拉 找到可用技能: q
2025-06-20T09:58:50.847547+0800 - INFO - q
2025-06-20T09:58:50.853264+0800 - INFO - 已释放技能列表: ['q']
2025-06-20T09:58:50.853264+0800 - INFO - 第一排技能 - 检查技能: q
2025-06-20T09:58:50.855320+0800 - INFO - 弓箭手-奇美拉 找到可用技能: q
2025-06-20T09:58:50.855320+0800 - INFO - q
2025-06-20T09:58:50.860373+0800 - INFO - 已释放技能列表: ['q']
2025-06-20T09:58:50.860872+0800 - INFO - 第一排技能 - 检查技能: q
2025-06-20T09:58:50.861876+0800 - INFO - 弓箭手-奇美拉 找到可用技能: q
2025-06-20T09:58:50.861876+0800 - INFO - q
2025-06-20T09:58:50.866925+0800 - INFO - 已释放技能列表: ['q']
2025-06-20T09:58:50.867423+0800 - INFO - 第一排技能 - 检查技能: q
2025-06-20T09:58:50.868423+0800 - INFO - 弓箭手-奇美拉 找到可用技能: q
2025-06-20T09:58:50.869430+0800 - INFO - q
2025-06-20T09:58:50.874648+0800 - INFO - 已释放技能列表: ['q']
2025-06-20T09:58:50.875655+0800 - INFO - 第一排技能 - 检查技能: q
2025-06-20T09:58:50.876696+0800 - INFO - 弓箭手-奇美拉 找到可用技能: q
2025-06-20T09:58:50.876696+0800 - INFO - q
2025-06-20T09:58:50.882398+0800 - INFO - 已释放技能列表: ['q']
2025-06-20T09:58:50.883396+0800 - INFO - 第一排技能 - 检查技能: q
2025-06-20T09:58:50.884399+0800 - INFO - 弓箭手-奇美拉 找到可用技能: q
2025-06-20T09:58:50.884399+0800 - INFO - q
2025-06-20T09:58:50.889987+0800 - INFO - 已释放技能列表: ['q']
2025-06-20T09:58:50.890995+0800 - INFO - 第一排技能 - 检查技能: q
2025-06-20T09:58:50.892148+0800 - INFO - 弓箭手-奇美拉 找到可用技能: q
2025-06-20T09:58:50.892654+0800 - INFO - q
2025-06-20T09:58:50.898187+0800 - INFO - 已释放技能列表: ['q']
2025-06-20T09:58:50.898187+0800 - INFO - 第一排技能 - 检查技能: q
2025-06-20T09:58:50.899746+0800 - INFO - 弓箭手-奇美拉 找到可用技能: q
2025-06-20T09:58:50.899746+0800 - INFO - q
2025-06-20T09:58:50.905293+0800 - INFO - 已释放技能列表: ['q']
2025-06-20T09:58:50.905793+0800 - INFO - 第一排技能 - 检查技能: q
2025-06-20T09:58:50.906290+0800 - INFO - 弓箭手-奇美拉 找到可用技能: q
2025-06-20T09:58:50.906790+0800 - INFO - q
2025-06-20T09:58:50.910833+0800 - INFO - 已释放技能列表: ['q']
2025-06-20T09:58:50.911334+0800 - INFO - 第一排技能 - 检查技能: q
2025-06-20T09:58:50.912476+0800 - INFO - 弓箭手-奇美拉 找到可用技能: q
2025-06-20T09:58:50.912476+0800 - INFO - q
2025-06-20T09:58:50.917561+0800 - INFO - 已释放技能列表: ['q']
2025-06-20T09:58:50.918060+0800 - INFO - 第一排技能 - 检查技能: q
2025-06-20T09:58:50.918559+0800 - INFO - 弓箭手-奇美拉 找到可用技能: q
2025-06-20T09:58:50.918559+0800 - INFO - q
2025-06-20T09:58:50.925745+0800 - INFO - 已释放技能列表: ['q']
2025-06-20T09:58:50.925745+0800 - INFO - 第一排技能 - 检查技能: q
2025-06-20T09:58:50.926749+0800 - INFO - 弓箭手-奇美拉 找到可用技能: q
2025-06-20T09:58:50.927282+0800 - INFO - q
2025-06-20T09:58:50.931811+0800 - INFO - 已释放技能列表: ['q']
2025-06-20T09:58:50.931811+0800 - INFO - 第一排技能 - 检查技能: q
2025-06-20T09:58:50.932940+0800 - INFO - 弓箭手-奇美拉 找到可用技能: q
2025-06-20T09:58:50.933945+0800 - INFO - q
2025-06-20T09:58:50.938982+0800 - INFO - 已释放技能列表: ['q']
2025-06-20T09:58:50.939503+0800 - INFO - 第一排技能 - 检查技能: q
2025-06-20T09:58:50.940514+0800 - INFO - 弓箭手-奇美拉 找到可用技能: q
2025-06-20T09:58:50.940514+0800 - INFO - q
2025-06-20T09:58:50.945554+0800 - INFO - 已释放技能列表: ['q']
2025-06-20T09:58:50.946055+0800 - INFO - 第一排技能 - 检查技能: q
2025-06-20T09:58:50.947052+0800 - INFO - 弓箭手-奇美拉 找到可用技能: q
2025-06-20T09:58:50.947052+0800 - INFO - q
2025-06-20T09:58:50.951076+0800 - INFO - 已释放技能列表: ['q']
2025-06-20T09:58:50.951076+0800 - INFO - 第一排技能 - 检查技能: q
2025-06-20T09:58:50.952084+0800 - INFO - 弓箭手-奇美拉 找到可用技能: q
2025-06-20T09:58:50.952084+0800 - INFO - q
2025-06-20T09:58:50.957280+0800 - INFO - 已释放技能列表: ['q']
2025-06-20T09:58:50.957780+0800 - INFO - 第一排技能 - 检查技能: q
2025-06-20T09:58:50.958281+0800 - INFO - 弓箭手-奇美拉 找到可用技能: q
2025-06-20T09:58:50.959287+0800 - INFO - q
2025-06-20T09:58:50.964266+0800 - INFO - 已释放技能列表: ['q']
2025-06-20T09:58:50.965265+0800 - INFO - 第一排技能 - 检查技能: q
2025-06-20T09:58:50.966263+0800 - INFO - 弓箭手-奇美拉 找到可用技能: q
2025-06-20T09:58:50.966263+0800 - INFO - q
2025-06-20T09:58:50.970330+0800 - INFO - 已释放技能列表: ['q']
2025-06-20T09:58:50.970830+0800 - INFO - 第一排技能 - 检查技能: q
2025-06-20T09:58:50.971827+0800 - INFO - 弓箭手-奇美拉 找到可用技能: q
2025-06-20T09:58:50.971827+0800 - INFO - q
2025-06-20T09:58:50.975960+0800 - INFO - 已释放技能列表: ['q']
2025-06-20T09:58:50.976460+0800 - INFO - 第一排技能 - 检查技能: q
2025-06-20T09:58:50.977471+0800 - INFO - 弓箭手-奇美拉 找到可用技能: q
2025-06-20T09:58:50.977471+0800 - INFO - q
2025-06-20T09:58:50.983638+0800 - INFO - 已释放技能列表: ['q']
2025-06-20T09:58:50.984135+0800 - INFO - 第一排技能 - 检查技能: q
2025-06-20T09:58:50.985133+0800 - INFO - 弓箭手-奇美拉 找到可用技能: q
2025-06-20T09:58:50.985133+0800 - INFO - q
2025-06-20T09:58:50.990202+0800 - INFO - 已释放技能列表: ['q']
2025-06-20T09:58:50.990702+0800 - INFO - 第一排技能 - 检查技能: q
2025-06-20T09:58:50.991698+0800 - INFO - 弓箭手-奇美拉 找到可用技能: q
2025-06-20T09:58:50.991698+0800 - INFO - q
2025-06-20T09:58:50.995871+0800 - INFO - 已释放技能列表: ['q']
2025-06-20T09:58:50.995871+0800 - INFO - 第一排技能 - 检查技能: q
2025-06-20T09:58:50.996897+0800 - INFO - 弓箭手-奇美拉 找到可用技能: q
2025-06-20T09:58:50.997398+0800 - INFO - q
2025-06-20T09:58:51.001946+0800 - INFO - 已释放技能列表: ['q']
2025-06-20T09:58:51.001946+0800 - INFO - 第一排技能 - 检查技能: q
2025-06-20T09:58:51.003512+0800 - INFO - 弓箭手-奇美拉 找到可用技能: q
2025-06-20T09:58:51.003512+0800 - INFO - q
2025-06-20T09:58:51.008502+0800 - INFO - 已释放技能列表: ['q']
2025-06-20T09:58:51.009506+0800 - INFO - 第一排技能 - 检查技能: q
2025-06-20T09:58:51.010535+0800 - INFO - 弓箭手-奇美拉 找到可用技能: q
2025-06-20T09:58:51.010535+0800 - INFO - q
2025-06-20T09:58:51.014622+0800 - INFO - 已释放技能列表: ['q']
2025-06-20T09:58:51.015121+0800 - INFO - 第一排技能 - 检查技能: q
2025-06-20T09:58:51.015121+0800 - INFO - 弓箭手-奇美拉 找到可用技能: q
2025-06-20T09:58:51.016125+0800 - INFO - q
2025-06-20T09:58:51.020220+0800 - INFO - 已释放技能列表: ['q']
2025-06-20T09:58:51.020767+0800 - INFO - 第一排技能 - 检查技能: q
2025-06-20T09:58:51.021266+0800 - INFO - 弓箭手-奇美拉 找到可用技能: q
2025-06-20T09:58:51.021765+0800 - INFO - q
2025-06-20T09:58:51.026281+0800 - INFO - 已释放技能列表: ['q']
2025-06-20T09:58:51.026780+0800 - INFO - 第一排技能 - 检查技能: q
2025-06-20T09:58:51.027279+0800 - INFO - 弓箭手-奇美拉 找到可用技能: q
2025-06-20T09:58:51.027279+0800 - INFO - q
2025-06-20T09:58:51.033182+0800 - INFO - 已释放技能列表: ['q']
2025-06-20T09:58:51.033182+0800 - INFO - 第一排技能 - 检查技能: q
2025-06-20T09:58:51.034185+0800 - INFO - 弓箭手-奇美拉 找到可用技能: q
2025-06-20T09:58:51.034709+0800 - INFO - q
2025-06-20T09:58:51.039258+0800 - INFO - 已释放技能列表: ['q']
2025-06-20T09:58:51.039258+0800 - INFO - 第一排技能 - 检查技能: q
2025-06-20T09:58:51.040292+0800 - INFO - 弓箭手-奇美拉 找到可用技能: q
2025-06-20T09:58:51.040791+0800 - INFO - q
2025-06-20T09:58:51.045324+0800 - INFO - 已释放技能列表: ['q']
2025-06-20T09:58:51.045825+0800 - INFO - 第一排技能 - 检查技能: q
2025-06-20T09:58:51.046322+0800 - INFO - 弓箭手-奇美拉 找到可用技能: q
2025-06-20T09:58:51.046821+0800 - INFO - q
2025-06-20T09:58:51.052352+0800 - INFO - 已释放技能列表: ['q']
2025-06-20T09:58:51.052849+0800 - INFO - 第一排技能 - 检查技能: q
2025-06-20T09:58:51.053854+0800 - INFO - 弓箭手-奇美拉 找到可用技能: q
2025-06-20T09:58:51.054378+0800 - INFO - q
2025-06-20T09:58:51.058441+0800 - INFO - 已释放技能列表: ['q']
2025-06-20T09:58:51.058441+0800 - INFO - 第一排技能 - 检查技能: q
2025-06-20T09:58:51.059992+0800 - INFO - 弓箭手-奇美拉 找到可用技能: q
2025-06-20T09:58:51.059992+0800 - INFO - q
2025-06-20T09:58:51.064818+0800 - INFO - 已释放技能列表: ['q']
2025-06-20T09:58:51.065317+0800 - INFO - 第一排技能 - 检查技能: q
2025-06-20T09:58:51.065814+0800 - INFO - 弓箭手-奇美拉 找到可用技能: q
2025-06-20T09:58:51.066314+0800 - INFO - q
2025-06-20T09:58:51.070838+0800 - INFO - 已释放技能列表: ['q']
2025-06-20T09:58:51.071338+0800 - INFO - 第一排技能 - 检查技能: q
2025-06-20T09:58:51.072340+0800 - INFO - 弓箭手-奇美拉 找到可用技能: q
2025-06-20T09:58:51.072340+0800 - INFO - q
2025-06-20T09:58:51.076953+0800 - INFO - 已释放技能列表: ['q']
2025-06-20T09:58:51.077450+0800 - INFO - 第一排技能 - 检查技能: q
2025-06-20T09:58:51.077450+0800 - INFO - 弓箭手-奇美拉 找到可用技能: q
2025-06-20T09:58:51.078454+0800 - INFO - q
2025-06-20T09:58:51.083087+0800 - INFO - 已释放技能列表: ['q']
2025-06-20T09:58:51.083586+0800 - INFO - 第一排技能 - 检查技能: q
2025-06-20T09:58:51.084585+0800 - INFO - 弓箭手-奇美拉 找到可用技能: q
2025-06-20T09:58:51.084585+0800 - INFO - q
2025-06-20T09:58:51.089652+0800 - INFO - 已释放技能列表: ['q']
2025-06-20T09:58:51.089652+0800 - INFO - 第一排技能 - 检查技能: q
2025-06-20T09:58:51.090670+0800 - INFO - 弓箭手-奇美拉 找到可用技能: q
2025-06-20T09:58:51.091169+0800 - INFO - q
2025-06-20T09:58:51.095862+0800 - INFO - 已释放技能列表: ['q']
2025-06-20T09:58:51.096362+0800 - INFO - 第一排技能 - 检查技能: q
2025-06-20T09:58:51.097364+0800 - INFO - 弓箭手-奇美拉 找到可用技能: q
2025-06-20T09:58:51.097364+0800 - INFO - q
2025-06-20T09:58:51.102945+0800 - INFO - 已释放技能列表: ['q']
2025-06-20T09:58:51.102945+0800 - INFO - 第一排技能 - 检查技能: q
2025-06-20T09:58:51.103945+0800 - INFO - 弓箭手-奇美拉 找到可用技能: q
2025-06-20T09:58:51.103945+0800 - INFO - q
2025-06-20T09:58:51.108485+0800 - INFO - 已释放技能列表: ['q']
2025-06-20T09:58:51.109490+0800 - INFO - 第一排技能 - 检查技能: q
2025-06-20T09:58:51.110532+0800 - INFO - 弓箭手-奇美拉 找到可用技能: q
2025-06-20T09:58:51.110532+0800 - INFO - q
2025-06-20T09:58:51.116060+0800 - INFO - 已释放技能列表: ['q']
2025-06-20T09:58:51.116060+0800 - INFO - 第一排技能 - 检查技能: q
2025-06-20T09:58:51.117064+0800 - INFO - 弓箭手-奇美拉 找到可用技能: q
2025-06-20T09:58:51.117609+0800 - INFO - q
2025-06-20T09:58:51.122798+0800 - INFO - 已释放技能列表: ['q']
2025-06-20T09:58:51.123298+0800 - INFO - 第一排技能 - 检查技能: q
2025-06-20T09:58:51.123796+0800 - INFO - 弓箭手-奇美拉 找到可用技能: q
2025-06-20T09:58:51.124296+0800 - INFO - q
2025-06-20T09:58:51.128288+0800 - INFO - 已释放技能列表: ['q']
2025-06-20T09:58:51.128288+0800 - INFO - 第一排技能 - 检查技能: q
2025-06-20T09:58:51.129292+0800 - INFO - 弓箭手-奇美拉 找到可用技能: q
2025-06-20T09:58:51.129292+0800 - INFO - q
2025-06-20T09:58:51.134298+0800 - INFO - 已释放技能列表: ['q']
2025-06-20T09:58:51.134796+0800 - INFO - 第一排技能 - 检查技能: q
2025-06-20T09:58:51.135807+0800 - INFO - 弓箭手-奇美拉 找到可用技能: q
2025-06-20T09:58:51.135807+0800 - INFO - q
2025-06-20T09:58:51.140918+0800 - INFO - 已释放技能列表: ['q']
2025-06-20T09:58:51.141456+0800 - INFO - 第一排技能 - 检查技能: q
2025-06-20T09:58:51.141952+0800 - INFO - 弓箭手-奇美拉 找到可用技能: q
2025-06-20T09:58:51.142450+0800 - INFO - q
2025-06-20T09:58:51.146988+0800 - INFO - 已释放技能列表: ['q']
2025-06-20T09:58:51.147485+0800 - INFO - 第一排技能 - 检查技能: q
2025-06-20T09:58:51.147984+0800 - INFO - 弓箭手-奇美拉 找到可用技能: q
2025-06-20T09:58:51.148487+0800 - INFO - q
2025-06-20T09:58:51.153540+0800 - INFO - 已释放技能列表: ['q']
2025-06-20T09:58:51.153540+0800 - INFO - 第一排技能 - 检查技能: q
2025-06-20T09:58:51.154548+0800 - INFO - 弓箭手-奇美拉 找到可用技能: q
2025-06-20T09:58:51.154548+0800 - INFO - q
2025-06-20T09:58:51.159676+0800 - INFO - 已释放技能列表: ['q']
2025-06-20T09:58:51.159676+0800 - INFO - 第一排技能 - 检查技能: q
2025-06-20T09:58:51.160175+0800 - INFO - 弓箭手-奇美拉 找到可用技能: q
2025-06-20T09:58:51.160175+0800 - INFO - q
2025-06-20T09:58:51.164199+0800 - INFO - 已释放技能列表: ['q']
2025-06-20T09:58:51.164698+0800 - INFO - 第一排技能 - 检查技能: q
2025-06-20T09:58:51.165701+0800 - INFO - 弓箭手-奇美拉 找到可用技能: q
2025-06-20T09:58:51.166194+0800 - INFO - q
2025-06-20T09:58:51.170725+0800 - INFO - 已释放技能列表: ['q']
2025-06-20T09:58:51.170725+0800 - INFO - 第一排技能 - 检查技能: q
2025-06-20T09:58:51.172313+0800 - INFO - 弓箭手-奇美拉 找到可用技能: q
2025-06-20T09:58:51.172313+0800 - INFO - q
2025-06-20T09:58:51.176855+0800 - INFO - 已释放技能列表: ['q']
2025-06-20T09:58:51.177351+0800 - INFO - 第一排技能 - 检查技能: q
2025-06-20T09:58:51.178349+0800 - INFO - 弓箭手-奇美拉 找到可用技能: q
2025-06-20T09:58:51.178349+0800 - INFO - q
2025-06-20T09:58:51.183440+0800 - INFO - 已释放技能列表: ['q']
2025-06-20T09:58:51.183939+0800 - INFO - 第一排技能 - 检查技能: q
2025-06-20T09:58:51.184937+0800 - INFO - 弓箭手-奇美拉 找到可用技能: q
2025-06-20T09:58:51.185436+0800 - INFO - q
2025-06-20T09:58:51.189995+0800 - INFO - 已释放技能列表: ['q']
2025-06-20T09:58:51.190513+0800 - INFO - 第一排技能 - 检查技能: q
2025-06-20T09:58:51.191509+0800 - INFO - 弓箭手-奇美拉 找到可用技能: q
2025-06-20T09:58:51.192013+0800 - INFO - q
2025-06-20T09:58:51.196586+0800 - INFO - 已释放技能列表: ['q']
2025-06-20T09:58:51.197105+0800 - INFO - 第一排技能 - 检查技能: q
2025-06-20T09:58:51.197605+0800 - INFO - 弓箭手-奇美拉 找到可用技能: q
2025-06-20T09:58:51.198104+0800 - INFO - q
2025-06-20T09:58:51.202136+0800 - INFO - 已释放技能列表: ['q']
2025-06-20T09:58:51.202657+0800 - INFO - 第一排技能 - 检查技能: q
2025-06-20T09:58:51.203661+0800 - INFO - 弓箭手-奇美拉 找到可用技能: q
2025-06-20T09:58:51.203661+0800 - INFO - q
2025-06-20T09:58:51.207209+0800 - INFO - 已释放技能列表: ['q']
2025-06-20T09:58:51.207705+0800 - INFO - 第一排技能 - 检查技能: q
2025-06-20T09:58:51.208204+0800 - INFO - 弓箭手-奇美拉 找到可用技能: q
2025-06-20T09:58:51.209209+0800 - INFO - q
2025-06-20T09:58:51.213264+0800 - INFO - 已释放技能列表: ['q']
2025-06-20T09:58:51.213764+0800 - INFO - 第一排技能 - 检查技能: q
2025-06-20T09:58:51.214762+0800 - INFO - 弓箭手-奇美拉 找到可用技能: q
2025-06-20T09:58:51.215261+0800 - INFO - q
2025-06-20T09:58:51.219968+0800 - INFO - 已释放技能列表: ['q']
2025-06-20T09:58:51.220978+0800 - INFO - 第一排技能 - 检查技能: q
2025-06-20T09:58:51.221524+0800 - INFO - 弓箭手-奇美拉 找到可用技能: q
2025-06-20T09:58:51.221524+0800 - INFO - q
2025-06-20T09:58:51.225573+0800 - INFO - 已释放技能列表: ['q']
2025-06-20T09:58:51.226071+0800 - INFO - 第一排技能 - 检查技能: q
2025-06-20T09:58:51.227070+0800 - INFO - 弓箭手-奇美拉 找到可用技能: q
2025-06-20T09:58:51.227070+0800 - INFO - q
2025-06-20T09:58:51.231661+0800 - INFO - 已释放技能列表: ['q']
2025-06-20T09:58:51.232163+0800 - INFO - 第一排技能 - 检查技能: q
2025-06-20T09:58:51.233162+0800 - INFO - 弓箭手-奇美拉 找到可用技能: q
2025-06-20T09:58:51.233162+0800 - INFO - q
2025-06-20T09:58:51.238196+0800 - INFO - 已释放技能列表: ['q']
2025-06-20T09:58:51.239203+0800 - INFO - 第一排技能 - 检查技能: q
2025-06-20T09:58:51.240235+0800 - INFO - 弓箭手-奇美拉 找到可用技能: q
2025-06-20T09:58:51.240235+0800 - INFO - q
2025-06-20T09:58:51.245791+0800 - INFO - 已释放技能列表: ['q']
2025-06-20T09:58:51.245791+0800 - INFO - 第一排技能 - 检查技能: q
2025-06-20T09:58:51.247316+0800 - INFO - 弓箭手-奇美拉 找到可用技能: q
2025-06-20T09:58:51.247316+0800 - INFO - q
2025-06-20T09:58:51.251615+0800 - INFO - 已释放技能列表: ['q']
2025-06-20T09:58:51.252115+0800 - INFO - 第一排技能 - 检查技能: q
2025-06-20T09:58:51.253112+0800 - INFO - 弓箭手-奇美拉 找到可用技能: q
2025-06-20T09:58:51.253612+0800 - INFO - q
2025-06-20T09:58:51.257686+0800 - INFO - 已释放技能列表: ['q']
2025-06-20T09:58:51.258212+0800 - INFO - 第一排技能 - 检查技能: q
2025-06-20T09:58:51.259219+0800 - INFO - 弓箭手-奇美拉 找到可用技能: q
2025-06-20T09:58:51.259746+0800 - INFO - q
2025-06-20T09:58:51.264780+0800 - INFO - 已释放技能列表: ['q']
2025-06-20T09:58:51.265276+0800 - INFO - 第一排技能 - 检查技能: q
2025-06-20T09:58:51.266276+0800 - INFO - 弓箭手-奇美拉 找到可用技能: q
2025-06-20T09:58:51.266276+0800 - INFO - q
2025-06-20T09:58:51.270809+0800 - INFO - 已释放技能列表: ['q']
2025-06-20T09:58:51.271308+0800 - INFO - 第一排技能 - 检查技能: q
2025-06-20T09:58:51.271308+0800 - INFO - 弓箭手-奇美拉 找到可用技能: q
2025-06-20T09:58:51.272312+0800 - INFO - q
2025-06-20T09:58:51.276337+0800 - INFO - 已释放技能列表: ['q']
2025-06-20T09:58:51.276836+0800 - INFO - 第一排技能 - 检查技能: q
2025-06-20T09:58:51.277840+0800 - INFO - 弓箭手-奇美拉 找到可用技能: q
2025-06-20T09:58:51.278388+0800 - INFO - q
2025-06-20T09:58:51.282437+0800 - INFO - 已释放技能列表: ['q']
2025-06-20T09:58:51.282970+0800 - INFO - 第一排技能 - 检查技能: q
2025-06-20T09:58:51.283469+0800 - INFO - 弓箭手-奇美拉 找到可用技能: q
2025-06-20T09:58:51.283469+0800 - INFO - q
2025-06-20T09:58:51.288503+0800 - INFO - 已释放技能列表: ['q']
2025-06-20T09:58:51.288503+0800 - INFO - 第一排技能 - 检查技能: q
2025-06-20T09:58:51.289509+0800 - INFO - 弓箭手-奇美拉 找到可用技能: q
2025-06-20T09:58:51.289509+0800 - INFO - q
2025-06-20T09:58:51.294097+0800 - INFO - 已释放技能列表: ['q']
2025-06-20T09:58:51.294640+0800 - INFO - 第一排技能 - 检查技能: q
2025-06-20T09:58:51.295639+0800 - INFO - 弓箭手-奇美拉 找到可用技能: q
2025-06-20T09:58:51.296141+0800 - INFO - q
2025-06-20T09:58:51.300839+0800 - INFO - 已释放技能列表: ['q']
2025-06-20T09:58:51.300839+0800 - INFO - 第一排技能 - 检查技能: q
2025-06-20T09:58:51.301842+0800 - INFO - 弓箭手-奇美拉 找到可用技能: q
2025-06-20T09:58:51.302335+0800 - INFO - q
2025-06-20T09:58:51.306887+0800 - INFO - 已释放技能列表: ['q']
2025-06-20T09:58:51.307891+0800 - INFO - 第一排技能 - 检查技能: q
2025-06-20T09:58:51.308411+0800 - INFO - 弓箭手-奇美拉 找到可用技能: q
2025-06-20T09:58:51.308411+0800 - INFO - q
2025-06-20T09:58:51.313503+0800 - INFO - 已释放技能列表: ['q']
2025-06-20T09:58:51.314002+0800 - INFO - 第一排技能 - 检查技能: q
2025-06-20T09:58:51.315001+0800 - INFO - 弓箭手-奇美拉 找到可用技能: q
2025-06-20T09:58:51.315500+0800 - INFO - q
2025-06-20T09:58:51.321692+0800 - INFO - 已释放技能列表: ['q']
2025-06-20T09:58:51.322240+0800 - INFO - 第一排技能 - 检查技能: q
2025-06-20T09:58:51.322240+0800 - INFO - 弓箭手-奇美拉 找到可用技能: q
2025-06-20T09:58:51.323245+0800 - INFO - q
2025-06-20T09:58:51.327829+0800 - INFO - 已释放技能列表: ['q']
2025-06-20T09:58:51.328329+0800 - INFO - 第一排技能 - 检查技能: q
2025-06-20T09:58:51.329334+0800 - INFO - 弓箭手-奇美拉 找到可用技能: q
2025-06-20T09:58:51.329864+0800 - INFO - q
2025-06-20T09:58:51.334403+0800 - INFO - 已释放技能列表: ['q']
2025-06-20T09:58:51.334902+0800 - INFO - 第一排技能 - 检查技能: q
2025-06-20T09:58:51.335401+0800 - INFO - 弓箭手-奇美拉 找到可用技能: q
2025-06-20T09:58:51.335900+0800 - INFO - q
2025-06-20T09:58:51.341047+0800 - INFO - 已释放技能列表: ['q']
2025-06-20T09:58:51.341569+0800 - INFO - 第一排技能 - 检查技能: q
2025-06-20T09:58:51.342567+0800 - INFO - 弓箭手-奇美拉 找到可用技能: q
2025-06-20T09:58:51.342567+0800 - INFO - q
2025-06-20T09:58:51.346618+0800 - INFO - 已释放技能列表: ['q']
2025-06-20T09:58:51.347115+0800 - INFO - 第一排技能 - 检查技能: q
2025-06-20T09:58:51.347614+0800 - INFO - 弓箭手-奇美拉 找到可用技能: q
2025-06-20T09:58:51.347614+0800 - INFO - q
2025-06-20T09:58:51.352679+0800 - INFO - 已释放技能列表: ['q']
2025-06-20T09:58:51.353178+0800 - INFO - 第一排技能 - 检查技能: q
2025-06-20T09:58:51.353678+0800 - INFO - 弓箭手-奇美拉 找到可用技能: q
2025-06-20T09:58:51.353678+0800 - INFO - q
2025-06-20T09:58:51.357715+0800 - INFO - 已释放技能列表: ['q']
2025-06-20T09:58:51.358722+0800 - INFO - 第一排技能 - 检查技能: q
2025-06-20T09:58:51.359784+0800 - INFO - 弓箭手-奇美拉 找到可用技能: q
2025-06-20T09:58:51.359784+0800 - INFO - q
2025-06-20T09:58:51.363779+0800 - INFO - 已释放技能列表: ['q']
2025-06-20T09:58:51.364279+0800 - INFO - 第一排技能 - 检查技能: q
2025-06-20T09:58:51.365276+0800 - INFO - 弓箭手-奇美拉 找到可用技能: q
2025-06-20T09:58:51.365776+0800 - INFO - q
2025-06-20T09:58:51.370879+0800 - INFO - 已释放技能列表: ['q']
2025-06-20T09:58:51.371378+0800 - INFO - 第一排技能 - 检查技能: q
2025-06-20T09:58:51.372376+0800 - INFO - 弓箭手-奇美拉 找到可用技能: q
2025-06-20T09:58:51.372875+0800 - INFO - q
2025-06-20T09:58:51.377444+0800 - INFO - 已释放技能列表: ['q']
2025-06-20T09:58:51.377944+0800 - INFO - 第一排技能 - 检查技能: q
2025-06-20T09:58:51.378440+0800 - INFO - 弓箭手-奇美拉 找到可用技能: q
2025-06-20T09:58:51.378440+0800 - INFO - q
2025-06-20T09:58:51.382973+0800 - INFO - 已释放技能列表: ['q']
2025-06-20T09:58:51.382973+0800 - INFO - 第一排技能 - 检查技能: q
2025-06-20T09:58:51.384512+0800 - INFO - 弓箭手-奇美拉 找到可用技能: q
2025-06-20T09:58:51.385010+0800 - INFO - q
2025-06-20T09:58:51.390067+0800 - INFO - 已释放技能列表: ['q']
2025-06-20T09:58:51.390567+0800 - INFO - 第一排技能 - 检查技能: q
2025-06-20T09:58:51.390567+0800 - INFO - 弓箭手-奇美拉 找到可用技能: q
2025-06-20T09:58:51.391576+0800 - INFO - q
2025-06-20T09:58:51.396652+0800 - INFO - 已释放技能列表: ['q']
2025-06-20T09:58:51.397153+0800 - INFO - 第一排技能 - 检查技能: q
2025-06-20T09:58:51.398148+0800 - INFO - 弓箭手-奇美拉 找到可用技能: q
2025-06-20T09:58:51.398148+0800 - INFO - q
2025-06-20T09:58:51.402222+0800 - INFO - 已释放技能列表: ['q']
2025-06-20T09:58:51.402720+0800 - INFO - 第一排技能 - 检查技能: q
2025-06-20T09:58:51.404211+0800 - INFO - 弓箭手-奇美拉 找到可用技能: q
2025-06-20T09:58:51.404211+0800 - INFO - q
2025-06-20T09:58:51.408210+0800 - INFO - 已释放技能列表: ['q']
2025-06-20T09:58:51.409254+0800 - INFO - 第一排技能 - 检查技能: q
2025-06-20T09:58:51.410292+0800 - INFO - 弓箭手-奇美拉 找到可用技能: q
2025-06-20T09:58:51.410292+0800 - INFO - q
2025-06-20T09:58:51.414999+0800 - INFO - 已释放技能列表: ['q']
2025-06-20T09:58:51.414999+0800 - INFO - 第一排技能 - 检查技能: q
2025-06-20T09:58:51.415996+0800 - INFO - 弓箭手-奇美拉 找到可用技能: q
2025-06-20T09:58:51.416495+0800 - INFO - q
2025-06-20T09:58:51.420617+0800 - INFO - 已释放技能列表: ['q']
2025-06-20T09:58:51.421118+0800 - INFO - 第一排技能 - 检查技能: q
2025-06-20T09:58:51.422121+0800 - INFO - 弓箭手-奇美拉 找到可用技能: q
2025-06-20T09:58:51.422644+0800 - INFO - q
2025-06-20T09:58:51.427178+0800 - INFO - 已释放技能列表: ['q']
2025-06-20T09:58:51.427178+0800 - INFO - 第一排技能 - 检查技能: q
2025-06-20T09:58:51.427677+0800 - INFO - 弓箭手-奇美拉 找到可用技能: q
2025-06-20T09:58:51.428680+0800 - INFO - q
2025-06-20T09:58:51.432252+0800 - INFO - 已释放技能列表: ['q']
2025-06-20T09:58:51.432751+0800 - INFO - 第一排技能 - 检查技能: q
2025-06-20T09:58:51.433749+0800 - INFO - 弓箭手-奇美拉 找到可用技能: q
2025-06-20T09:58:51.433749+0800 - INFO - q
2025-06-20T09:58:51.438275+0800 - INFO - 已释放技能列表: ['q']
2025-06-20T09:58:51.439337+0800 - INFO - 第一排技能 - 检查技能: q
2025-06-20T09:58:51.440340+0800 - INFO - 弓箭手-奇美拉 找到可用技能: q
2025-06-20T09:58:51.440892+0800 - INFO - q
2025-06-20T09:58:51.445018+0800 - INFO - 已释放技能列表: ['q']
2025-06-20T09:58:51.445515+0800 - INFO - 第一排技能 - 检查技能: q
2025-06-20T09:58:51.446513+0800 - INFO - 弓箭手-奇美拉 找到可用技能: q
2025-06-20T09:58:51.447012+0800 - INFO - q
2025-06-20T09:58:51.451615+0800 - INFO - 已释放技能列表: ['q']
2025-06-20T09:58:51.452115+0800 - INFO - 第一排技能 - 检查技能: q
2025-06-20T09:58:51.453106+0800 - INFO - 弓箭手-奇美拉 找到可用技能: q
2025-06-20T09:58:51.453106+0800 - INFO - q
2025-06-20T09:58:51.457167+0800 - INFO - 已释放技能列表: ['q']
2025-06-20T09:58:51.457666+0800 - INFO - 第一排技能 - 检查技能: q
2025-06-20T09:58:51.458165+0800 - INFO - 弓箭手-奇美拉 找到可用技能: q
2025-06-20T09:58:51.459168+0800 - INFO - q
2025-06-20T09:58:51.463785+0800 - INFO - 已释放技能列表: ['q']
2025-06-20T09:58:51.464285+0800 - INFO - 第一排技能 - 检查技能: q
2025-06-20T09:58:51.465282+0800 - INFO - 弓箭手-奇美拉 找到可用技能: q
2025-06-20T09:58:51.465781+0800 - INFO - q
2025-06-20T09:58:51.469813+0800 - INFO - 已释放技能列表: ['q']
2025-06-20T09:58:51.470826+0800 - INFO - 第一排技能 - 检查技能: q
2025-06-20T09:58:51.471325+0800 - INFO - 弓箭手-奇美拉 找到可用技能: q
2025-06-20T09:58:51.471824+0800 - INFO - q
2025-06-20T09:58:51.476949+0800 - INFO - 已释放技能列表: ['q']
2025-06-20T09:58:51.477448+0800 - INFO - 第一排技能 - 检查技能: q
2025-06-20T09:58:51.478446+0800 - INFO - 弓箭手-奇美拉 找到可用技能: q
2025-06-20T09:58:51.478446+0800 - INFO - q
2025-06-20T09:58:51.482528+0800 - INFO - 已释放技能列表: ['q']
2025-06-20T09:58:51.482528+0800 - INFO - 第一排技能 - 检查技能: q
2025-06-20T09:58:51.484074+0800 - INFO - 弓箭手-奇美拉 找到可用技能: q
2025-06-20T09:58:51.484572+0800 - INFO - q
2025-06-20T09:58:51.489112+0800 - INFO - 已释放技能列表: ['q']
2025-06-20T09:58:51.489112+0800 - INFO - 第一排技能 - 检查技能: q
2025-06-20T09:58:51.490658+0800 - INFO - 弓箭手-奇美拉 找到可用技能: q
2025-06-20T09:58:51.491158+0800 - INFO - q
2025-06-20T09:58:51.495270+0800 - INFO - 已释放技能列表: ['q']
2025-06-20T09:58:51.495769+0800 - INFO - 第一排技能 - 检查技能: q
2025-06-20T09:58:51.497267+0800 - INFO - 弓箭手-奇美拉 找到可用技能: q
2025-06-20T09:58:51.497766+0800 - INFO - q
2025-06-20T09:58:51.501881+0800 - INFO - 已释放技能列表: ['q']
2025-06-20T09:58:51.502379+0800 - INFO - 第一排技能 - 检查技能: q
2025-06-20T09:58:51.503378+0800 - INFO - 弓箭手-奇美拉 找到可用技能: q
2025-06-20T09:58:51.503877+0800 - INFO - q
2025-06-20T09:58:51.507873+0800 - INFO - 已释放技能列表: ['q']
2025-06-20T09:58:51.508374+0800 - INFO - 第一排技能 - 检查技能: q
2025-06-20T09:58:51.509436+0800 - INFO - 弓箭手-奇美拉 找到可用技能: q
2025-06-20T09:58:51.509436+0800 - INFO - q
2025-06-20T09:58:51.513490+0800 - INFO - 已释放技能列表: ['q']
2025-06-20T09:58:51.513490+0800 - INFO - 第一排技能 - 检查技能: q
2025-06-20T09:58:51.514492+0800 - INFO - 弓箭手-奇美拉 找到可用技能: q
2025-06-20T09:58:51.514991+0800 - INFO - q
2025-06-20T09:58:51.518486+0800 - INFO - 已释放技能列表: ['q']
2025-06-20T09:58:51.520060+0800 - INFO - 第一排技能 - 检查技能: q
2025-06-20T09:58:51.520559+0800 - INFO - 弓箭手-奇美拉 找到可用技能: q
2025-06-20T09:58:51.520559+0800 - INFO - q
2025-06-20T09:58:51.525145+0800 - INFO - 已释放技能列表: ['q']
2025-06-20T09:58:51.525145+0800 - INFO - 第一排技能 - 检查技能: q
2025-06-20T09:58:51.526685+0800 - INFO - 弓箭手-奇美拉 找到可用技能: q
2025-06-20T09:58:51.527184+0800 - INFO - q
2025-06-20T09:58:51.530737+0800 - INFO - 已释放技能列表: ['q']
2025-06-20T09:58:51.530737+0800 - INFO - 第一排技能 - 检查技能: q
2025-06-20T09:58:51.531764+0800 - INFO - 弓箭手-奇美拉 找到可用技能: q
2025-06-20T09:58:51.532264+0800 - INFO - q
2025-06-20T09:58:51.536807+0800 - INFO - 已释放技能列表: ['q']
2025-06-20T09:58:51.537306+0800 - INFO - 第一排技能 - 检查技能: q
2025-06-20T09:58:51.538305+0800 - INFO - 弓箭手-奇美拉 找到可用技能: q
2025-06-20T09:58:51.538305+0800 - INFO - q
2025-06-20T09:58:51.542397+0800 - INFO - 已释放技能列表: ['q']
2025-06-20T09:58:51.542934+0800 - INFO - 第一排技能 - 检查技能: q
2025-06-20T09:58:51.543932+0800 - INFO - 弓箭手-奇美拉 找到可用技能: q
2025-06-20T09:58:51.543932+0800 - INFO - q
2025-06-20T09:58:51.548423+0800 - INFO - 已释放技能列表: ['q']
2025-06-20T09:58:51.549429+0800 - INFO - 第一排技能 - 检查技能: q
2025-06-20T09:58:51.550455+0800 - INFO - 弓箭手-奇美拉 找到可用技能: q
2025-06-20T09:58:51.550455+0800 - INFO - q
2025-06-20T09:58:51.555038+0800 - INFO - 已释放技能列表: ['q']
2025-06-20T09:58:51.555538+0800 - INFO - 第一排技能 - 检查技能: q
2025-06-20T09:58:51.556536+0800 - INFO - 弓箭手-奇美拉 找到可用技能: q
2025-06-20T09:58:51.556536+0800 - INFO - q
2025-06-20T09:58:51.561558+0800 - INFO - 已释放技能列表: ['q']
2025-06-20T09:58:51.562149+0800 - INFO - 第一排技能 - 检查技能: q
2025-06-20T09:58:51.563170+0800 - INFO - 弓箭手-奇美拉 找到可用技能: q
2025-06-20T09:58:51.563170+0800 - INFO - q
2025-06-20T09:58:51.567663+0800 - INFO - 已释放技能列表: ['q']
2025-06-20T09:58:51.568165+0800 - INFO - 第一排技能 - 检查技能: q
2025-06-20T09:58:51.568165+0800 - INFO - 弓箭手-奇美拉 找到可用技能: q
2025-06-20T09:58:51.569169+0800 - INFO - q
2025-06-20T09:58:51.573260+0800 - INFO - 已释放技能列表: ['q']
2025-06-20T09:58:51.573760+0800 - INFO - 第一排技能 - 检查技能: q
2025-06-20T09:58:51.574258+0800 - INFO - 弓箭手-奇美拉 找到可用技能: q
2025-06-20T09:58:51.574763+0800 - INFO - q
2025-06-20T09:58:51.577792+0800 - INFO - 已释放技能列表: ['q']
2025-06-20T09:58:51.578291+0800 - INFO - 第一排技能 - 检查技能: q
2025-06-20T09:58:51.578291+0800 - INFO - 弓箭手-奇美拉 找到可用技能: q
2025-06-20T09:58:51.579295+0800 - INFO - q
2025-06-20T09:58:51.583386+0800 - INFO - 已释放技能列表: ['q']
2025-06-20T09:58:51.585017+0800 - INFO - 第一排技能 - 检查技能: q
2025-06-20T09:58:51.586013+0800 - INFO - 弓箭手-奇美拉 找到可用技能: q
2025-06-20T09:58:51.586013+0800 - INFO - q
2025-06-20T09:58:51.590581+0800 - INFO - 已释放技能列表: ['q']
2025-06-20T09:58:51.591081+0800 - INFO - 第一排技能 - 检查技能: q
2025-06-20T09:58:51.591580+0800 - INFO - 弓箭手-奇美拉 找到可用技能: q
2025-06-20T09:58:51.591580+0800 - INFO - q
2025-06-20T09:58:51.595742+0800 - INFO - 已释放技能列表: ['q']
2025-06-20T09:58:51.596240+0800 - INFO - 第一排技能 - 检查技能: q
2025-06-20T09:58:51.597237+0800 - INFO - 弓箭手-奇美拉 找到可用技能: q
2025-06-20T09:58:51.597237+0800 - INFO - q
2025-06-20T09:58:51.602264+0800 - INFO - 已释放技能列表: ['q']
2025-06-20T09:58:51.602264+0800 - INFO - 第一排技能 - 检查技能: q
2025-06-20T09:58:51.603321+0800 - INFO - 弓箭手-奇美拉 找到可用技能: q
2025-06-20T09:58:51.603821+0800 - INFO - q
2025-06-20T09:58:51.607816+0800 - INFO - 已释放技能列表: ['q']
2025-06-20T09:58:51.608316+0800 - INFO - 第一排技能 - 检查技能: q
2025-06-20T09:58:51.609321+0800 - INFO - 弓箭手-奇美拉 找到可用技能: q
2025-06-20T09:58:51.609321+0800 - INFO - q
2025-06-20T09:58:51.612376+0800 - INFO - 已释放技能列表: ['q']
2025-06-20T09:58:51.612376+0800 - INFO - 第一排技能 - 检查技能: q
2025-06-20T09:58:51.613432+0800 - INFO - 弓箭手-奇美拉 找到可用技能: q
2025-06-20T09:58:51.613965+0800 - INFO - q
2025-06-20T09:58:51.617461+0800 - INFO - 已释放技能列表: ['q']
2025-06-20T09:58:51.617461+0800 - INFO - 第一排技能 - 检查技能: q
2025-06-20T09:58:51.618471+0800 - INFO - 弓箭手-奇美拉 找到可用技能: q
2025-06-20T09:58:51.618471+0800 - INFO - q
2025-06-20T09:58:51.622538+0800 - INFO - 已释放技能列表: ['q']
2025-06-20T09:58:51.623074+0800 - INFO - 第一排技能 - 检查技能: q
2025-06-20T09:58:51.624092+0800 - INFO - 弓箭手-奇美拉 找到可用技能: q
2025-06-20T09:58:51.624092+0800 - INFO - q
2025-06-20T09:58:51.627606+0800 - INFO - 已释放技能列表: ['q']
2025-06-20T09:58:51.627606+0800 - INFO - 第一排技能 - 检查技能: q
2025-06-20T09:58:51.628637+0800 - INFO - 弓箭手-奇美拉 找到可用技能: q
2025-06-20T09:58:51.628637+0800 - INFO - q
2025-06-20T09:58:51.632821+0800 - INFO - 已释放技能列表: ['q']
2025-06-20T09:58:51.632821+0800 - INFO - 第一排技能 - 检查技能: q
2025-06-20T09:58:51.634362+0800 - INFO - 弓箭手-奇美拉 找到可用技能: q
2025-06-20T09:58:51.634859+0800 - INFO - q
2025-06-20T09:58:51.638398+0800 - INFO - 已释放技能列表: ['q']
2025-06-20T09:58:51.638398+0800 - INFO - 第一排技能 - 检查技能: q
2025-06-20T09:58:51.640425+0800 - INFO - 弓箭手-奇美拉 找到可用技能: q
2025-06-20T09:58:51.640920+0800 - INFO - q
2025-06-20T09:58:51.651553+0800 - INFO - 已释放技能列表: ['q']
2025-06-20T09:58:51.652052+0800 - INFO - 第一排技能 - 检查技能: q
2025-06-20T09:58:51.653058+0800 - INFO - 弓箭手-奇美拉 找到可用技能: q
2025-06-20T09:58:51.653058+0800 - INFO - q
2025-06-20T09:58:51.658218+0800 - INFO - 已释放技能列表: ['q']
2025-06-20T09:58:51.658218+0800 - INFO - 第一排技能 - 检查技能: q
2025-06-20T09:58:51.659771+0800 - INFO - 弓箭手-奇美拉 找到可用技能: q
2025-06-20T09:58:51.659771+0800 - INFO - q
2025-06-20T09:58:51.663269+0800 - INFO - 已释放技能列表: ['q']
2025-06-20T09:58:51.663811+0800 - INFO - 第一排技能 - 检查技能: q
2025-06-20T09:58:51.664331+0800 - INFO - 弓箭手-奇美拉 找到可用技能: q
2025-06-20T09:58:51.664829+0800 - INFO - q
2025-06-20T09:58:51.668326+0800 - INFO - 已释放技能列表: ['q']
2025-06-20T09:58:51.668326+0800 - INFO - 第一排技能 - 检查技能: q
2025-06-20T09:58:51.669890+0800 - INFO - 弓箭手-奇美拉 找到可用技能: q
2025-06-20T09:58:51.669890+0800 - INFO - q
2025-06-20T09:58:51.673925+0800 - INFO - 已释放技能列表: ['q']
2025-06-20T09:58:51.673925+0800 - INFO - 第一排技能 - 检查技能: q
2025-06-20T09:58:51.674932+0800 - INFO - 弓箭手-奇美拉 找到可用技能: q
2025-06-20T09:58:51.674932+0800 - INFO - q
2025-06-20T09:58:51.679522+0800 - INFO - 已释放技能列表: ['q']
2025-06-20T09:58:51.680067+0800 - INFO - 第一排技能 - 检查技能: q
2025-06-20T09:58:51.681065+0800 - INFO - 弓箭手-奇美拉 找到可用技能: q
2025-06-20T09:58:51.681065+0800 - INFO - q
2025-06-20T09:58:51.686121+0800 - INFO - 已释放技能列表: ['q']
2025-06-20T09:58:51.687119+0800 - INFO - 第一排技能 - 检查技能: q
2025-06-20T09:58:51.687619+0800 - INFO - 弓箭手-奇美拉 找到可用技能: q
2025-06-20T09:58:51.687619+0800 - INFO - q
2025-06-20T09:58:51.691673+0800 - INFO - 已释放技能列表: ['q']
2025-06-20T09:58:51.692175+0800 - INFO - 第一排技能 - 检查技能: q
2025-06-20T09:58:51.693184+0800 - INFO - 弓箭手-奇美拉 找到可用技能: q
2025-06-20T09:58:51.693726+0800 - INFO - q
2025-06-20T09:58:51.697276+0800 - INFO - 已释放技能列表: ['q']
2025-06-20T09:58:51.697776+0800 - INFO - 第一排技能 - 检查技能: q
2025-06-20T09:58:51.698275+0800 - INFO - 弓箭手-奇美拉 找到可用技能: q
2025-06-20T09:58:51.698275+0800 - INFO - q
2025-06-20T09:58:51.704370+0800 - INFO - 已释放技能列表: ['q']
2025-06-20T09:58:51.704909+0800 - INFO - 第一排技能 - 检查技能: q
2025-06-20T09:58:51.705907+0800 - INFO - 弓箭手-奇美拉 找到可用技能: q
2025-06-20T09:58:51.705907+0800 - INFO - q
2025-06-20T09:58:51.709406+0800 - INFO - 已释放技能列表: ['q']
2025-06-20T09:58:51.709406+0800 - INFO - 第一排技能 - 检查技能: q
2025-06-20T09:58:51.710428+0800 - INFO - 弓箭手-奇美拉 找到可用技能: q
2025-06-20T09:58:51.710927+0800 - INFO - q
2025-06-20T09:58:51.714968+0800 - INFO - 已释放技能列表: ['q']
2025-06-20T09:58:51.716523+0800 - INFO - 第一排技能 - 检查技能: q
2025-06-20T09:58:51.717018+0800 - INFO - 弓箭手-奇美拉 找到可用技能: q
2025-06-20T09:58:51.717018+0800 - INFO - q
2025-06-20T09:58:51.721621+0800 - INFO - 已释放技能列表: ['q']
2025-06-20T09:58:51.722629+0800 - INFO - 第一排技能 - 检查技能: q
2025-06-20T09:58:51.723159+0800 - INFO - 弓箭手-奇美拉 找到可用技能: q
2025-06-20T09:58:51.723159+0800 - INFO - q
2025-06-20T09:58:51.727730+0800 - INFO - 已释放技能列表: ['q']
2025-06-20T09:58:51.728226+0800 - INFO - 第一排技能 - 检查技能: q
2025-06-20T09:58:51.729293+0800 - INFO - 弓箭手-奇美拉 找到可用技能: q
2025-06-20T09:58:51.729293+0800 - INFO - q
2025-06-20T09:58:51.733798+0800 - INFO - 已释放技能列表: ['q']
2025-06-20T09:58:51.734296+0800 - INFO - 第一排技能 - 检查技能: q
2025-06-20T09:58:51.735294+0800 - INFO - 弓箭手-奇美拉 找到可用技能: q
2025-06-20T09:58:51.735791+0800 - INFO - q
2025-06-20T09:58:51.739347+0800 - INFO - 已释放技能列表: ['q']
2025-06-20T09:58:51.739880+0800 - INFO - 第一排技能 - 检查技能: q
2025-06-20T09:58:51.740882+0800 - INFO - 弓箭手-奇美拉 找到可用技能: q
2025-06-20T09:58:51.741376+0800 - INFO - q
2025-06-20T09:58:51.745475+0800 - INFO - 已释放技能列表: ['q']
2025-06-20T09:58:51.745974+0800 - INFO - 第一排技能 - 检查技能: q
2025-06-20T09:58:51.746475+0800 - INFO - 弓箭手-奇美拉 找到可用技能: q
2025-06-20T09:58:51.746972+0800 - INFO - q
2025-06-20T09:58:51.751543+0800 - INFO - 已释放技能列表: ['q']
2025-06-20T09:58:51.752038+0800 - INFO - 第一排技能 - 检查技能: q
2025-06-20T09:58:51.753032+0800 - INFO - 弓箭手-奇美拉 找到可用技能: q
2025-06-20T09:58:51.753530+0800 - INFO - q
2025-06-20T09:58:51.757682+0800 - INFO - 已释放技能列表: ['q']
2025-06-20T09:58:51.758185+0800 - INFO - 第一排技能 - 检查技能: q
2025-06-20T09:58:51.759247+0800 - INFO - 弓箭手-奇美拉 找到可用技能: q
2025-06-20T09:58:51.759247+0800 - INFO - q
2025-06-20T09:58:51.763769+0800 - INFO - 已释放技能列表: ['q']
2025-06-20T09:58:51.763769+0800 - INFO - 第一排技能 - 检查技能: q
2025-06-20T09:58:51.765371+0800 - INFO - 弓箭手-奇美拉 找到可用技能: q
2025-06-20T09:58:51.765898+0800 - INFO - q
2025-06-20T09:58:51.770940+0800 - INFO - 已释放技能列表: ['q']
2025-06-20T09:58:51.770940+0800 - INFO - 第一排技能 - 检查技能: q
2025-06-20T09:58:51.772000+0800 - INFO - 弓箭手-奇美拉 找到可用技能: q
2025-06-20T09:58:51.772504+0800 - INFO - q
2025-06-20T09:58:51.775999+0800 - INFO - 已释放技能列表: ['q']
2025-06-20T09:58:51.776497+0800 - INFO - 第一排技能 - 检查技能: q
2025-06-20T09:58:51.776994+0800 - INFO - 弓箭手-奇美拉 找到可用技能: q
2025-06-20T09:58:51.776994+0800 - INFO - q
2025-06-20T09:58:51.780135+0800 - INFO - 已释放技能列表: ['q']
2025-06-20T09:58:51.781122+0800 - INFO - 第一排技能 - 检查技能: q
2025-06-20T09:58:51.781621+0800 - INFO - 弓箭手-奇美拉 找到可用技能: q
2025-06-20T09:58:51.782125+0800 - INFO - q
2025-06-20T09:58:51.786708+0800 - INFO - 已释放技能列表: ['q']
2025-06-20T09:58:51.787207+0800 - INFO - 第一排技能 - 检查技能: q
2025-06-20T09:58:51.787706+0800 - INFO - 弓箭手-奇美拉 找到可用技能: q
2025-06-20T09:58:51.788208+0800 - INFO - q
2025-06-20T09:58:51.791785+0800 - INFO - 已释放技能列表: ['q']
2025-06-20T09:58:51.791785+0800 - INFO - 第一排技能 - 检查技能: q
2025-06-20T09:58:51.792785+0800 - INFO - 弓箭手-奇美拉 找到可用技能: q
2025-06-20T09:58:51.792785+0800 - INFO - q
2025-06-20T09:58:51.797410+0800 - INFO - 已释放技能列表: ['q']
2025-06-20T09:58:51.797410+0800 - INFO - 第一排技能 - 检查技能: q
2025-06-20T09:58:51.798419+0800 - INFO - 弓箭手-奇美拉 找到可用技能: q
2025-06-20T09:58:51.799471+0800 - INFO - q
2025-06-20T09:58:51.803182+0800 - INFO - 已释放技能列表: ['q']
2025-06-20T09:58:51.803681+0800 - INFO - 第一排技能 - 检查技能: q
2025-06-20T09:58:51.804180+0800 - INFO - 弓箭手-奇美拉 找到可用技能: q
2025-06-20T09:58:51.804680+0800 - INFO - q
2025-06-20T09:58:51.809835+0800 - INFO - 已释放技能列表: ['q']
2025-06-20T09:58:51.810334+0800 - INFO - 第一排技能 - 检查技能: q
2025-06-20T09:58:51.810834+0800 - INFO - 弓箭手-奇美拉 找到可用技能: q
2025-06-20T09:58:51.811334+0800 - INFO - q
2025-06-20T09:58:51.815832+0800 - INFO - 已释放技能列表: ['q']
2025-06-20T09:58:51.815832+0800 - INFO - 第一排技能 - 检查技能: q
2025-06-20T09:58:51.816861+0800 - INFO - 弓箭手-奇美拉 找到可用技能: q
2025-06-20T09:58:51.817356+0800 - INFO - q
2025-06-20T09:58:51.821987+0800 - INFO - 已释放技能列表: ['q']
2025-06-20T09:58:51.821987+0800 - INFO - 第一排技能 - 检查技能: q
2025-06-20T09:58:51.822994+0800 - INFO - 弓箭手-奇美拉 找到可用技能: q
2025-06-20T09:58:51.824038+0800 - INFO - q
2025-06-20T09:58:51.828142+0800 - INFO - 已释放技能列表: ['q']
2025-06-20T09:58:51.828142+0800 - INFO - 第一排技能 - 检查技能: q
2025-06-20T09:58:51.829673+0800 - INFO - 弓箭手-奇美拉 找到可用技能: q
2025-06-20T09:58:51.830171+0800 - INFO - q
2025-06-20T09:58:51.833728+0800 - INFO - 已释放技能列表: ['q']
2025-06-20T09:58:51.834227+0800 - INFO - 第一排技能 - 检查技能: q
2025-06-20T09:58:51.835225+0800 - INFO - 弓箭手-奇美拉 找到可用技能: q
2025-06-20T09:58:51.835724+0800 - INFO - q
2025-06-20T09:58:51.840350+0800 - INFO - 已释放技能列表: ['q']
2025-06-20T09:58:51.840350+0800 - INFO - 第一排技能 - 检查技能: q
2025-06-20T09:58:51.841895+0800 - INFO - 弓箭手-奇美拉 找到可用技能: q
2025-06-20T09:58:51.841895+0800 - INFO - q
2025-06-20T09:58:51.845937+0800 - INFO - 已释放技能列表: ['q']
2025-06-20T09:58:51.846941+0800 - INFO - 第一排技能 - 检查技能: q
2025-06-20T09:58:51.847976+0800 - INFO - 弓箭手-奇美拉 找到可用技能: q
2025-06-20T09:58:51.847976+0800 - INFO - q
2025-06-20T09:58:51.853030+0800 - INFO - 已释放技能列表: ['q']
2025-06-20T09:58:51.853531+0800 - INFO - 第一排技能 - 检查技能: q
2025-06-20T09:58:51.855076+0800 - INFO - 弓箭手-奇美拉 找到可用技能: q
2025-06-20T09:58:51.855076+0800 - INFO - q
2025-06-20T09:58:51.859611+0800 - INFO - 已释放技能列表: ['q']
2025-06-20T09:58:51.860759+0800 - INFO - 第一排技能 - 检查技能: q
2025-06-20T09:58:51.861761+0800 - INFO - 弓箭手-奇美拉 找到可用技能: q
2025-06-20T09:58:51.862260+0800 - INFO - q
2025-06-20T09:58:51.868319+0800 - INFO - 已释放技能列表: ['q']
2025-06-20T09:58:51.869324+0800 - INFO - 第一排技能 - 检查技能: q
2025-06-20T09:58:51.870367+0800 - INFO - 弓箭手-奇美拉 找到可用技能: q
2025-06-20T09:58:51.870865+0800 - INFO - q
2025-06-20T09:58:51.875934+0800 - INFO - 已释放技能列表: ['q']
2025-06-20T09:58:51.876436+0800 - INFO - 第一排技能 - 检查技能: q
2025-06-20T09:58:51.877436+0800 - INFO - 弓箭手-奇美拉 找到可用技能: q
2025-06-20T09:58:51.877933+0800 - INFO - q
2025-06-20T09:58:51.883666+0800 - INFO - 已释放技能列表: ['q']
2025-06-20T09:58:51.884166+0800 - INFO - 第一排技能 - 检查技能: q
2025-06-20T09:58:51.884664+0800 - INFO - 弓箭手-奇美拉 找到可用技能: q
2025-06-20T09:58:51.885668+0800 - INFO - q
2025-06-20T09:58:51.890308+0800 - INFO - 已释放技能列表: ['q']
2025-06-20T09:58:51.890808+0800 - INFO - 第一排技能 - 检查技能: q
2025-06-20T09:58:51.892311+0800 - INFO - 弓箭手-奇美拉 找到可用技能: q
2025-06-20T09:58:51.892376+0800 - INFO - q
2025-06-20T09:58:51.896972+0800 - INFO - 已释放技能列表: ['q']
2025-06-20T09:58:51.897470+0800 - INFO - 第一排技能 - 检查技能: q
2025-06-20T09:58:51.898469+0800 - INFO - 弓箭手-奇美拉 找到可用技能: q
2025-06-20T09:58:51.898469+0800 - INFO - q
2025-06-20T09:58:51.902568+0800 - INFO - 已释放技能列表: ['q']
2025-06-20T09:58:51.902568+0800 - INFO - 第一排技能 - 检查技能: q
2025-06-20T09:58:51.904065+0800 - INFO - 弓箭手-奇美拉 找到可用技能: q
2025-06-20T09:58:51.904065+0800 - INFO - q
2025-06-20T09:58:51.909212+0800 - INFO - 已释放技能列表: ['q']
2025-06-20T09:58:51.909212+0800 - INFO - 第一排技能 - 检查技能: q
2025-06-20T09:58:51.910214+0800 - INFO - 弓箭手-奇美拉 找到可用技能: q
2025-06-20T09:58:51.910717+0800 - INFO - q
2025-06-20T09:58:51.915207+0800 - INFO - 已释放技能列表: ['q']
2025-06-20T09:58:51.915706+0800 - INFO - 第一排技能 - 检查技能: q
2025-06-20T09:58:51.916206+0800 - INFO - 弓箭手-奇美拉 找到可用技能: q
2025-06-20T09:58:51.916708+0800 - INFO - q
2025-06-20T09:58:51.921325+0800 - INFO - 已释放技能列表: ['q']
2025-06-20T09:58:51.921325+0800 - INFO - 第一排技能 - 检查技能: q
2025-06-20T09:58:51.922901+0800 - INFO - 弓箭手-奇美拉 找到可用技能: q
2025-06-20T09:58:51.922901+0800 - INFO - q
2025-06-20T09:58:51.928513+0800 - INFO - 已释放技能列表: ['q']
2025-06-20T09:58:51.929564+0800 - INFO - 第一排技能 - 检查技能: q
2025-06-20T09:58:51.930111+0800 - INFO - 弓箭手-奇美拉 找到可用技能: q
2025-06-20T09:58:51.930610+0800 - INFO - q
2025-06-20T09:58:51.936177+0800 - INFO - 已释放技能列表: ['q']
2025-06-20T09:58:51.936677+0800 - INFO - 第一排技能 - 检查技能: q
2025-06-20T09:58:51.937676+0800 - INFO - 弓箭手-奇美拉 找到可用技能: q
2025-06-20T09:58:51.937676+0800 - INFO - q
2025-06-20T09:58:51.942231+0800 - INFO - 已释放技能列表: ['q']
2025-06-20T09:58:51.942231+0800 - INFO - 第一排技能 - 检查技能: q
2025-06-20T09:58:51.943305+0800 - INFO - 弓箭手-奇美拉 找到可用技能: q
2025-06-20T09:58:51.943808+0800 - INFO - q
2025-06-20T09:58:51.948914+0800 - INFO - 已释放技能列表: ['q']
2025-06-20T09:58:51.948914+0800 - INFO - 第一排技能 - 检查技能: q
2025-06-20T09:58:51.949982+0800 - INFO - 弓箭手-奇美拉 找到可用技能: q
2025-06-20T09:58:51.950480+0800 - INFO - q
2025-06-20T09:58:51.955478+0800 - INFO - 已释放技能列表: ['q']
2025-06-20T09:58:51.955978+0800 - INFO - 第一排技能 - 检查技能: q
2025-06-20T09:58:51.956975+0800 - INFO - 弓箭手-奇美拉 找到可用技能: q
2025-06-20T09:58:51.957474+0800 - INFO - q
2025-06-20T09:58:51.962029+0800 - INFO - 已释放技能列表: ['q']
2025-06-20T09:58:51.962528+0800 - INFO - 第一排技能 - 检查技能: q
2025-06-20T09:58:51.963031+0800 - INFO - 弓箭手-奇美拉 找到可用技能: q
2025-06-20T09:58:51.963031+0800 - INFO - q
2025-06-20T09:58:51.967616+0800 - INFO - 已释放技能列表: ['q']
2025-06-20T09:58:51.969177+0800 - INFO - 第一排技能 - 检查技能: q
2025-06-20T09:58:51.970203+0800 - INFO - 弓箭手-奇美拉 找到可用技能: q
2025-06-20T09:58:51.970203+0800 - INFO - q
2025-06-20T09:58:51.974244+0800 - INFO - 已释放技能列表: ['q']
2025-06-20T09:58:51.974743+0800 - INFO - 第一排技能 - 检查技能: q
2025-06-20T09:58:51.975242+0800 - INFO - 弓箭手-奇美拉 找到可用技能: q
2025-06-20T09:58:51.975746+0800 - INFO - q
2025-06-20T09:58:51.979240+0800 - INFO - 已释放技能列表: ['q']
2025-06-20T09:58:51.979768+0800 - INFO - 第一排技能 - 检查技能: q
2025-06-20T09:58:51.980766+0800 - INFO - 弓箭手-奇美拉 找到可用技能: q
2025-06-20T09:58:51.981265+0800 - INFO - q
2025-06-20T09:58:51.985985+0800 - INFO - 已释放技能列表: ['q']
2025-06-20T09:58:51.986484+0800 - INFO - 第一排技能 - 检查技能: q
2025-06-20T09:58:51.987481+0800 - INFO - 弓箭手-奇美拉 找到可用技能: q
2025-06-20T09:58:51.987982+0800 - INFO - q
2025-06-20T09:58:51.991518+0800 - INFO - 已释放技能列表: ['q']
2025-06-20T09:58:51.992018+0800 - INFO - 第一排技能 - 检查技能: q
2025-06-20T09:58:51.993018+0800 - INFO - 弓箭手-奇美拉 找到可用技能: q
2025-06-20T09:58:51.993018+0800 - INFO - q
2025-06-20T09:58:51.997224+0800 - INFO - 已释放技能列表: ['q']
2025-06-20T09:58:51.997723+0800 - INFO - 第一排技能 - 检查技能: q
2025-06-20T09:58:51.999225+0800 - INFO - 弓箭手-奇美拉 找到可用技能: q
2025-06-20T09:58:51.999225+0800 - INFO - q
2025-06-20T09:58:52.005256+0800 - INFO - 已释放技能列表: ['q']
2025-06-20T09:58:52.005755+0800 - INFO - 第一排技能 - 检查技能: q
2025-06-20T09:58:52.006751+0800 - INFO - 弓箭手-奇美拉 找到可用技能: q
2025-06-20T09:58:52.007251+0800 - INFO - q
2025-06-20T09:58:52.010306+0800 - INFO - 已释放技能列表: ['q']
2025-06-20T09:58:52.011181+0800 - INFO - 第一排技能 - 检查技能: q
2025-06-20T09:58:52.012178+0800 - INFO - 弓箭手-奇美拉 找到可用技能: q
2025-06-20T09:58:52.012677+0800 - INFO - q
2025-06-20T09:58:52.016670+0800 - INFO - 已释放技能列表: ['q']
2025-06-20T09:58:52.017170+0800 - INFO - 第一排技能 - 检查技能: q
2025-06-20T09:58:52.018173+0800 - INFO - 弓箭手-奇美拉 找到可用技能: q
2025-06-20T09:58:52.018173+0800 - INFO - q
2025-06-20T09:58:52.021743+0800 - INFO - 已释放技能列表: ['q']
2025-06-20T09:58:52.022746+0800 - INFO - 第一排技能 - 检查技能: q
2025-06-20T09:58:52.023285+0800 - INFO - 弓箭手-奇美拉 找到可用技能: q
2025-06-20T09:58:52.023783+0800 - INFO - q
2025-06-20T09:58:52.028352+0800 - INFO - 已释放技能列表: ['q']
2025-06-20T09:58:52.029358+0800 - INFO - 第一排技能 - 检查技能: q
2025-06-20T09:58:52.029888+0800 - INFO - 弓箭手-奇美拉 找到可用技能: q
2025-06-20T09:58:52.030413+0800 - INFO - q
2025-06-20T09:58:52.034913+0800 - INFO - 已释放技能列表: ['q']
2025-06-20T09:58:52.035455+0800 - INFO - 第一排技能 - 检查技能: q
2025-06-20T09:58:52.036457+0800 - INFO - 弓箭手-奇美拉 找到可用技能: q
2025-06-20T09:58:52.036957+0800 - INFO - q
2025-06-20T09:58:52.041012+0800 - INFO - 已释放技能列表: ['q']
2025-06-20T09:58:52.041012+0800 - INFO - 第一排技能 - 检查技能: q
2025-06-20T09:58:52.042020+0800 - INFO - 弓箭手-奇美拉 找到可用技能: q
2025-06-20T09:58:52.042521+0800 - INFO - q
2025-06-20T09:58:52.046596+0800 - INFO - 已释放技能列表: ['q']
2025-06-20T09:58:52.046596+0800 - INFO - 第一排技能 - 检查技能: q
2025-06-20T09:58:52.047594+0800 - INFO - 弓箭手-奇美拉 找到可用技能: q
2025-06-20T09:58:52.048093+0800 - INFO - q
2025-06-20T09:58:52.052362+0800 - INFO - 已释放技能列表: ['q']
2025-06-20T09:58:52.052861+0800 - INFO - 第一排技能 - 检查技能: q
2025-06-20T09:58:52.053361+0800 - INFO - 弓箭手-奇美拉 找到可用技能: q
2025-06-20T09:58:52.053361+0800 - INFO - q
2025-06-20T09:58:52.058407+0800 - INFO - 已释放技能列表: ['q']
2025-06-20T09:58:52.058407+0800 - INFO - 第一排技能 - 检查技能: q
2025-06-20T09:58:52.059416+0800 - INFO - 弓箭手-奇美拉 找到可用技能: q
2025-06-20T09:58:52.059416+0800 - INFO - q
2025-06-20T09:58:52.064436+0800 - INFO - 已释放技能列表: ['q']
2025-06-20T09:58:52.064934+0800 - INFO - 第一排技能 - 检查技能: q
2025-06-20T09:58:52.064934+0800 - INFO - 弓箭手-奇美拉 找到可用技能: q
2025-06-20T09:58:52.065942+0800 - INFO - q
2025-06-20T09:58:52.069473+0800 - INFO - 已释放技能列表: ['q']
2025-06-20T09:58:52.069473+0800 - INFO - 第一排技能 - 检查技能: q
2025-06-20T09:58:52.071061+0800 - INFO - 弓箭手-奇美拉 找到可用技能: q
2025-06-20T09:58:52.071061+0800 - INFO - q
2025-06-20T09:58:52.075100+0800 - INFO - 已释放技能列表: ['q']
2025-06-20T09:58:52.075600+0800 - INFO - 第一排技能 - 检查技能: q
2025-06-20T09:58:52.076598+0800 - INFO - 弓箭手-奇美拉 找到可用技能: q
2025-06-20T09:58:52.076598+0800 - INFO - q
2025-06-20T09:58:52.081131+0800 - INFO - 已释放技能列表: ['q']
2025-06-20T09:58:52.081634+0800 - INFO - 第一排技能 - 检查技能: q
2025-06-20T09:58:52.082133+0800 - INFO - 弓箭手-奇美拉 找到可用技能: q
2025-06-20T09:58:52.082631+0800 - INFO - q
2025-06-20T09:58:52.086132+0800 - INFO - 已释放技能列表: ['q']
2025-06-20T09:58:52.086751+0800 - INFO - 第一排技能 - 检查技能: q
2025-06-20T09:58:52.087754+0800 - INFO - 弓箭手-奇美拉 找到可用技能: q
2025-06-20T09:58:52.087754+0800 - INFO - q
2025-06-20T09:58:52.092871+0800 - INFO - 已释放技能列表: ['q']
2025-06-20T09:58:52.093371+0800 - INFO - 第一排技能 - 检查技能: q
2025-06-20T09:58:52.093869+0800 - INFO - 弓箭手-奇美拉 找到可用技能: q
2025-06-20T09:58:52.094369+0800 - INFO - q
2025-06-20T09:58:52.099439+0800 - INFO - 已释放技能列表: ['q']
2025-06-20T09:58:52.099982+0800 - INFO - 第一排技能 - 检查技能: q
2025-06-20T09:58:52.100482+0800 - INFO - 弓箭手-奇美拉 找到可用技能: q
2025-06-20T09:58:52.100983+0800 - INFO - q
2025-06-20T09:58:52.105974+0800 - INFO - 已释放技能列表: ['q']
2025-06-20T09:58:52.105974+0800 - INFO - 第一排技能 - 检查技能: q
2025-06-20T09:58:52.107039+0800 - INFO - 弓箭手-奇美拉 找到可用技能: q
2025-06-20T09:58:52.107545+0800 - INFO - q
2025-06-20T09:58:52.112184+0800 - INFO - 已释放技能列表: ['q']
2025-06-20T09:58:52.112683+0800 - INFO - 第一排技能 - 检查技能: q
2025-06-20T09:58:52.113182+0800 - INFO - 弓箭手-奇美拉 找到可用技能: q
2025-06-20T09:58:52.113681+0800 - INFO - q
2025-06-20T09:58:52.117674+0800 - INFO - 已释放技能列表: ['q']
2025-06-20T09:58:52.118181+0800 - INFO - 第一排技能 - 检查技能: q
2025-06-20T09:58:52.119186+0800 - INFO - 弓箭手-奇美拉 找到可用技能: q
2025-06-20T09:58:52.119716+0800 - INFO - q
2025-06-20T09:58:52.123831+0800 - INFO - 已释放技能列表: ['q']
2025-06-20T09:58:52.123831+0800 - INFO - 第一排技能 - 检查技能: q
2025-06-20T09:58:52.125377+0800 - INFO - 弓箭手-奇美拉 找到可用技能: q
2025-06-20T09:58:52.125377+0800 - INFO - q
2025-06-20T09:58:52.130025+0800 - INFO - 已释放技能列表: ['q']
2025-06-20T09:58:52.130524+0800 - INFO - 第一排技能 - 检查技能: q
2025-06-20T09:58:52.130524+0800 - INFO - 弓箭手-奇美拉 找到可用技能: q
2025-06-20T09:58:52.131528+0800 - INFO - q
2025-06-20T09:58:52.136046+0800 - INFO - 已释放技能列表: ['q']
2025-06-20T09:58:52.137051+0800 - INFO - 第一排技能 - 检查技能: q
